row_index,examiner_slug,examiner_raw,tier,href,target_file,target_anchor,canonical_question_id,file_exists,anchor_exists,resolves_to_live_question,display_text,live_question_text,text_similarity,status,duplicate_pair
0,nair,Nair,confirmed,/meoclass1/QB1_A.html#q1,QB1_A.html,q1,QB1_A#q1,True,True,True,P&I Club — What is Protection & Indemnity? How does it differ from other marine insurance?,P&I Club — What is Protection & Indemnity? How does it differ from other marine insurance?,1.0,OK,False
1,nair,Nair,confirmed,/meoclass1/QB1_A.html#q6,QB1_A.html,q6,QB1_A#q6,True,True,True,HNS Convention — For whom does it apply? Is it in force? What is the HNS Protocol and HNS Fund?,HNS Convention — For whom does it apply? Is it in force? What is the HNS Protocol and HNS Fund?,1.0,OK,False
2,nair,Nair,confirmed,/meoclass1/QB1_A.html#q11,QB1_A.html,q11,QB1_A#q11,True,True,True,Salvage and SCOPIC — Different types of salvage. What is SCOPIC?,Salvage and SCOPIC — Different types of salvage. What is SCOPIC?,1.0,OK,False
3,nair,Nair,confirmed,/meoclass1/QB1_A.html#q14,QB1_A.html,q14,QB1_A#q14,True,True,True,OPRC Convention — Full form and explanation.,OPRC Convention — Full form and explanation.,1.0,OK,False
4,nair,Nair,confirmed,/meoclass1/QB1_A.html#q19,QB1_A.html,q19,QB1_A#q19,True,True,True,UNCLOS — Under which provision does your ship sail? EEZ and Continental Shelf explained.,UNCLOS — Under which provision does your ship sail? EEZ and Continental Shelf explained.,1.0,OK,False
5,nair,Nair,confirmed,/meoclass1/QB1_A.html#q24,QB1_A.html,q24,QB1_A#q24,True,True,True,Casualty Investigation Code — Why? How to report? Human elements to consider.,Casualty Investigation Code — Why? How to report? Human elements to consider.,1.0,OK,False
6,nair,Nair,confirmed,/meoclass1/QB1_A.html#q25,QB1_A.html,q25,QB1_A#q25,True,True,True,Fair Treatment of Seafarers — Where is it mentioned?,Fair Treatment of Seafarers — Where is it mentioned?,1.0,OK,False
7,nair,Nair,confirmed,/meoclass1/QB1_A.html#q27,QB1_A.html,q27,QB1_A#q27,True,True,True,Hague-Visby Rules — Explain.,Hague-Visby Rules — Explain.,1.0,OK,False
8,nair,Nair,confirmed,/meoclass1/QB1_B.html#q2,QB1_B.html,q2,QB1_B#q2,True,True,True,"What is the purpose of the P&A (Procedures and Arrangements) Manual, and who issues it?","What is the purpose of the P&A (Procedures and Arrangements) Manual, and who issues it?",1.0,OK,False
9,nair,Nair,confirmed,/meoclass1/QB1_B.html#q3,QB1_B.html,q3,QB1_B#q3,True,True,True,"Give an overview of Admiralty Law as it applies to a ship — cover Maritime Lien, Tort, and Statutory Liability","Give an overview of Admiralty Law as it applies to a ship — cover Maritime Lien, Tort, and Statutory Liability",1.0,OK,False
10,nair,Nair,confirmed,/meoclass1/QB1_B.html#q13,QB1_B.html,q13,QB1_B#q13,True,True,True,"What is marine insurance, and how does P&I Club cover differ from other forms of insurance?","What is marine insurance, and how does P&I Club cover differ from other forms of insurance?",1.0,OK,False
11,nair,Nair,confirmed,/meoclass1/QB1_B.html#q17,QB1_B.html,q17,QB1_B#q17,True,True,True,"What type of charter party governs your vessel, and how does the shipowner represent the ship to maximise charter opportunities?","What type of charter party governs your vessel, and how does the shipowner represent the ship to maximise charter opportunities?",1.0,OK,False
12,nair,Nair,confirmed,/meoclass1/QB1_C.html#q5,QB1_C.html,q5,QB1_C#q5,True,True,True,Electronic inclinometers — SOLAS mandate?,Electronic inclinometers — SOLAS mandate?,1.0,OK,False
13,nair,Nair,confirmed,/meoclass1/QB1_C.html#q7,QB1_C.html,q7,QB1_C#q7,True,True,True,Structural damage — assessment and reporting?,Structural damage — assessment and reporting?,1.0,OK,False
14,nair,Nair,confirmed,/meoclass1/QB1_F.html#q1,QB1_F.html,q1,QB1_F#q1,True,True,True,Any incident on your ship,Any incident on your ship,1.0,OK,False
15,nair,Nair,confirmed,/meoclass1/QB1_F.html#q2,QB1_F.html,q2,QB1_F#q2,True,True,True,All marpol related documents on your type of vessel,All marpol related documents on your type of vessel,1.0,OK,False
16,nair,Nair,confirmed,/meoclass1/QB1_F.html#q5,QB1_F.html,q5,QB1_F#q5,True,True,True,New technologies related to container ship and engine room machineries,New technologies related to container ship and engine room machineries,1.0,OK,False
17,nair,Nair,confirmed,/meoclass1/QB1_F.html#q7,QB1_F.html,q7,QB1_F#q7,True,True,True,Documents related to survey (for CE),Documents related to survey (for CE),1.0,OK,False
18,nair,Nair,confirmed,/meoclass1/QB1_F.html#q8,QB1_F.html,q8,QB1_F#q8,True,True,True,Hull survey,Hull survey,1.0,OK,False
19,nair,Nair,confirmed,/meoclass1/QB1_F.html#q9,QB1_F.html,q9,QB1_F#q9,True,True,True,"As CE, how will you reduce fuel consumption? Told him many points but he what something related to","As CE, how will you reduce fuel consumption? Told him many points but he what something related to",1.0,OK,False
20,nair,Nair,confirmed,/meoclass1/QB1_F.html#q10,QB1_F.html,q10,QB1_F#q10,True,True,True,"Prior to entering war risk area, vsl conducts a security drill. How will you evaluate the drill?","Prior to entering war risk area, vsl conducts a security drill. How will you evaluate the drill?",1.0,OK,False
21,nair,Nair,confirmed,/meoclass1/QB1_F.html#q11,QB1_F.html,q11,QB1_F#q11,True,True,True,Sea farer abodment lot of questions,Sea farer abodment lot of questions,1.0,OK,False
22,nair,Nair,confirmed,/meoclass1/QB1_F.html#q12,QB1_F.html,q12,QB1_F#q12,True,True,True,seafarer ms act welfare requirement,seafarer ms act welfare requirement,1.0,OK,False
23,nair,Nair,confirmed,/meoclass1/QB1_F.html#q17,QB1_F.html,q17,QB1_F#q17,True,True,True,"You're allotted a ship to join, how do you identify it is safe. (Refer to SEA)","You're allotted a ship to join, how do you identify it is safe. (Refer to SEA)",1.0,OK,False
24,nair,Nair,confirmed,/meoclass1/QB1_F.html#q18,QB1_F.html,q18,QB1_F#q18,True,True,True,Multimodal Act? Same advantages and disadvantages for ship owner / charterer,Multimodal Act? Same advantages and disadvantages for ship owner / charterer,1.0,OK,False
25,nair,Nair,confirmed,/meoclass1/QB1_G.html#q25,QB1_G.html,q25,QB1_G#q25,True,True,True,Latest amendment in STCW,Latest amendment in STCW,1.0,OK,False
26,nair,Nair,confirmed,/meoclass1/QB1_G.html#q26,QB1_G.html,q26,QB1_G#q26,True,True,True,High voltage course done? - how vacuum breaker earthing is different.,High voltage course done? - how vacuum breaker earthing is different.,1.0,OK,False
27,nair,Nair,confirmed,/meoclass1/QB1_G.html#q30,QB1_G.html,q30,QB1_G#q30,True,True,True,⁠Esp complete,⁠Esp complete,1.0,OK,False
28,nair,Nair,confirmed,/meoclass1/QB1_G.html#q33,QB1_G.html,q33,QB1_G#q33,True,True,True,Chemical tanker construction difference for each type,Chemical tanker construction difference for each type,1.0,OK,False
29,nair,Nair,confirmed,/meoclass1/QB1_G.html#q34,QB1_G.html,q34,QB1_G#q34,True,True,True,Certificate of fitness details and content,Certificate of fitness details and content,1.0,OK,False
30,nair,Nair,confirmed,/meoclass1/QB1_G.html#q40,QB1_G.html,q40,QB1_G#q40,True,True,True,"CSM (Condition Survey Method) survey — explain the concept, when it applies, and what is assessed.","CSM (Condition Survey Method) survey — explain the concept, when it applies, and what is assessed.",1.0,OK,False
31,nair,Nair,confirmed,/meoclass1/QB1_H.html#q1,QB1_H.html,q1,QB1_H#q1,True,True,True,What is IACS Procedural Requirement (PR) 17 and when does it apply?,What is IACS Procedural Requirement (PR) 17 and when does it apply?,1.0,OK,False
32,nair,Nair,confirmed,/meoclass1/QB1_H.html#q2,QB1_H.html,q2,QB1_H#q2,True,True,True,What is IACS Procedural Requirement (PR) 9 and how does it standardise ISM Code certification?,What is IACS Procedural Requirement (PR) 9 and how does it standardise ISM Code certification?,1.0,OK,False
33,nair,Nair,confirmed,/meoclass1/QB1_I.html#q1,QB1_I.html,q1,QB1_I#q1,True,True,True,"What is the ESP Code, in full?","What is the ESP Code, in full?",1.0,OK,False
34,nair,Nair,confirmed,/meoclass1/QB1_I.html#q2,QB1_I.html,q2,QB1_I#q2,True,True,True,How will you register a second-hand ship acquisition in India?,How will you register a second-hand ship acquisition in India?,1.0,OK,False
35,nair,Nair,confirmed,/meoclass1/QB1_I.html#q5,QB1_I.html,q5,QB1_I#q5,True,True,True,Explain any renewal survey in detail as Chief Engineer.,Explain any renewal survey in detail as Chief Engineer.,1.0,OK,False
36,nair,Nair,confirmed,/meoclass1/QB1_I.html#q6,QB1_I.html,q6,QB1_I#q6,True,True,True,IACS — what are its functions?,IACS — what are its functions?,1.0,OK,False
37,nair,Nair,confirmed,/meoclass1/QB1_K.html#q4,QB1_K.html,q4,QB1_K#q4,True,True,True,"What is the recent trend in large container ship size, and why?","What is the recent trend in large container ship size, and why?",1.0,OK,False
38,nair,Nair,confirmed,/meoclass1/QB1_supplementary.html#q4,QB1_supplementary.html,q4,QB1_supplementary#q4,True,True,True,Explain the CMS (Continuous Machinery Survey) scope. What can the CE survey? What must class surveyors survey? What is NOT covered by CMS?,Explain the CMS (Continuous Machinery Survey) scope. What can the CE survey? What must class surveyors survey? What is NOT covered by CMS?,1.0,OK,False
39,nair,Nair,confirmed,/meoclass1/QB1_supplementary.html#q6,QB1_supplementary.html,q6,QB1_supplementary#q6,True,True,True,IOPP Survey preparation as Chief Engineer — complete checklist.,IOPP Survey preparation as Chief Engineer — complete checklist.,1.0,OK,False
40,nair,Nair,confirmed,/meoclass1/QB2_A.html#q4,QB2_A.html,q4,QB2_A#q4,True,True,True,"Container tracking — who tracks them, for what purpose, and what technology is used including ISO 6346.","Container tracking — who tracks them, for what purpose, and what technology is used including ISO 6346.",1.0,OK,False
41,nair,Nair,confirmed,/meoclass1/QB2_A.html#q5,QB2_A.html,q5,QB2_A#q5,True,True,True,Container lost at sea — what are all your actions as Chief Engineer?,Container lost at sea — what are all your actions as Chief Engineer?,1.0,OK,False
42,nair,Nair,confirmed,/meoclass1/QB2_A.html#q9,QB2_A.html,q9,QB2_A#q9,True,True,True,"IMDG Code — documents, certificates, marking, labelling, UN numbers, segregation codes, and latest amendments.","IMDG Code — documents, certificates, marking, labelling, UN numbers, segregation codes, and latest amendments.",1.0,OK,False
43,nair,Nair,confirmed,/meoclass1/QB2_B.html#q1,QB2_B.html,q1,QB2_B#q1,True,True,True,What documents and certificates are required when carrying IMDG cargo? Where do you find firefighting details for IMDG cargo?,What documents and certificates are required when carrying IMDG cargo? Where do you find firefighting details for IMDG cargo?,1.0,OK,False
44,nair,Nair,confirmed,/meoclass1/QB2_B.html#q2,QB2_B.html,q2,QB2_B#q2,True,True,True,"What are the requirements for a container securing arrangement, and what is a Safe Access Plan on a container ship?","What are the requirements for a container securing arrangement, and what is a Safe Access Plan on a container ship?",1.0,OK,False
45,nair,Nair,confirmed,/meoclass1/QB2_B.html#q4,QB2_B.html,q4,QB2_B#q4,True,True,True,"Give an overview of the IMDG Code — its structure, classes, and key features.","Give an overview of the IMDG Code — its structure, classes, and key features.",1.0,OK,False
46,nair,Nair,confirmed,/meoclass1/QB2_B.html#q5,QB2_B.html,q5,QB2_B#q5,True,True,True,"A container is found to be wrongly labelled and catches fire. What actions do you take, and how do you fight the fire? Reference the Wan Hai vessel fire incident off Cochin.","A container is found to be wrongly labelled and catches fire. What actions do you take, and how do you fight the fire? Reference the Wan Hai vessel fire incident off Cochin.",1.0,OK,False
47,nair,Nair,confirmed,/meoclass1/QB2_B.html#q7,QB2_B.html,q7,QB2_B#q7,True,True,True,"Explain the container shipping operational model: what is the difference between Liner, NVOCC, and VOCC, and what are the advantages/disadvantages of each?","Explain the container shipping operational model: what is the difference between Liner, NVOCC, and VOCC, and what are the advantages/disadvantages of each?",1.0,OK,False
48,nair,Nair,confirmed,/meoclass1/QB2_B.html#q8,QB2_B.html,q8,QB2_B#q8,True,True,True,"When a container fire occurs, how do you use the UN number to identify cargo-specific hazard symptoms, and how does this affect your firefighting approach?","When a container fire occurs, how do you use the UN number to identify cargo-specific hazard symptoms, and how does this affect your firefighting approach?",1.0,OK,False
49,nair,Nair,confirmed,/meoclass1/QB2_B.html#q9,QB2_B.html,q9,QB2_B#q9,True,True,True,"Explain the CSC (Container Safety Convention) inspection scheme in detail — covering the Periodic Examination Scheme (PES) and the Approved Continuous Examination Programme (ACEP), and what tests are carried out.","Explain the CSC (Container Safety Convention) inspection scheme in detail — covering the Periodic Examination Scheme (PES) and the Approved Continuous Examination Programme (ACEP), and what tests are carried out.",1.0,OK,False
50,nair,Nair,confirmed,/meoclass1/QB2_B.html#q10,QB2_B.html,q10,QB2_B#q10,True,True,True,"What are the latest SOLAS amendments regarding safety on container ships, specifically relating to portable water monitors — how many are required, on what basis is the number determined, and is a portable water monitor used for firefighting?","What are the latest SOLAS amendments regarding safety on container ships, specifically relating to portable water monitors — how many are required, on what basis is the number determined, and is a portable water monitor used for firefighting?",1.0,OK,False
51,nair,Nair,confirmed,/meoclass1/QB2_B.html#q11,QB2_B.html,q11,QB2_B#q11,True,True,True,"What is the Verified Gross Mass (VGM) of a container? What information must it contain, how do you ensure the VGM is correct, and who is responsible for declaring and deciding the container weight?","What is the Verified Gross Mass (VGM) of a container? What information must it contain, how do you ensure the VGM is correct, and who is responsible for declaring and deciding the container weight?",1.0,OK,False
52,nair,Nair,confirmed,/meoclass1/QB2_B.html#q15,QB2_B.html,q15,QB2_B#q15,True,True,True,"Give a full overview of the IMSBC Code — scope, cargo categories (A, B, C), schedule format, and key CE responsibilities.","Give a full overview of the IMSBC Code — scope, cargo categories (A, B, C), schedule format, and key CE responsibilities.",1.0,OK,False
53,nair,Nair,confirmed,/meoclass1/QB2_F.html#q1,QB2_F.html,q1,QB2_F#q1,True,True,True,What are the latest amendments governing carriage of IMDG cargo?,What are the latest amendments governing carriage of IMDG cargo?,1.0,OK,False
54,nair,Nair,confirmed,/meoclass1/QB2_F.html#q2,QB2_F.html,q2,QB2_F#q2,True,True,True,A container catches fire and the UN number shows different EmS symptoms — how do you approach and fight it?,A container catches fire and the UN number shows different EmS symptoms — how do you approach and fight it?,1.0,OK,False
55,nair,Nair,confirmed,/meoclass1/QB2_F.html#q3,QB2_F.html,q3,QB2_F#q3,True,True,True,What are the latest SOLAS Chapter II amendments and their key changes?,What are the latest SOLAS Chapter II amendments and their key changes?,1.0,OK,False
56,nair,Nair,confirmed,/meoclass1/QB2_F.html#q4,QB2_F.html,q4,QB2_F#q4,True,True,True,A fire breaks out in an undeclared dangerous goods container — how will you fight it?,A fire breaks out in an undeclared dangerous goods container — how will you fight it?,1.0,OK,False
57,nair,Nair,confirmed,/meoclass1/QB2_F.html#q5,QB2_F.html,q5,QB2_F#q5,True,True,True,"Explain the water mist lance and mobile water monitor: how to use them, on which fires, where the requirement is mentioned, and the functional requirements.","Explain the water mist lance and mobile water monitor: how to use them, on which fires, where the requirement is mentioned, and the functional requirements.",1.0,OK,False
58,nair,Nair,confirmed,/meoclass1/QB2_H.html#q1,QB2_H.html,q1,QB2_H#q1,True,True,True,What do the FSS Code and FTP Code contain?,What do the FSS Code and FTP Code contain?,1.0,OK,False
59,nair,Nair,confirmed,/meoclass1/QB3_A.html#q3,QB3_A.html,q3,QB3_A#q3,True,True,True,"What is a Ship Construction File, and what does it contain?","What is a Ship Construction File, and what does it contain?",1.0,OK,False
60,nair,Nair,confirmed,/meoclass1/QB3_A.html#q8,QB3_A.html,q8,QB3_A#q8,True,True,True,"What is a Loadicator, and what are the latest regulatory requirements/amendments concerning it?","What is a Loadicator, and what are the latest regulatory requirements/amendments concerning it?",1.0,OK,False
61,nair,Nair,confirmed,/meoclass1/QB3_A.html#q11,QB3_A.html,q11,QB3_A#q11,True,True,True,What are the steel plate renewal criteria for hull structural members?,What are the steel plate renewal criteria for hull structural members?,1.0,OK,False
62,nair,Nair,confirmed,/meoclass1/QB3_A.html#q13,QB3_A.html,q13,QB3_A#q13,True,True,True,What do you check during a ballast water tank inspection?,What do you check during a ballast water tank inspection?,1.0,OK,False
63,nair,Nair,confirmed,/meoclass1/QB3_C.html#q1,QB3_C.html,q1,QB3_C#q1,True,True,True,MARPOL Annex V latest amendments?,MARPOL Annex V latest amendments?,1.0,OK,False
64,nair,Nair,confirmed,/meoclass1/QB3_C.html#q5,QB3_C.html,q5,QB3_C#q5,True,True,True,Environmentally Sound Management (ESM) in shipping?,Environmentally Sound Management (ESM) in shipping?,1.0,OK,False
65,nair,Nair,confirmed,/meoclass1/QB3_D.html#q1,QB3_D.html,q1,QB3_D#q1,True,True,True,"Green passport (Inventory of Hazardous Materials) — what is it, what does it contain, and which convention requires it?","Green passport (Inventory of Hazardous Materials) — what is it, what does it contain, and which convention requires it?",1.0,OK,False
66,nair,Nair,confirmed,/meoclass1/QB3_F.html#q2,QB3_F.html,q2,QB3_F#q2,True,True,True,What statutory certificates are required under MARPOL Annex VI?,What statutory certificates are required under MARPOL Annex VI?,1.0,OK,False
67,nair,Nair,confirmed,/meoclass1/QB3_H.html#q6,QB3_H.html,q6,QB3_H#q6,True,True,True,MARPOL Annex II — contents and certificates required?,MARPOL Annex II — contents and certificates required?,1.0,OK,False
68,nair,Nair,confirmed,/meoclass1/QB4_A.html#q4,QB4_A.html,q4,QB4_A#q4,True,True,True,"Describe the internal audit procedure under the ISM Code. Who conducts it, what is checked, and what is the outcome?","Describe the internal audit procedure under the ISM Code. Who conducts it, what is checked, and what is the outcome?",1.0,OK,False
69,nair,Nair,confirmed,/meoclass1/QB4_A.html#q5,QB4_A.html,q5,QB4_A#q5,True,True,True,"Describe how a PSC inspection is conducted — how do officers board, what are the types and levels of inspection, and how are deficiency codes used?","Describe how a PSC inspection is conducted — how do officers board, what are the types and levels of inspection, and how are deficiency codes used?",1.0,OK,False
70,nair,Nair,confirmed,/meoclass1/QB4_A.html#q9,QB4_A.html,q9,QB4_A#q9,True,True,True,"Explain Condition of Class — what triggers it, types, and what is Suspension of Class? What is the CE's obligation?","Explain Condition of Class — what triggers it, types, and what is Suspension of Class? What is the CE's obligation?",1.0,OK,False
71,nair,Nair,confirmed,/meoclass1/QB4_A.html#q20,QB4_A.html,q20,QB4_A#q20,True,True,True,"What does SOLAS Chapter XII cover, and what are the latest amendments under MSC.520(106)?","What does SOLAS Chapter XII cover, and what are the latest amendments under MSC.520(106)?",1.0,OK,False
72,nair,Nair,confirmed,/meoclass1/QB4_B.html#q1,QB4_B.html,q1,QB4_B#q1,True,True,True,What does 'communication' mean as a human element principle in the context of ISM and shipboard safety management?,What does 'communication' mean as a human element principle in the context of ISM and shipboard safety management?,1.0,OK,False
73,nair,Nair,confirmed,/meoclass1/QB4_B.html#q3,QB4_B.html,q3,QB4_B#q3,True,True,True,"As per the Safety Management System, how is planned maintenance carried out onboard? What does the SMS require?","As per the Safety Management System, how is planned maintenance carried out onboard? What does the SMS require?",1.0,OK,False
74,nair,Nair,confirmed,/meoclass1/QB4_B.html#q13,QB4_B.html,q13,QB4_B#q13,True,True,True,What are the STCW training requirements for Junior Engineers (ratings and junior officer level) onboard?,What are the STCW training requirements for Junior Engineers (ratings and junior officer level) onboard?,1.0,OK,False
75,nair,Nair,confirmed,/meoclass1/QB4_B.html#q15,QB4_B.html,q15,QB4_B#q15,True,True,True,"Which ISPS security level do you apply when transiting the Persian Gulf area, and why? What are your responsibilities as CE at that level?","Which ISPS security level do you apply when transiting the Persian Gulf area, and why? What are your responsibilities as CE at that level?",1.0,OK,False
76,nair,Nair,confirmed,/meoclass1/QB4_B.html#q17,QB4_B.html,q17,QB4_B#q17,True,True,True,What actions and precautions do you take as Chief Engineer when sailing through a war risk area (e.g. Persian Gulf)?,What actions and precautions do you take as Chief Engineer when sailing through a war risk area (e.g. Persian Gulf)?,1.0,OK,False
77,nair,Nair,confirmed,/meoclass1/QB4_B.html#q18,QB4_B.html,q18,QB4_B#q18,True,True,True,"Your ship is stranded in the Persian Gulf / Strait of Hormuz due to active conflict. As Chief Engineer, how do you motivate and manage the crew?","Your ship is stranded in the Persian Gulf / Strait of Hormuz due to active conflict. As Chief Engineer, how do you motivate and manage the crew?",1.0,OK,False
78,nair,Nair,confirmed,/meoclass1/QB4_C.html#q1,QB4_C.html,q1,QB4_C#q1,True,True,True,Bunker shortage — CE step-by-step actions?,Bunker shortage — CE step-by-step actions?,1.0,OK,False
79,nair,Nair,confirmed,/meoclass1/QB4_C.html#q2,QB4_C.html,q2,QB4_C#q2,True,True,True,Internal ISM audit — how to conduct step by step?,Internal ISM audit — how to conduct step by step?,1.0,OK,False
80,nair,Nair,confirmed,/meoclass1/QB4_C.html#q3,QB4_C.html,q3,QB4_C#q3,True,True,True,SOLAS Chapter XI — what does it cover?,SOLAS Chapter XI — what does it cover?,1.0,OK,False
81,nair,Nair,confirmed,/meoclass1/QB4_C.html#q4,QB4_C.html,q4,QB4_C#q4,True,True,True,CSR and E-CSR — contents?,CSR and E-CSR — contents?,1.0,OK,False
82,nair,Nair,confirmed,/meoclass1/QB4_C.html#q8,QB4_C.html,q8,QB4_C#q8,True,True,True,Maintenance under the ISM Code?,Maintenance under the ISM Code?,1.0,OK,False
83,nair,Nair,confirmed,/meoclass1/QB4_C.html#q9,QB4_C.html,q9,QB4_C#q9,True,True,True,Emergency drills — ISM and SOLAS?,Emergency drills — ISM and SOLAS?,1.0,OK,False
84,nair,Nair,confirmed,/meoclass1/QB4_C.html#q11,QB4_C.html,q11,QB4_C#q11,True,True,True,PSC deficiency action codes?,PSC deficiency action codes?,1.0,OK,False
85,nair,Nair,confirmed,/meoclass1/QB4_C.html#q14,QB4_C.html,q14,QB4_C#q14,True,True,True,"INTERTANKO, OCIMF and ISGOTT?","INTERTANKO, OCIMF and ISGOTT?",1.0,OK,False
86,nair,Nair,confirmed,/meoclass1/QB4_C.html#q15,QB4_C.html,q15,QB4_C#q15,True,True,True,RO Code?,RO Code?,1.0,OK,False
87,nair,Nair,confirmed,/meoclass1/QB4_C.html#q17,QB4_C.html,q17,QB4_C#q17,True,True,True,GBS — Goal Based Standards?,GBS — Goal Based Standards?,1.0,OK,False
88,nair,Nair,confirmed,/meoclass1/QB4_D.html#q1,QB4_D.html,q1,QB4_D#q1,True,True,True,MS Act 2025 — why was it enacted? What are the key differences from the Merchant Shipping Act 1958?,MS Act 2025 — why was it enacted? What are the key differences from the Merchant Shipping Act 1958?,1.0,OK,False
89,nair,Nair,confirmed,/meoclass1/QB4_D.html#q2,QB4_D.html,q2,QB4_D#q2,True,True,True,"Types of ship layup — explain cold layup, warm layup, and hot layup. Key differences and CE actions.","Types of ship layup — explain cold layup, warm layup, and hot layup. Key differences and CE actions.",1.0,OK,False
90,nair,Nair,confirmed,/meoclass1/QB4_D.html#q3,QB4_D.html,q3,QB4_D#q3,True,True,True,"Taking over a vessel in cold layup — as CE, how will you proceed? Step by step.","Taking over a vessel in cold layup — as CE, how will you proceed? Step by step.",1.0,OK,False
91,nair,Nair,confirmed,/meoclass1/QB4_E.html#q11,QB4_E.html,q11,QB4_E#q11,True,True,True,Class notations of your vessel — list and explain each notation.,Class notations of your vessel — list and explain each notation.,1.0,OK,False
92,nair,Nair,confirmed,/meoclass1/QB4_G.html#q2,QB4_G.html,q2,QB4_G#q2,True,True,True,Isps and ssp contents,Isps and ssp contents,1.0,OK,False
93,nair,Nair,confirmed,/meoclass1/QB4_G.html#q4,QB4_G.html,q4,QB4_G#q4,True,True,True,"During dry dock, how will you calculate manpower requirement for the job list?","During dry dock, how will you calculate manpower requirement for the job list?",1.0,OK,False
94,nair,Nair,confirmed,/meoclass1/QB4_G.html#q5,QB4_G.html,q5,QB4_G#q5,True,True,True,Dry dock preparation as CE — steps and documents. What is the dry dock interval?,Dry dock preparation as CE — steps and documents. What is the dry dock interval?,1.0,OK,False
95,nair,Nair,confirmed,/meoclass1/QB4_G.html#q6,QB4_G.html,q6,QB4_G#q6,True,True,True,Casualty investigation — who investigates? Contents of a casualty investigation report.,Casualty investigation — who investigates? Contents of a casualty investigation report.,1.0,OK,False
96,nair,Nair,confirmed,/meoclass1/QB4_G.html#q7,QB4_G.html,q7,QB4_G#q7,True,True,True,Hull damage or oil pollution incident — as CE how will you proceed? Step by step.,Hull damage or oil pollution incident — as CE how will you proceed? Step by step.,1.0,OK,False
97,nair,Nair,confirmed,/meoclass1/QB5_A.html#q5,QB5_A.html,q5,QB5_A#q5,True,True,True,Motivation of Crew — Principles of Motivation.,Motivation of Crew — Principles of Motivation.,1.0,OK,False
98,nair,Nair,confirmed,/meoclass1/QB5_A.html#q6,QB5_A.html,q6,QB5_A#q6,True,True,True,Conflict Management — Explain with Cross Questions.,Conflict Management — Explain with Cross Questions.,1.0,OK,False
99,nair,Nair,confirmed,/meoclass1/QB5_A.html#q7,QB5_A.html,q7,QB5_A#q7,True,True,True,Total Quality Management (TQM) — Explain.,Total Quality Management (TQM) — Explain.,1.0,OK,False
100,nair,Nair,confirmed,/meoclass1/QB5_A.html#q12,QB5_A.html,q12,QB5_A#q12,True,True,True,Root Cause Analysis / Fault Analysis Methods.,Root Cause Analysis / Fault Analysis Methods.,1.0,OK,False
101,nair,Nair,confirmed,/meoclass1/QB5_A.html#q15,QB5_A.html,q15,QB5_A#q15,True,True,True,Mentoring / Reverse Mentoring — What is Mentoring?,Mentoring / Reverse Mentoring — What is Mentoring?,1.0,OK,False
102,nair,Nair,confirmed,/meoclass1/QB5_B.html#q1,QB5_B.html,q1,QB5_B#q1,True,True,True,Taking Over as CE — Procedure.,Taking Over as CE — Procedure.,1.0,OK,False
103,nair,Nair,confirmed,/meoclass1/QB5_B.html#q6,QB5_B.html,q6,QB5_B#q6,True,True,True,Fatigue as per IMO and Fatigue Mitigation.,Fatigue as per IMO and Fatigue Mitigation.,1.0,OK,False
104,nair,Nair,confirmed,/meoclass1/QB5_C_A.html#q2,QB5_C_A.html,q2,QB5_C_A#q2,True,True,True,Training Chinese crew — language and culture barriers?,Training Chinese crew — language and culture barriers?,1.0,OK,False
105,nair,Nair,confirmed,/meoclass1/QB5_C_A.html#q3,QB5_C_A.html,q3,QB5_C_A#q3,True,True,True,Voyage performance checks — what basic check is most often missed?,Voyage performance checks — what basic check is most often missed?,1.0,OK,False
106,nair,Nair,confirmed,/meoclass1/QB5_C_A.html#q5,QB5_C_A.html,q5,QB5_C_A#q5,True,True,True,MIS vs data — what is a Management Information System?,MIS vs data — what is a Management Information System?,1.0,OK,False
107,nair,Nair,confirmed,/meoclass1/QB5_C_A.html#q6,QB5_C_A.html,q6,QB5_C_A#q6,True,True,True,"Hazard identification — HAZID, HAZOP, JSA and Risk Assessment matrix?","Hazard identification — HAZID, HAZOP, JSA and Risk Assessment matrix?",1.0,OK,False
108,nair,Nair,confirmed,/meoclass1/QB5_C_A.html#q7,QB5_C_A.html,q7,QB5_C_A#q7,True,True,True,On-board training — how do you design and deliver it step by step?,On-board training — how do you design and deliver it step by step?,1.0,OK,False
109,nair,Nair,confirmed,/meoclass1/QB5_C_B.html#q4,QB5_C_B.html,q4,QB5_C_B#q4,True,True,True,Ear muff selection criteria (occupational health),Ear muff selection criteria (occupational health),1.0,OK,False
110,nair,Nair,confirmed,/meoclass1/QB5_C_B.html#q7,QB5_C_B.html,q7,QB5_C_B#q7,True,True,True,Occupational health and safety — CE obligations,Occupational health and safety — CE obligations,1.0,OK,False
111,nair,Nair,confirmed,/meoclass1/QB5_D.html#q1,QB5_D.html,q1,QB5_D#q1,True,True,True,Is the Chief Engineer a leader? Explain — what specific leadership qualities must a CE demonstrate?,Is the Chief Engineer a leader? Explain — what specific leadership qualities must a CE demonstrate?,1.0,OK,False
112,nair,Nair,confirmed,/meoclass1/QB5_D.html#q2,QB5_D.html,q2,QB5_D#q2,True,True,True,"Women's empowerment at sea — what IMO and flag State provisions exist, and what is the CE's responsibility?","Women's empowerment at sea — what IMO and flag State provisions exist, and what is the CE's responsibility?",1.0,OK,False
113,nair,Nair,confirmed,/meoclass1/QB5_F.html#q2,QB5_F.html,q2,QB5_F#q2,True,True,True,Communication skills for the CE — how do you handle language barriers and crew management communication?,Communication skills for the CE — how do you handle language barriers and crew management communication?,1.0,OK,False
114,nair,Nair,confirmed,/meoclass1/QB5_G.html#q1,QB5_G.html,q1,QB5_G#q1,True,True,True,Alternate fuels .. transition .. what in your opinion is a long term alternative solution.?,Alternate fuels .. transition .. what in your opinion is a long term alternative solution.?,1.0,OK,False
115,nair,Nair,confirmed,/meoclass1/QB5_G.html#q3,QB5_G.html,q3,QB5_G#q3,True,True,True,Dri cargo hazards,Dri cargo hazards,1.0,OK,False
116,nair,Nair,confirmed,/meoclass1/QB5_H.html#q2,QB5_H.html,q2,QB5_H#q2,True,True,True,You join a ship as Chief Engineer and the main engine type is unfamiliar to you. What actions will you take?,You join a ship as Chief Engineer and the main engine type is unfamiliar to you. What actions will you take?,1.0,OK,False
117,nair,Nair,confirmed,/meoclass1/QB5_I.html#q1,QB5_I.html,q1,QB5_I#q1,True,True,True,"What is the human-machine interface concept called in engine room design (Ergonomic Design)? How do you improve ergonomics, and what do you check when a new design/modification is brought onboard?","What is the human-machine interface concept called in engine room design (Ergonomic Design)? How do you improve ergonomics, and what do you check when a new design/modification is brought onboard?",1.0,OK,False
118,nair,Nair,confirmed,/meoclass1/QB5_I.html#q2,QB5_I.html,q2,QB5_I#q2,True,True,True,"Cost-value analysis — at company level and at IMO level, what does this involve?","Cost-value analysis — at company level and at IMO level, what does this involve?",1.0,OK,False
119,nair,Nair,confirmed,/meoclass1/QB5_I.html#q3,QB5_I.html,q3,QB5_I#q3,True,True,True,"Major accident onboard — who exactly will you contact and how? What is the Emergency Response Contact at the bridge, distinct from MRCC?","Major accident onboard — who exactly will you contact and how? What is the Emergency Response Contact at the bridge, distinct from MRCC?",1.0,OK,False
120,nair,Nair,confirmed,/meoclass1/QB5_I.html#q4,QB5_I.html,q4,QB5_I#q4,True,True,True,"As Chief Engineer, what are your duties as a leader — as distinct from as a manager?","As Chief Engineer, what are your duties as a leader — as distinct from as a manager?",1.0,OK,False
121,nair,Nair,confirmed,/meoclass1/QB5_I.html#q5,QB5_I.html,q5,QB5_I#q5,True,True,True,What is 'industry-led practice' and 'industry-led management practice' in shipping?,What is 'industry-led practice' and 'industry-led management practice' in shipping?,1.0,OK,False
122,nair,Nair,confirmed,/meoclass1/QB5_I.html#q6,QB5_I.html,q6,QB5_I#q6,True,True,True,How do you control/manage stress onboard as Chief Engineer?,How do you control/manage stress onboard as Chief Engineer?,1.0,OK,False
123,nair,Nair,confirmed,/meoclass1/QB6.html#q9,QB6.html,q9,QB6#q9,True,True,True,What are sustainable and alternative fuels in shipping? What is the difference? What is IMO's role regarding seafarers?,What are sustainable and alternative fuels in shipping? What is the difference? What is IMO's role regarding seafarers?,1.0,OK,False
124,nair,Nair,confirmed,/meoclass1/QB6.html#q10,QB6.html,q10,QB6#q10,True,True,True,"What is a dual fuel engine and a tri-fuel engine? Alarms, monitoring vs conventional engine? LPG bunkering procedures?","What is a dual fuel engine and a tri-fuel engine? Alarms, monitoring vs conventional engine? LPG bunkering procedures?",1.0,OK,False
125,nair,Nair,confirmed,/meoclass1/QB6.html#q13,QB6.html,q13,QB6#q13,True,True,True,"As Chief Engineer, how will you carry out voyage optimisation? Specific practical applications?","As Chief Engineer, how will you carry out voyage optimisation? Specific practical applications?",1.0,OK,False
126,nair,Nair,confirmed,/meoclass1/QB6.html#q14,QB6.html,q14,QB6#q14,True,True,True,What is EU MRV and how does it differ from IMO DCS?,What is EU MRV and how does it differ from IMO DCS?,1.0,OK,False
127,nair,Nair,confirmed,/meoclass1/QB6_C.html#q1,QB6_C.html,q1,QB6_C#q1,True,True,True,Fail safe — define fail safe. Give specific examples of fail safe systems onboard.,Fail safe — define fail safe. Give specific examples of fail safe systems onboard.,1.0,OK,False
128,nair,Nair,confirmed,/meoclass1/QB6_C.html#q2,QB6_C.html,q2,QB6_C#q2,True,True,True,Checks on main engine after layup — what are the mandatory checks before restart?,Checks on main engine after layup — what are the mandatory checks before restart?,1.0,OK,False
129,nair,Nair,confirmed,/meoclass1/QB6_C.html#q3,QB6_C.html,q3,QB6_C#q3,True,True,True,Manual desludging of purifier — explain the procedure step by step.,Manual desludging of purifier — explain the procedure step by step.,1.0,OK,False
130,nair,Nair,confirmed,/meoclass1/QB6_D.html#q3,QB6_D.html,q3,QB6_D#q3,True,True,True,NOx reduction methods — EGR vs SCR for NOx reduction; which is commercially better?,NOx reduction methods — EGR vs SCR for NOx reduction; which is commercially better?,1.0,OK,False
131,nair,Nair,confirmed,/meoclass1/QB6_G.html#q1,QB6_G.html,q1,QB6_G#q1,True,True,True,"New type of engine — what problems are commonly faced, how do you mitigate them, and what does the maker recommend to avoid these in future designs?","New type of engine — what problems are commonly faced, how do you mitigate them, and what does the maker recommend to avoid these in future designs?",1.0,OK,False
132,nair,Nair,confirmed,/meoclass1/QB6_G.html#q2,QB6_G.html,q2,QB6_G#q2,True,True,True,What are the latest developments in main engine technology (not GHG/emissions-related)?,What are the latest developments in main engine technology (not GHG/emissions-related)?,1.0,OK,False
133,nair,Nair,confirmed,/meoclass1/QB7_A.html#q1,QB7_A.html,q1,QB7_A#q1,True,True,True,SEEMP Part III — why was it added and what are its specific contents?,SEEMP Part III — why was it added and what are its specific contents?,1.0,OK,False
134,nair,Nair,confirmed,/meoclass1/QB7_G.html#q1,QB7_G.html,q1,QB7_G#q1,True,True,True,"What are e-fuels, and how do they relate to shipping's net-zero target?","What are e-fuels, and how do they relate to shipping's net-zero target?",1.0,OK,False
135,nair,Nair,confirmed,/meoclass1/QB7_I.html#q5,QB7_I.html,q5,QB7_I#q5,True,True,True,How does the FuelEU Maritime GHG intensity reduction trajectory influence main engine and fuel technology selection onboard?,How does the FuelEU Maritime GHG intensity reduction trajectory influence main engine and fuel technology selection onboard?,1.0,OK,False
136,nair,Nair,confirmed,/meoclass1/QB7_I.html#q7,QB7_I.html,q7,QB7_I#q7,True,True,True,What are Wind-Assisted Propulsion Systems (WAPS) and what is their current adoption status on merchant ships?,What are Wind-Assisted Propulsion Systems (WAPS) and what is their current adoption status on merchant ships?,1.0,OK,False
137,nair,Nair,confirmed,/meoclass1/QB7_I.html#q8,QB7_I.html,q8,QB7_I#q8,True,True,True,What is Onboard Carbon Capture (OCC) technology and what is its current state of deployment on merchant vessels?,What is Onboard Carbon Capture (OCC) technology and what is its current state of deployment on merchant vessels?,1.0,OK,False
138,nair,Nair,confirmed,/meoclass1/QB7_I.html#q9,QB7_I.html,q9,QB7_I#q9,True,True,True,What is shore power (cold ironing) and how does its uptake affect a vessel's CII and emissions compliance?,What is shore power (cold ironing) and how does its uptake affect a vessel's CII and emissions compliance?,1.0,OK,False
139,nair,Nair,confirmed,/meoclass1/QB8_A.html#q1,QB8_A.html,q1,QB8_A#q1,True,True,True,Chemical tanker certificates — full list?,Chemical tanker certificates — full list?,1.0,OK,False
140,nair,Nair,confirmed,/meoclass1/QB8_A.html#q2,QB8_A.html,q2,QB8_A#q2,True,True,True,COF — contents and who issues it?,COF — contents and who issues it?,1.0,OK,False
141,nair,Nair,confirmed,/meoclass1/QB8_A.html#q5,QB8_A.html,q5,QB8_A#q5,True,True,True,IMDG segregation and stowage?,IMDG segregation and stowage?,1.0,OK,False
142,nair,Nair,confirmed,/meoclass1/QB8_A.html#q6,QB8_A.html,q6,QB8_A#q6,True,True,True,IMDG DG cargo documents?,IMDG DG cargo documents?,1.0,OK,False
143,nair,Nair,confirmed,/meoclass1/QB8_B.html#q1,QB8_B.html,q1,QB8_B#q1,True,True,True,P&A Manual (Procedures & Arrangements Manual) — contents and purpose?,P&A Manual (Procedures & Arrangements Manual) — contents and purpose?,1.0,OK,False
144,nair,Nair,confirmed,/meoclass1/QB8_B.html#q2,QB8_B.html,q2,QB8_B#q2,True,True,True,"CSC Convention — container test, CSC plate contents, inspection scheme?","CSC Convention — container test, CSC plate contents, inspection scheme?",1.0,OK,False
145,nair,Nair,confirmed,/meoclass1/QB8_B.html#q5,QB8_B.html,q5,QB8_B#q5,True,True,True,"VGM (Verified Gross Mass) — SOLAS VI/2, procedure and CE role?","VGM (Verified Gross Mass) — SOLAS VI/2, procedure and CE role?",1.0,OK,False
146,nair,Nair,confirmed,/meoclass1/QB8_E.html#q1,QB8_E.html,q1,QB8_E#q1,True,True,True,Coal cargo — special precautions for carriage. Reasons for coal cargo fires. What fire-fighting provisions apply?,Coal cargo — special precautions for carriage. Reasons for coal cargo fires. What fire-fighting provisions apply?,1.0,OK,False
147,nair,Nair,confirmed,/meoclass1/QB8_F.html#q1,QB8_F.html,q1,QB8_F#q1,True,True,True,LPG (as an alternative marine fuel) is a hot topic now. Have you experienced any issues onboard?,LPG (as an alternative marine fuel) is a hot topic now. Have you experienced any issues onboard?,1.0,OK,False
148,nair,Nair,confirmed,/meoclass1/QB8_H.html#q3,QB8_H.html,q3,QB8_H#q3,True,True,True,"What different chemicals are carried, and where do you refer if in doubt about a chemical?","What different chemicals are carried, and where do you refer if in doubt about a chemical?",1.0,OK,False
149,nair,Nair,confirmed,/meoclass1/QB8_H.html#q4,QB8_H.html,q4,QB8_H#q4,True,True,True,"After ship delivery, how do you verify tank cleaning is proper (first-time tank cleaning machine operation)?","After ship delivery, how do you verify tank cleaning is proper (first-time tank cleaning machine operation)?",1.0,OK,False
150,nair,Nair,confirmed,/meoclass1/QB9_A.html#q4,QB9_A.html,q4,QB9_A#q4,True,True,True,General Average — explanation and procedure. What is the Sue and Labour clause? What is subrogation? What are the ITC (Institute Time Clauses) and key,General Average — explanation and procedure. What is the Sue and Labour clause? What is subrogation? What are the ITC (Institute Time Clauses) and key,1.0,OK,False
151,nair,Nair,confirmed,/meoclass1/QB9_A.html#q8,QB9_A.html,q8,QB9_A#q8,True,True,True,"UNCLOS — explain in detail. Rights denied in war risk area. Sovereign vs jurisdiction — difference. EEZ, Continental Shelf. What is hot pursuit — cond","UNCLOS — explain in detail. Rights denied in war risk area. Sovereign vs jurisdiction — difference. EEZ, Continental Shelf. What is hot pursuit — cond",1.0,OK,False
152,nair,Nair,confirmed,/meoclass1/QB9_A.html#q9,QB9_A.html,q9,QB9_A#q9,True,True,True,Actions and precautions when your ship goes to a war risk area. What is vessel hardening? BMP5 measures. How do you motivate crew during a missile att,Actions and precautions when your ship goes to a war risk area. What is vessel hardening? BMP5 measures. How do you motivate crew during a missile att,1.0,OK,False
153,nair,Nair,confirmed,/meoclass1/QB9_B.html#q2,QB9_B.html,q2,QB9_B#q2,True,True,True,What is the OPRC Convention and SOPEP/SMPEP? What is an oil pollution incident in the high seas — actions and reporting? Insurance-related aspects of,What is the OPRC Convention and SOPEP/SMPEP? What is an oil pollution incident in the high seas — actions and reporting? Insurance-related aspects of,1.0,OK,False
154,nair,Nair,confirmed,/meoclass1/QB9_B.html#q3,QB9_B.html,q3,QB9_B#q3,True,True,True,Demurrage and laytime — what are they? How do they apply in a charter party? What are the CE's implications?,Demurrage and laytime — what are they? How do they apply in a charter party? What are the CE's implications?,1.0,OK,False
155,nair,Nair,confirmed,/meoclass1/QB9_B.html#q4,QB9_B.html,q4,QB9_B#q4,True,True,True,Off-hire clause in a charter party — when does it apply and what are the implications for the CE?,Off-hire clause in a charter party — when does it apply and what are the implications for the CE?,1.0,OK,False
156,nair,Nair,confirmed,/meoclass1/QB9_C.html#q4,QB9_C.html,q4,QB9_C#q4,True,True,True,Oil tanker liabilities — what are the specific liabilities of a CE on an oil tanker? Which conventions apply?,Oil tanker liabilities — what are the specific liabilities of a CE on an oil tanker? Which conventions apply?,1.0,OK,False
157,nair,Nair,confirmed,/meoclass1/QB9_C.html#q5,QB9_C.html,q5,QB9_C#q5,True,True,True,Insurance principles — list all principles of marine insurance and explain each.,Insurance principles — list all principles of marine insurance and explain each.,1.0,OK,False
158,nair,Nair,confirmed,/meoclass1/QB9_C.html#q6,QB9_C.html,q6,QB9_C#q6,True,True,True,"P&I Club — explain in detail: types of cover, mutual structure, club calls, defence cover.","P&I Club — explain in detail: types of cover, mutual structure, club calls, defence cover.",1.0,OK,False
159,nair,Nair,confirmed,/meoclass1/QB9_E.html#q2,QB9_E.html,q2,QB9_E#q2,True,True,True,Latest MS Act Updates & DG Website Differences,Latest MS Act Updates & DG Website Differences,1.0,OK,False
160,nair,Nair,confirmed,/meoclass1/QB9_G.html#q4,QB9_G.html,q4,QB9_G#q4,True,True,True,What is an Official Log Book?,What is an Official Log Book?,1.0,OK,False
161,nair,Nair,confirmed,/meoclass1/QB9_G.html#q5,QB9_G.html,q5,QB9_G#q5,True,True,True,"Maritime Single Window — what is it, and how does it relate to the FAL Convention?","Maritime Single Window — what is it, and how does it relate to the FAL Convention?",1.0,OK,False
162,nair,Nair,confirmed,/meoclass1/QB9_G.html#q6,QB9_G.html,q6,QB9_G#q6,True,True,True,"What is the difference between a Convention, a Protocol, and a Treaty in international maritime law?","What is the difference between a Convention, a Protocol, and a Treaty in international maritime law?",1.0,OK,False
163,nair,Nair,confirmed,/meoclass1/QB9_G.html#q7,QB9_G.html,q7,QB9_G#q7,True,True,True,What is the difference between General Average and Particular Average?,What is the difference between General Average and Particular Average?,1.0,OK,False
164,nair,Nair,confirmed,/meoclass1/QB9_H.html#q1,QB9_H.html,q1,QB9_H#q1,True,True,True,"How is an amendment ratified in India, and which authority decides before Parliament?","How is an amendment ratified in India, and which authority decides before Parliament?",1.0,OK,False
165,nair,Nair,confirmed,/meoclass1/QB9_H.html#q7,QB9_H.html,q7,QB9_H#q7,True,True,True,Wreck Removal Convention — what is strict liability under it?,Wreck Removal Convention — what is strict liability under it?,1.0,OK,False
166,nair,Nair,confirmed,/meoclass1/QB9_H.html#q9,QB9_H.html,q9,QB9_H#q9,True,True,True,What is a Contract of Affreightment?,What is a Contract of Affreightment?,1.0,OK,False
167,nair,Nair,confirmed,/meoclass1/QB9_H.html#q13,QB9_H.html,q13,QB9_H#q13,True,True,True,What certificates does the CE manage? How do you know the latest revision of your company's SMS from the certificate?,What certificates does the CE manage? How do you know the latest revision of your company's SMS from the certificate?,1.0,OK,False
168,nair,Nair,reported,/meoclass1/QB1_A.html#q26,QB1_A.html,q26,QB1_A#q26,True,True,True,"Wreck Convention — In open sea, who is responsible for a wreck?","Wreck Convention — In open sea, who is responsible for a wreck?",1.0,OK,False
169,nair,Nair,reported,/meoclass1/QB1_I.html#q4,QB1_I.html,q4,QB1_I#q4,True,True,True,Anniversary date of a certificate — how is it defined and used?,Anniversary date of a certificate — how is it defined and used?,1.0,OK,False
170,nair,Nair,reported,/meoclass1/QB2_A.html#q18,QB2_A.html,q18,QB2_A#q18,True,True,True,Type 1 chemical tanker — tank washing and discharge criteria for Category X cargo.,Type 1 chemical tanker — tank washing and discharge criteria for Category X cargo.,1.0,OK,False
171,nair,Nair,reported,/meoclass1/QB2_D.html#q2,QB2_D.html,q2,QB2_D#q2,True,True,True,"IAMSAR Manual — structure, volumes, and when do you use it?","IAMSAR Manual — structure, volumes, and when do you use it?",1.0,OK,False
172,nair,Nair,reported,/meoclass1/QB4_J.html#q7,QB4_J.html,q7,QB4_J#q7,True,True,True,Difference between ISM survey and ISM audit.,Difference between ISM survey and ISM audit.,1.0,OK,False
173,nair,Nair,reported,/meoclass1/QB5_B.html#q5,QB5_B.html,q5,QB5_B#q5,True,True,True,CE Role for ISPS Audit.,CE Role for ISPS Audit.,1.0,OK,False
174,nair,Nair,reported,/meoclass1/QB5_C_B.html#q2,QB5_C_B.html,q2,QB5_C_B#q2,True,True,True,SWOT analysis — shipboard management,SWOT analysis — shipboard management,1.0,OK,False
175,nair,Nair,reported,/meoclass1/QB8_A.html#q4,QB8_A.html,q4,QB8_A#q4,True,True,True,IMSBC Code groups A/B/C/MHB?,IMSBC Code groups A/B/C/MHB?,1.0,OK,False
176,nair,Nair,ce_tip,/meoclass1/QB1_A.html#q2,QB1_A.html,q2,QB1_A#q2,True,True,True,Fund Convention — Explain in detail.,Fund Convention — Explain in detail.,1.0,OK,False
177,nair,Nair,ce_tip,/meoclass1/QB1_A.html#q3,QB1_A.html,q3,QB1_A#q3,True,True,True,LLMC Convention — Who pays within and after the limits?,LLMC Convention — Who pays within and after the limits?,1.0,OK,False
178,nair,Nair,ce_tip,/meoclass1/QB1_A.html#q4,QB1_A.html,q4,QB1_A#q4,True,True,True,Bunker Convention 2001 — Explain in detail. Why was it required despite CLC?,Bunker Convention 2001 — Explain in detail. Why was it required despite CLC?,1.0,OK,False
179,nair,Nair,ce_tip,/meoclass1/QB1_A.html#q5,QB1_A.html,q5,QB1_A#q5,True,True,True,CLC — Civil Liability Convention. Explain in detail.,CLC — Civil Liability Convention. Explain in detail.,1.0,OK,False
180,nair,Nair,ce_tip,/meoclass1/QB1_A.html#q7,QB1_A.html,q7,QB1_A#q7,True,True,True,Admiralty Law — Explain. How is the Chief Engineer related to the Admiralty Act?,Admiralty Law — Explain. How is the Chief Engineer related to the Admiralty Act?,1.0,OK,False
181,nair,Nair,ce_tip,/meoclass1/QB1_A.html#q8,QB1_A.html,q8,QB1_A#q8,True,True,True,Maritime Lien — Explain.,Maritime Lien — Explain.,1.0,OK,False
182,nair,Nair,ce_tip,/meoclass1/QB1_A.html#q9,QB1_A.html,q9,QB1_A#q9,True,True,True,General Average — Explain including act and procedure followed.,General Average — Explain including act and procedure followed.,1.0,OK,False
183,nair,Nair,ce_tip,/meoclass1/QB1_A.html#q10,QB1_A.html,q10,QB1_A#q10,True,True,True,Sue and Labour Clause — Explain.,Sue and Labour Clause — Explain.,1.0,OK,False
184,nair,Nair,ce_tip,/meoclass1/QB1_A.html#q13,QB1_A.html,q13,QB1_A#q13,True,True,True,London Convention — Explain with cross questions.,London Convention — Explain with cross questions.,1.0,OK,False
185,nair,Nair,ce_tip,/meoclass1/QB1_A.html#q15,QB1_A.html,q15,QB1_A#q15,True,True,True,NOSDCP — Explain.,NOSDCP — Explain.,1.0,OK,False
186,nair,Nair,ce_tip,/meoclass1/QB1_A.html#q16,QB1_A.html,q16,QB1_A#q16,True,True,True,Basel Convention — Explain. Certificates. PIC. ESM.,Basel Convention — Explain. Certificates. PIC. ESM.,1.0,OK,False
187,nair,Nair,ce_tip,/meoclass1/QB1_A.html#q17,QB1_A.html,q17,QB1_A#q17,True,True,True,SUA Convention — Details and new amendments.,SUA Convention — Details and new amendments.,1.0,OK,False
188,nair,Nair,ce_tip,/meoclass1/QB1_A.html#q18,QB1_A.html,q18,QB1_A#q18,True,True,True,FAL Convention — Explanation and its effect on maritime security.,FAL Convention — Explanation and its effect on maritime security.,1.0,OK,False
189,nair,Nair,ce_tip,/meoclass1/QB1_A.html#q20,QB1_A.html,q20,QB1_A#q20,True,True,True,Difference between Sovereign Rights and Jurisdiction under UNCLOS.,Difference between Sovereign Rights and Jurisdiction under UNCLOS.,1.0,OK,False
190,nair,Nair,ce_tip,/meoclass1/QB1_A.html#q21,QB1_A.html,q21,QB1_A#q21,True,True,True,Innocent Passage under UNCLOS — Explain.,Innocent Passage under UNCLOS — Explain.,1.0,OK,False
191,nair,Nair,ce_tip,/meoclass1/QB1_A.html#q22,QB1_A.html,q22,QB1_A#q22,True,True,True,"Port State, Coastal State, Flag State — duties in each maritime zone.","Port State, Coastal State, Flag State — duties in each maritime zone.",1.0,OK,False
192,nair,Nair,ce_tip,/meoclass1/QB1_A.html#q23,QB1_A.html,q23,QB1_A#q23,True,True,True,Hot Pursuit — Definition and conditions required.,Hot Pursuit — Definition and conditions required.,1.0,OK,False
193,nair,Nair,ce_tip,/meoclass1/QB1_A.html#q28,QB1_A.html,q28,QB1_A#q28,True,True,True,Subrogation — Explain in context of marine insurance.,Subrogation — Explain in context of marine insurance.,1.0,OK,False
194,nair,Nair,ce_tip,/meoclass1/QB1_A.html#q29,QB1_A.html,q29,QB1_A#q29,True,True,True,Reinsurance — Types (Facultative and Obligatory).,Reinsurance — Types (Facultative and Obligatory).,1.0,OK,False
195,nair,Nair,ce_tip,/meoclass1/QB1_A.html#q30,QB1_A.html,q30,QB1_A#q30,True,True,True,MEPC 84 Outcomes — Explain with cross questions.,MEPC 84 Outcomes — Explain with cross questions.,1.0,OK,False
196,nair,Nair,ce_tip,/meoclass1/QB1_B.html#q1,QB1_B.html,q1,QB1_B#q1,True,True,True,"Explain the HNS Convention — to whom does it apply, when does it enter into force, and until then what is the liability/compensation fallback (LLMC limits)?","Explain the HNS Convention — to whom does it apply, when does it enter into force, and until then what is the liability/compensation fallback (LLMC limits)?",1.0,OK,False
197,nair,Nair,ce_tip,/meoclass1/QB1_B.html#q6,QB1_B.html,q6,QB1_B#q6,True,True,True,Explain PSSA (Particularly Sensitive Sea Area) with examples,Explain PSSA (Particularly Sensitive Sea Area) with examples,1.0,OK,False
198,nair,Nair,ce_tip,/meoclass1/QB1_B.html#q10,QB1_B.html,q10,QB1_B#q10,True,True,True,"Explain the CLC (Civil Liability Convention) — scope and application, including in the context of a bunker-spill incident","Explain the CLC (Civil Liability Convention) — scope and application, including in the context of a bunker-spill incident",1.0,OK,False
199,nair,Nair,ce_tip,/meoclass1/QB1_B.html#q11,QB1_B.html,q11,QB1_B#q11,True,True,True,"What is Salvage, and explain SCOPIC (Special Compensation P&I Clause)","What is Salvage, and explain SCOPIC (Special Compensation P&I Clause)",1.0,OK,False
200,nair,Nair,ce_tip,/meoclass1/QB1_B.html#q15,QB1_B.html,q15,QB1_B#q15,True,True,True,Explain the IMO Casualty Investigation Code — scope and purpose,Explain the IMO Casualty Investigation Code — scope and purpose,1.0,OK,False
201,nair,Nair,ce_tip,/meoclass1/QB1_B.html#q18,QB1_B.html,q18,QB1_B#q18,True,True,True,What is the 'tacit acceptance' procedure in the IMO amendment process?,What is the 'tacit acceptance' procedure in the IMO amendment process?,1.0,OK,False
202,nair,Nair,ce_tip,/meoclass1/QB1_C.html#q4,QB1_C.html,q4,QB1_C#q4,True,True,True,Structural knee — function and locations?,Structural knee — function and locations?,1.0,OK,False
203,nair,Nair,ce_tip,/meoclass1/QB1_F.html#q4,QB1_F.html,q4,QB1_F#q4,True,True,True,"Csc convention full explanation, including testing and certification, type of containers and difference in testing reefer containers","Csc convention full explanation, including testing and certification, type of containers and difference in testing reefer containers",1.0,OK,False
204,nair,Nair,ce_tip,/meoclass1/QB1_H.html#q5,QB1_H.html,q5,QB1_H#q5,True,True,True,Explain the IMO Goal-Based Standards (GBS) framework — the five-tier hierarchy and its scope of application.,Explain the IMO Goal-Based Standards (GBS) framework — the five-tier hierarchy and its scope of application.,1.0,OK,False
205,nair,Nair,ce_tip,/meoclass1/QB1_supplementary.html#q1,QB1_supplementary.html,q1,QB1_supplementary#q1,True,True,True,"As Chief Engineer, what are your ISM Survey duties in the Engine Room — beyond documentation and machinery checks?","As Chief Engineer, what are your ISM Survey duties in the Engine Room — beyond documentation and machinery checks?",1.0,OK,False
206,nair,Nair,ce_tip,/meoclass1/QB1_supplementary.html#q7,QB1_supplementary.html,q7,QB1_supplementary#q7,True,True,True,"NOx Technical File — what is it, what does it contain, and what does the surveyor check?","NOx Technical File — what is it, what does it contain, and what does the surveyor check?",1.0,OK,False
207,nair,Nair,ce_tip,/meoclass1/QB1_supplementary.html#q8,QB1_supplementary.html,q8,QB1_supplementary#q8,True,True,True,What is a SAFCON (Safety Construction) Survey? What does the surveyor check in the engine room?,What is a SAFCON (Safety Construction) Survey? What does the surveyor check in the engine room?,1.0,OK,False
208,nair,Nair,ce_tip,/meoclass1/QB2_A.html#q25,QB2_A.html,q25,QB2_A#q25,True,True,True,"Persistent floater — definition, GESAMP criteria, MARPOL significance.","Persistent floater — definition, GESAMP criteria, MARPOL significance.",1.0,OK,False
209,nair,Nair,ce_tip,/meoclass1/QB2_B.html#q3,QB2_B.html,q3,QB2_B#q3,True,True,True,"What are the IMDG Code requirements for marking, labelling, and numbering of dangerous goods packages?","What are the IMDG Code requirements for marking, labelling, and numbering of dangerous goods packages?",1.0,OK,False
210,nair,Nair,ce_tip,/meoclass1/QB2_B.html#q6,QB2_B.html,q6,QB2_B#q6,True,True,True,What are the key hazards and handling risks associated with LPG cargo on a gas carrier? Draw on incident learnings from MAIB investigations.,What are the key hazards and handling risks associated with LPG cargo on a gas carrier? Draw on incident learnings from MAIB investigations.,1.0,OK,False
211,nair,Nair,ce_tip,/meoclass1/QB2_B.html#q13,QB2_B.html,q13,QB2_B#q13,True,True,True,"What is the difference between watertight and weathertight on a ship, and what are the test methods for each?","What is the difference between watertight and weathertight on a ship, and what are the test methods for each?",1.0,OK,False
212,nair,Nair,ce_tip,/meoclass1/QB2_B.html#q14,QB2_B.html,q14,QB2_B#q14,True,True,True,"What is the difference between the IBC Code and the BCH Code for chemical tankers, and why do two separate codes exist?","What is the difference between the IBC Code and the BCH Code for chemical tankers, and why do two separate codes exist?",1.0,OK,False
213,nair,Nair,ce_tip,/meoclass1/QB2_B.html#q19,QB2_B.html,q19,QB2_B#q19,True,True,True,How would you apply Formal Safety Assessment (FSA) specifically in the context of Li-ion battery cargo carried in containers?,How would you apply Formal Safety Assessment (FSA) specifically in the context of Li-ion battery cargo carried in containers?,1.0,OK,False
214,nair,Nair,ce_tip,/meoclass1/QB3_A.html#q1,QB3_A.html,q1,QB3_A#q1,True,True,True,"SOLAS Chapter XII — what does it cover, and why is it relevant to bulk carriers?","SOLAS Chapter XII — what does it cover, and why is it relevant to bulk carriers?",1.0,OK,False
215,nair,Nair,ce_tip,/meoclass1/QB3_A.html#q4,QB3_A.html,q4,QB3_A#q4,True,True,True,Explain class notations using your last vessel as an example.,Explain class notations using your last vessel as an example.,1.0,OK,False
216,nair,Nair,ce_tip,/meoclass1/QB3_B.html#q3,QB3_B.html,q3,QB3_B#q3,True,True,True,What do you specifically check during a ballast water tank inspection?,What do you specifically check during a ballast water tank inspection?,1.0,OK,False
217,nair,Nair,ce_tip,/meoclass1/QB3_B.html#q9,QB3_B.html,q9,QB3_B#q9,True,True,True,"Give an overview of the classification society survey system — types of surveys, periodicity, and the role of class in statutory survey delegation.","Give an overview of the classification society survey system — types of surveys, periodicity, and the role of class in statutory survey delegation.",1.0,OK,False
218,nair,Nair,ce_tip,/meoclass1/QB3_C.html#q4,QB3_C.html,q4,QB3_C#q4,True,True,True,GESAMP — role and MARPOL Annex II link?,GESAMP — role and MARPOL Annex II link?,1.0,OK,False
219,nair,Nair,ce_tip,/meoclass1/QB3_F.html#q4,QB3_F.html,q4,QB3_F#q4,True,True,True,Describe MARPOL Annex V record books and the procedure followed onboard.,Describe MARPOL Annex V record books and the procedure followed onboard.,1.0,OK,False
220,nair,Nair,ce_tip,/meoclass1/QB3_J.html#q6,QB3_J.html,q6,QB3_J#q6,True,True,True,"What is new in ballast water treatment technology, particularly UV? How do you know onboard that the discharge meets the D-2 standard, and does a UV system satisfy US requirements?","What is new in ballast water treatment technology, particularly UV? How do you know onboard that the discharge meets the D-2 standard, and does a UV system satisfy US requirements?",1.0,OK,False
221,nair,Nair,ce_tip,/meoclass1/QB4_A.html#q1,QB4_A.html,q1,QB4_A#q1,True,True,True,State the objective and functional requirements of the ISM Code. What must a Safety Management System contain?,State the objective and functional requirements of the ISM Code. What must a Safety Management System contain?,1.0,OK,False
222,nair,Nair,ce_tip,/meoclass1/QB4_A.html#q3,QB4_A.html,q3,QB4_A#q3,True,True,True,An ISM non-conformity or deficiency is raised during an audit. What are the timescales for corrective action and how does the process work?,An ISM non-conformity or deficiency is raised during an audit. What are the timescales for corrective action and how does the process work?,1.0,OK,False
223,nair,Nair,ce_tip,/meoclass1/QB4_A.html#q7,QB4_A.html,q7,QB4_A#q7,True,True,True,What is the difference between Flag State Inspection (FSI) and Port State Control (PSC)?,What is the difference between Flag State Inspection (FSI) and Port State Control (PSC)?,1.0,OK,False
224,nair,Nair,ce_tip,/meoclass1/QB4_A.html#q8,QB4_A.html,q8,QB4_A#q8,True,True,True,What is the difference between a Flag State and a Recognised Organisation (RO)? What statutory authority does an RO carry?,What is the difference between a Flag State and a Recognised Organisation (RO)? What statutory authority does an RO carry?,1.0,OK,False
225,nair,Nair,ce_tip,/meoclass1/QB4_A.html#q13,QB4_A.html,q13,QB4_A#q13,True,True,True,"What STCW security training certificates exist, and how does AEOS training work for HRA transits?","What STCW security training certificates exist, and how does AEOS training work for HRA transits?",1.0,OK,False
226,nair,Nair,ce_tip,/meoclass1/QB4_A.html#q14,QB4_A.html,q14,QB4_A#q14,True,True,True,Explain DMLC Part I and Part II under MLC 2006 — who issues each and what do they contain?,Explain DMLC Part I and Part II under MLC 2006 — who issues each and what do they contain?,1.0,OK,False
227,nair,Nair,ce_tip,/meoclass1/QB4_A.html#q16,QB4_A.html,q16,QB4_A#q16,True,True,True,"What is the Maritime Labour Certificate? Who is eligible, what is its validity, and what surveys are required?","What is the Maritime Labour Certificate? Who is eligible, what is its validity, and what surveys are required?",1.0,OK,False
228,nair,Nair,ce_tip,/meoclass1/QB4_A.html#q21,QB4_A.html,q21,QB4_A#q21,True,True,True,"If an RO is already appointed, why might an owner take a second classification society? What is IACS, how many members does it have, and is IRS mandatory for an Indian-flag ship?","If an RO is already appointed, why might an owner take a second classification society? What is IACS, how many members does it have, and is IRS mandatory for an Indian-flag ship?",1.0,OK,False
229,nair,Nair,ce_tip,/meoclass1/QB4_A.html#q22,QB4_A.html,q22,QB4_A#q22,True,True,True,"Moving from Second Engineer to Chief Engineer — what training and certificates does STCW require, and which requirements are national rather than STCW?","Moving from Second Engineer to Chief Engineer — what training and certificates does STCW require, and which requirements are national rather than STCW?",1.0,OK,False
230,nair,Nair,ce_tip,/meoclass1/QB4_B.html#q4,QB4_B.html,q4,QB4_B#q4,True,True,True,What documents does a Chief Engineer need to have ready for class and statutory surveys?,What documents does a Chief Engineer need to have ready for class and statutory surveys?,1.0,OK,False
231,nair,Nair,ce_tip,/meoclass1/QB4_B.html#q5,QB4_B.html,q5,QB4_B#q5,True,True,True,"What is the human element in shipping? Explain its key dimensions — navigation, safety, fatigue, communication, and organisational factors.","What is the human element in shipping? Explain its key dimensions — navigation, safety, fatigue, communication, and organisational factors.",1.0,OK,False
232,nair,Nair,ce_tip,/meoclass1/QB4_B.html#q6,QB4_B.html,q6,QB4_B#q6,True,True,True,How does the human element feature in a marine casualty investigation? What HE factors are typically examined?,How does the human element feature in a marine casualty investigation? What HE factors are typically examined?,1.0,OK,False
233,nair,Nair,ce_tip,/meoclass1/QB4_B.html#q9,QB4_B.html,q9,QB4_B#q9,True,True,True,Explain Maslow's Hierarchy of Needs and how it applies to crew motivation onboard.,Explain Maslow's Hierarchy of Needs and how it applies to crew motivation onboard.,1.0,OK,False
234,nair,Nair,ce_tip,/meoclass1/QB4_B.html#q11,QB4_B.html,q11,QB4_B#q11,True,True,True,How do you train Junior Engineers onboard in practice as Chief Engineer?,How do you train Junior Engineers onboard in practice as Chief Engineer?,1.0,OK,False
235,nair,Nair,ce_tip,/meoclass1/QB4_B.html#q14,QB4_B.html,q14,QB4_B#q14,True,True,True,How do you approach mentoring a Junior Engineer throughout a voyage? What specific methods do you use?,How do you approach mentoring a Junior Engineer throughout a voyage? What specific methods do you use?,1.0,OK,False
236,nair,Nair,ce_tip,/meoclass1/QB4_B.html#q16,QB4_B.html,q16,QB4_B#q16,True,True,True,"What are the Best Management Practices (BMP5) for piracy prevention, and what are the Chief Engineer's responsibilities under BMP5?","What are the Best Management Practices (BMP5) for piracy prevention, and what are the Chief Engineer's responsibilities under BMP5?",1.0,OK,False
237,nair,Nair,ce_tip,/meoclass1/QB4_C.html#q16,QB4_C.html,q16,QB4_C#q16,True,True,True,Master's authority under ISM?,Master's authority under ISM?,1.0,OK,False
238,nair,Nair,ce_tip,/meoclass1/QB4_G.html#q8,QB4_G.html,q8,QB4_G#q8,True,True,True,Which statutory certificate does not need renewal/survey other than AFS certificate?,Which statutory certificate does not need renewal/survey other than AFS certificate?,1.0,OK,False
239,nair,Nair,ce_tip,/meoclass1/QB4_H.html#q2,QB4_H.html,q2,QB4_H#q2,True,True,True,Outline the Best Management Practices for a transit through the Strait of Hormuz.,Outline the Best Management Practices for a transit through the Strait of Hormuz.,1.0,OK,False
240,nair,Nair,ce_tip,/meoclass1/QB4_H.html#q9,QB4_H.html,q9,QB4_H#q9,True,True,True,What ship certificates and documents relate to WHO (World Health Organization) requirements?,What ship certificates and documents relate to WHO (World Health Organization) requirements?,1.0,OK,False
241,nair,Nair,ce_tip,/meoclass1/QB4_H.html#q10,QB4_H.html,q10,QB4_H#q10,True,True,True,What is the procedure for extending the validity of a statutory certificate when a survey cannot be completed on time?,What is the procedure for extending the validity of a statutory certificate when a survey cannot be completed on time?,1.0,OK,False
242,nair,Nair,ce_tip,/meoclass1/QB4_J.html#q9,QB4_J.html,q9,QB4_J#q9,True,True,True,What does MLC say about war risk? Can a seafarer refuse to sail into a war zone?,What does MLC say about war risk? Can a seafarer refuse to sail into a war zone?,1.0,OK,False
243,nair,Nair,ce_tip,/meoclass1/QB5_D.html#q3,QB5_D.html,q3,QB5_D#q3,True,True,True,"How does the CE resolve on-board conflict involving bullying, harassment or discriminatory behaviour towards a junior — what does the SMS provide, and what are the latest amendments?","How does the CE resolve on-board conflict involving bullying, harassment or discriminatory behaviour towards a junior — what does the SMS provide, and what are the latest amendments?",1.0,OK,False
244,nair,Nair,ce_tip,/meoclass1/QB6.html#q1,QB6.html,q1,QB6#q1,True,True,True,"What is the CII — how is it calculated, what are the units, and what does the A–E rating mean?","What is the CII — how is it calculated, what are the units, and what does the A–E rating mean?",1.0,OK,False
245,nair,Nair,ce_tip,/meoclass1/QB6.html#q7,QB6.html,q7,QB6#q7,True,True,True,What is the UNFCCC and what is its role in IMO's GHG Strategy? What are the midterm measures?,What is the UNFCCC and what is its role in IMO's GHG Strategy? What are the midterm measures?,1.0,OK,False
246,nair,Nair,ce_tip,/meoclass1/QB6.html#q12,QB6.html,q12,QB6#q12,True,True,True,What is cold ironing / Onshore Power Supply (OPS) — definition and requirements?,What is cold ironing / Onshore Power Supply (OPS) — definition and requirements?,1.0,OK,False
247,nair,Nair,ce_tip,/meoclass1/QB6_H.html#q2,QB6_H.html,q2,QB6_H#q2,True,True,True,"High voltage switchboard safety — explain the full safety framework, beyond just vacuum breaker earthing.","High voltage switchboard safety — explain the full safety framework, beyond just vacuum breaker earthing.",1.0,OK,False
248,nair,Nair,ce_tip,/meoclass1/QB7_C.html#q1,QB7_C.html,q1,QB7_C#q1,True,True,True,SEEMP Part III — why was it added? What are its contents? What is the CE's role?,SEEMP Part III — why was it added? What are its contents? What is the CE's role?,1.0,OK,False
249,nair,Nair,ce_tip,/meoclass1/QB8_H.html#q2,QB8_H.html,q2,QB8_H#q2,True,True,True,Difference between Type 1 and Type 2 chemical tankers.,Difference between Type 1 and Type 2 chemical tankers.,1.0,OK,False
250,nair,Nair,ce_tip,/meoclass1/QB9_A.html#q1,QB9_A.html,q1,QB9_A#q1,True,True,True,What is P&I insurance? How does it differ from Hull and Machinery insurance and other marine insurance? What does it cover in a war risk area?,What is P&I insurance? How does it differ from Hull and Machinery insurance and other marine insurance? What does it cover in a war risk area?,1.0,OK,False
251,nair,Nair,ce_tip,/meoclass1/QB9_A.html#q5,QB9_A.html,q5,QB9_A#q5,True,True,True,Admiralty law — what is it? What is a maritime lien? How is the CE related to the Admiralty Act?,Admiralty law — what is it? What is a maritime lien? How is the CE related to the Admiralty Act?,1.0,OK,False
252,nair,Nair,ce_tip,/meoclass1/QB9_A.html#q7,QB9_A.html,q7,QB9_A#q7,True,True,True,SUA Convention — details and new amendments. FAL Convention — explanation and effect on maritime security. London Convention — what does it cover? OPR,SUA Convention — details and new amendments. FAL Convention — explanation and effect on maritime security. London Convention — what does it cover? OPR,1.0,OK,False
253,nair,Nair,ce_tip,/meoclass1/QB9_B.html#q5,QB9_B.html,q5,QB9_B#q5,True,True,True,War risk / vessel hardening / BMP5 — provide detailed maritime law and engineering application.,War risk / vessel hardening / BMP5 — provide detailed maritime law and engineering application.,1.0,OK,False
254,nair,Nair,ce_tip,/meoclass1/QB9_E.html#q1,QB9_E.html,q1,QB9_E#q1,True,True,True,TMSA,TMSA,1.0,OK,False
255,nair,Nair,ce_tip,/meoclass1/QB9_E.html#q3,QB9_E.html,q3,QB9_E#q3,True,True,True,War Time Marine Insurance & Extra Premiums,War Time Marine Insurance & Extra Premiums,1.0,OK,False
256,nair,Nair,ce_tip,/meoclass1/QB9_E.html#q7,QB9_E.html,q7,QB9_E#q7,True,True,True,P&I Club Coverage in Hormuz,P&I Club Coverage in Hormuz,1.0,OK,False
257,nair,Nair,ce_tip,/meoclass1/QB9_E.html#q8,QB9_E.html,q8,QB9_E#q8,True,True,True,MS Act Provisions for Competency Exams,MS Act Provisions for Competency Exams,1.0,OK,False
258,nair,Nair,ce_tip,/meoclass1/QB9_E.html#q12,QB9_E.html,q12,QB9_E#q12,True,True,True,Inchmaree Clause in Marine Insurance,Inchmaree Clause in Marine Insurance,1.0,OK,False
259,nair,Nair,ce_tip,/meoclass1/QB9_F.html#q1,QB9_F.html,q1,QB9_F#q1,True,True,True,Uniform Law and Conflict of Law in Maritime Context,Uniform Law and Conflict of Law in Maritime Context,1.0,OK,False
260,nair,Nair,ce_tip,/meoclass1/QB9_F.html#q2,QB9_F.html,q2,QB9_F#q2,True,True,True,Port of Refuge,Port of Refuge,1.0,OK,False
261,nair,Nair,ce_tip,/meoclass1/QB9_H.html#q2,QB9_H.html,q2,QB9_H#q2,True,True,True,"Ship casualty — step by step, who responds, and how does the Flag State conduct its process?","Ship casualty — step by step, who responds, and how does the Flag State conduct its process?",1.0,OK,False
262,nair,Nair,ce_tip,/meoclass1/QB9_H.html#q3,QB9_H.html,q3,QB9_H#q3,True,True,True,"If a casualty delays your ship, who compensates for that loss?","If a casualty delays your ship, who compensates for that loss?",1.0,OK,False
263,nair,Nair,ce_tip,/meoclass1/QB9_H.html#q4,QB9_H.html,q4,QB9_H#q4,True,True,True,"If you don't receive salary or sign-off, how do you approach it via a grievance letter — and what if there's no resolution?","If you don't receive salary or sign-off, how do you approach it via a grievance letter — and what if there's no resolution?",1.0,OK,False
264,nair,Nair,ce_tip,/meoclass1/QB9_H.html#q5,QB9_H.html,q5,QB9_H#q5,True,True,True,How do you assess a junior officer / give an appraisal — what procedure and marking do you use?,How do you assess a junior officer / give an appraisal — what procedure and marking do you use?,1.0,OK,False
265,nair,Nair,ce_tip,/meoclass1/QB9_H.html#q6,QB9_H.html,q6,QB9_H#q6,True,True,True,"How do you evaluate a new company before joining, and ensure MLC compliance?","How do you evaluate a new company before joining, and ensure MLC compliance?",1.0,OK,False
266,nair,Nair,ce_tip,/meoclass1/QB9_H.html#q8,QB9_H.html,q8,QB9_H#q8,True,True,True,What are the different types of liability in shipping?,What are the different types of liability in shipping?,1.0,OK,False
267,nair,Nair,ce_tip,/meoclass1/QB10_A.html#q1,QB10_A.html,q1,QB10_A#q1,True,True,True,Describe the type of vessel you have sailed on and its key engineering features.,Describe the type of vessel you have sailed on and its key engineering features.,1.0,OK,False
268,nair,Nair,ce_tip,/meoclass1/QB10_A.html#q4,QB10_A.html,q4,QB10_A#q4,True,True,True,Describe the latest technology deployed on your vessel.,Describe the latest technology deployed on your vessel.,1.0,OK,False
269,nair,Nair,header,/meoclass1/QB1_B.html#q4,QB1_B.html,q4,QB1_B#q4,True,True,True,What does STSDSS stand for and what is it?,What does STSDSS stand for and what is it?,1.0,OK,False
270,nair,Nair,header,/meoclass1/QB1_B.html#q14,QB1_B.html,q14,QB1_B#q14,True,True,True,"What is General Average, and what is the procedure followed onboard when GA is declared?","What is General Average, and what is the procedure followed onboard when GA is declared?",1.0,OK,False
271,nair,Nair,header,/meoclass1/QB1_B.html#q20,QB1_B.html,q20,QB1_B#q20,True,True,True,What is subrogation in the context of marine insurance/P&I claims?,What is subrogation in the context of marine insurance/P&I claims?,1.0,OK,False
272,nair,Nair,header,/meoclass1/QB4_E.html#q5,QB4_E.html,q5,QB4_E#q5,True,True,True,ISM Code elements — list all 12 elements and explain the key ones.,ISM Code elements — list all 12 elements and explain the key ones.,1.0,OK,False
273,nair,Nair,header,/meoclass1/QB4_E.html#q6,QB4_E.html,q6,QB4_E#q6,True,True,True,Master's review and authority under ISM Code — overriding authority?,Master's review and authority under ISM Code — overriding authority?,1.0,OK,False
274,nair,Nair,header,/meoclass1/QB4_E.html#q7,QB4_E.html,q7,QB4_E#q7,True,True,True,How is continuous improvement achieved under the ISM Code?,How is continuous improvement achieved under the ISM Code?,1.0,OK,False
275,nair,Nair,header,/meoclass1/QB4_E.html#q8,QB4_E.html,q8,QB4_E#q8,True,True,True,"PSC — appeal process, codes involved, and process after detention?","PSC — appeal process, codes involved, and process after detention?",1.0,OK,False
276,nair,Nair,inferred,/meoclass1/QB1_F.html#q3,QB1_F.html,q3,QB1_F#q3,True,True,True,"VGM (Verified Gross Mass) — who issues, who verifies, where it is mentioned, and the two methods of determination","VGM (Verified Gross Mass) — who issues, who verifies, where it is mentioned, and the two methods of determination",1.0,OK,False
277,nair,Nair,inferred,/meoclass1/QB1_H.html#q3,QB1_H.html,q3,QB1_H#q3,True,True,True,"Differentiate between an IACS Unified Requirement (UR), Procedural Requirement (PR), and Unified Interpretation (UI).","Differentiate between an IACS Unified Requirement (UR), Procedural Requirement (PR), and Unified Interpretation (UI).",1.0,OK,False
278,nair,Nair,inferred,/meoclass1/QB1_H.html#q4,QB1_H.html,q4,QB1_H#q4,True,True,True,"Describe the windlass/mooring winch brake rendering test — purpose, calculation basis, and procedure.","Describe the windlass/mooring winch brake rendering test — purpose, calculation basis, and procedure.",1.0,OK,False
279,nair,Nair,inferred,/meoclass1/QB1_supplementary.html#q2,QB1_supplementary.html,q2,QB1_supplementary#q2,True,True,True,State the Intact Stability Criteria — IS Code 2008 (MSC.267(85)). Give all numerical values.,State the Intact Stability Criteria — IS Code 2008 (MSC.267(85)). Give all numerical values.,1.0,OK,False
280,nair,Nair,inferred,/meoclass1/QB1_supplementary.html#q3,QB1_supplementary.html,q3,QB1_supplementary#q3,True,True,True,State the Damage Stability Criteria for cargo ships under SOLAS 2009 amendments. What is A ≥ R?,State the Damage Stability Criteria for cargo ships under SOLAS 2009 amendments. What is A ≥ R?,1.0,OK,False
281,nair,Nair,inferred,/meoclass1/QB1_supplementary.html#q5,QB1_supplementary.html,q5,QB1_supplementary#q5,True,True,True,Load Line Survey preparations as Chief Engineer. What are your engine room responsibilities?,Load Line Survey preparations as Chief Engineer. What are your engine room responsibilities?,1.0,OK,False
282,nair,Nair,inferred,/meoclass1/QB1_supplementary.html#q9,QB1_supplementary.html,q9,QB1_supplementary#q9,True,True,True,What is the Factor of Subdivision? How is it determined and what does a lower value indicate?,What is the Factor of Subdivision? How is it determined and what does a lower value indicate?,1.0,OK,False
283,nair,Nair,inferred,/meoclass1/QB1_supplementary.html#q10,QB1_supplementary.html,q10,QB1_supplementary#q10,True,True,True,Draw and explain the GZ / Statical Stability Curve. Label all key points.,Draw and explain the GZ / Statical Stability Curve. Label all key points.,1.0,OK,False
284,nair,Nair,inferred,/meoclass1/QB1_supplementary.html#q11,QB1_supplementary.html,q11,QB1_supplementary#q11,True,True,True,What are Cross Curves of Stability (KN Curves)? How are they constructed and used?,What are Cross Curves of Stability (KN Curves)? How are they constructed and used?,1.0,OK,False
285,nair,Nair,inferred,/meoclass1/QB1_supplementary.html#q12,QB1_supplementary.html,q12,QB1_supplementary#q12,True,True,True,"Explain Free Surface Effect — formula, effect on GM, and how to reduce it.","Explain Free Surface Effect — formula, effect on GM, and how to reduce it.",1.0,OK,False
286,nair,Nair,inferred,/meoclass1/QB1_supplementary.html#q13,QB1_supplementary.html,q13,QB1_supplementary#q13,True,True,True,"What is Angle of Loll? Cause, recognition, and correct corrective actions — in full.","What is Angle of Loll? Cause, recognition, and correct corrective actions — in full.",1.0,OK,False
287,nair,Nair,inferred,/meoclass1/QB1_supplementary.html#q14,QB1_supplementary.html,q14,QB1_supplementary#q14,True,True,True,What is Dynamic Stability? How does it differ from static stability and why does it matter?,What is Dynamic Stability? How does it differ from static stability and why does it matter?,1.0,OK,False
288,nair,Nair,inferred,/meoclass1/QB1_supplementary.html#q15,QB1_supplementary.html,q15,QB1_supplementary#q15,True,True,True,"What is an Inclining Experiment? Purpose, principle, pre-inclining checks, and when must it be repeated?","What is an Inclining Experiment? Purpose, principle, pre-inclining checks, and when must it be repeated?",1.0,OK,False
289,nair,Nair,inferred,/meoclass1/QB1_supplementary.html#q16,QB1_supplementary.html,q16,QB1_supplementary#q16,True,True,True,"Contents of the Damage Control Plan. What must it contain per SOLAS, and where must it be kept?","Contents of the Damage Control Plan. What must it contain per SOLAS, and where must it be kept?",1.0,OK,False
290,nair,Nair,inferred,/meoclass1/QB1_supplementary.html#q17,QB1_supplementary.html,q17,QB1_supplementary#q17,True,True,True,"What is the Shell Expansion Plan? How is it used, and what is Frame Number 0?","What is the Shell Expansion Plan? How is it used, and what is Frame Number 0?",1.0,OK,False
291,nair,Nair,inferred,/meoclass1/QB1_supplementary.html#q18,QB1_supplementary.html,q18,QB1_supplementary#q18,True,True,True,"SOLAS requirements for the Collision Bulkhead: position from FP, height, and permitted openings.","SOLAS requirements for the Collision Bulkhead: position from FP, height, and permitted openings.",1.0,OK,False
292,nair,Nair,inferred,/meoclass1/QB1_supplementary.html#q19,QB1_supplementary.html,q19,QB1_supplementary#q19,True,True,True,What is Propeller Blade Pitch Ratio (P/D)? Effect on efficiency and what is positive slip?,What is Propeller Blade Pitch Ratio (P/D)? Effect on efficiency and what is positive slip?,1.0,OK,False
293,nair,Nair,inferred,/meoclass1/QB1_supplementary.html#q20,QB1_supplementary.html,q20,QB1_supplementary#q20,True,True,True,"Tail Shaft Survey — what is it, when is it due, and what is the complete procedure?","Tail Shaft Survey — what is it, when is it due, and what is the complete procedure?",1.0,OK,False
294,nair,Nair,inferred,/meoclass1/QB3_A.html#q2,QB3_A.html,q2,QB3_A#q2,True,True,True,"What is the difference between heel and list, and how is each corrected?","What is the difference between heel and list, and how is each corrected?",1.0,OK,False
295,nair,Nair,inferred,/meoclass1/QB3_A.html#q6,QB3_A.html,q6,QB3_A#q6,True,True,True,Explain the Enhanced Survey Programme (ESP) — what does it cover and what does the ESP file contain?,Explain the Enhanced Survey Programme (ESP) — what does it cover and what does the ESP file contain?,1.0,OK,False
296,nair,Nair,inferred,/meoclass1/QB3_A.html#q7,QB3_A.html,q7,QB3_A#q7,True,True,True,"What is the recent direction of ESP survey tightening, and what drives it?","What is the recent direction of ESP survey tightening, and what drives it?",1.0,OK,False
297,nair,Nair,inferred,/meoclass1/QB3_A.html#q9,QB3_A.html,q9,QB3_A#q9,True,True,True,"What certificates are issued under the AFS Convention, who issues them, and what is their validity?","What certificates are issued under the AFS Convention, who issues them, and what is their validity?",1.0,OK,False
298,nair,Nair,inferred,/meoclass1/QB3_A.html#q12,QB3_A.html,q12,QB3_A#q12,True,True,True,"What is ""substantial corrosion"" and how is it assessed?","What is ""substantial corrosion"" and how is it assessed?",1.0,OK,False
299,nair,Nair,inferred,/meoclass1/QB3_A.html#q14,QB3_A.html,q14,QB3_A#q14,True,True,True,How do Ship Construction File (SCF) and ESP/UTM interact in practice?,How do Ship Construction File (SCF) and ESP/UTM interact in practice?,1.0,OK,False
300,nair,Nair,inferred,/meoclass1/QB3_A.html#q16,QB3_A.html,q16,QB3_A#q16,True,True,True,EEDI reference line and container ships (context add‑on),EEDI reference line and container ships (context add‑on),1.0,OK,False
301,nair,Nair,inferred,/meoclass1/QB3_A.html#q17,QB3_A.html,q17,QB3_A#q17,True,True,True,"What is the class quarterly listing / survey status report, and how does the CE use it?","What is the class quarterly listing / survey status report, and how does the CE use it?",1.0,OK,False
302,nair,Nair,inferred,/meoclass1/QB3_B.html#q1,QB3_B.html,q1,QB3_B#q1,True,True,True,What is a hull survey — what does it cover and what are the requirements?,What is a hull survey — what does it cover and what are the requirements?,1.0,OK,False
303,nair,Nair,inferred,/meoclass1/QB3_B.html#q2,QB3_B.html,q2,QB3_B#q2,True,True,True,What are the criteria for steel plate renewal during a hull survey?,What are the criteria for steel plate renewal during a hull survey?,1.0,OK,False
304,nair,Nair,inferred,/meoclass1/QB3_B.html#q4,QB3_B.html,q4,QB3_B#q4,True,True,True,"What is the definition of 'substantial corrosion' in the context of hull surveys, and what criteria determine when it applies?","What is the definition of 'substantial corrosion' in the context of hull surveys, and what criteria determine when it applies?",1.0,OK,False
305,nair,Nair,inferred,/meoclass1/QB3_B.html#q5,QB3_B.html,q5,QB3_B#q5,True,True,True,"Give a full overview of the Enhanced Survey Programme (ESP) Code — scope, ship types covered, survey cycles, and key CE responsibilities.","Give a full overview of the Enhanced Survey Programme (ESP) Code — scope, ship types covered, survey cycles, and key CE responsibilities.",1.0,OK,False
306,nair,Nair,inferred,/meoclass1/QB3_B.html#q6,QB3_B.html,q6,QB3_B#q6,True,True,True,"Explain Goal-Based Standards (GBS) under SOLAS Chapter II-1 — what they are, how they work, and their significance for ship construction.","Explain Goal-Based Standards (GBS) under SOLAS Chapter II-1 — what they are, how they work, and their significance for ship construction.",1.0,OK,False
307,nair,Nair,inferred,/meoclass1/QB3_B.html#q7,QB3_B.html,q7,QB3_B#q7,True,True,True,"What is the Ship Construction File, what must it contain, and what is its purpose?","What is the Ship Construction File, what must it contain, and what is its purpose?",1.0,OK,False
308,nair,Nair,inferred,/meoclass1/QB3_B.html#q8,QB3_B.html,q8,QB3_B#q8,True,True,True,"Describe the full drydocking process and requirements for a ship — including intervals, what inspections are carried out, and CE responsibilities.","Describe the full drydocking process and requirements for a ship — including intervals, what inspections are carried out, and CE responsibilities.",1.0,OK,False
309,nair,Nair,inferred,/meoclass1/QB3_B.html#q10,QB3_B.html,q10,QB3_B#q10,True,True,True,"Under which rules is a bulk carrier built, and where is this referenced in SOLAS?","Under which rules is a bulk carrier built, and where is this referenced in SOLAS?",1.0,OK,False
310,nair,Nair,inferred,/meoclass1/QB3_B.html#q12,QB3_B.html,q12,QB3_B#q12,True,True,True,What are the alarms and trips fitted to an Inert Gas (IG) system on a tanker / container ship?,What are the alarms and trips fitted to an Inert Gas (IG) system on a tanker / container ship?,1.0,OK,False
311,nair,Nair,inferred,/meoclass1/QB3_B.html#q17,QB3_B.html,q17,QB3_B#q17,True,True,True,How do you test the high pressure and low-low pressure alarms on an IG system?,How do you test the high pressure and low-low pressure alarms on an IG system?,1.0,OK,False
312,nair,Nair,inferred,/meoclass1/QB3_B.html#q19,QB3_B.html,q19,QB3_B#q19,True,True,True,"What does GESAMP stand for, and what is its role in the maritime context?","What does GESAMP stand for, and what is its role in the maritime context?",1.0,OK,False
313,nair,Nair,inferred,/meoclass1/QB3_F.html#q1,QB3_F.html,q1,QB3_F#q1,True,True,True,"Define Special Area and PSSA under MARPOL/IMO, with examples.","Define Special Area and PSSA under MARPOL/IMO, with examples.",1.0,OK,False
314,nair,Nair,inferred,/meoclass1/QB3_F.html#q3,QB3_F.html,q3,QB3_F#q3,True,True,True,What is the discharge criteria for oil tankers under MARPOL Annex I?,What is the discharge criteria for oil tankers under MARPOL Annex I?,1.0,OK,False
315,nair,Nair,inferred,/meoclass1/QB3_G.html#q3,QB3_G.html,q3,QB3_G#q3,True,True,True,"Describe the ship recycling procedure in India under the Recycling of Ships Act, 2019.","Describe the ship recycling procedure in India under the Recycling of Ships Act, 2019.",1.0,OK,False
316,nair,Nair,inferred,/meoclass1/QB3_G.html#q4,QB3_G.html,q4,QB3_G#q4,True,True,True,"Ship recycling cross-questions: what practical, safety-critical checks will an examiner probe beyond the standard procedure?","Ship recycling cross-questions: what practical, safety-critical checks will an examiner probe beyond the standard procedure?",1.0,OK,False
317,nair,Nair,inferred,/meoclass1/QB4_A.html#q2,QB4_A.html,q2,QB4_A#q2,True,True,True,"As Chief Engineer, what are your specific roles and responsibilities as defined in the SMS manual?","As Chief Engineer, what are your specific roles and responsibilities as defined in the SMS manual?",1.0,OK,False
318,nair,Nair,inferred,/meoclass1/QB4_A.html#q6,QB4_A.html,q6,QB4_A#q6,True,True,True,"Your vessel is detained by PSC. What are the grounds for detention, what actions do you take, and what is the appeal procedure?","Your vessel is detained by PSC. What are the grounds for detention, what actions do you take, and what is the appeal procedure?",1.0,OK,False
319,nair,Nair,inferred,/meoclass1/QB4_A.html#q11,QB4_A.html,q11,QB4_A#q11,True,True,True,"Explain the ISPS Code — types of certificates, security levels, and the role of the SSO.","Explain the ISPS Code — types of certificates, security levels, and the role of the SSO.",1.0,OK,False
320,nair,Nair,inferred,/meoclass1/QB4_A.html#q12,QB4_A.html,q12,QB4_A#q12,True,True,True,"What does the Ship Security Plan (SSP) contain, who approves it, and is it confidential?","What does the Ship Security Plan (SSP) contain, who approves it, and is it confidential?",1.0,OK,False
321,nair,Nair,inferred,/meoclass1/QB4_A.html#q15,QB4_A.html,q15,QB4_A#q15,True,True,True,"What are the hours of work and rest limits under MLC 2006 and STCW, and how is rest splitting governed?","What are the hours of work and rest limits under MLC 2006 and STCW, and how is rest splitting governed?",1.0,OK,False
322,nair,Nair,inferred,/meoclass1/QB4_A.html#q18,QB4_A.html,q18,QB4_A#q18,True,True,True,"What did the STCW 2010 Manila Amendments change, and what is the Chief Engineer's certificate benchmark?","What did the STCW 2010 Manila Amendments change, and what is the Chief Engineer's certificate benchmark?",1.0,OK,False
323,nair,Nair,inferred,/meoclass1/QB4_B.html#q2,QB4_B.html,q2,QB4_B#q2,True,True,True,What are your responsibilities and what do you check when taking over as Chief Engineer on a new vessel?,What are your responsibilities and what do you check when taking over as Chief Engineer on a new vessel?,1.0,OK,False
324,nair,Nair,inferred,/meoclass1/QB4_B.html#q7,QB4_B.html,q7,QB4_B#q7,True,True,True,What leadership qualities are expected of a Chief Engineer?,What leadership qualities are expected of a Chief Engineer?,1.0,OK,False
325,nair,Nair,inferred,/meoclass1/QB4_B.html#q10,QB4_B.html,q10,QB4_B#q10,True,True,True,How do you specifically motivate Junior Engineers (JEs) onboard as Chief Engineer?,How do you specifically motivate Junior Engineers (JEs) onboard as Chief Engineer?,1.0,OK,False
326,nair,Nair,inferred,/meoclass1/QB4_G.html#q1,QB4_G.html,q1,QB4_G#q1,True,True,True,flag state vs ro diffrence,flag state vs ro diffrence,1.0,OK,False
327,nair,Nair,inferred,/meoclass1/QB4_G.html#q3,QB4_G.html,q3,QB4_G#q3,True,True,True,STCW -As a chief engineer how will you decide on watchkeeping composition .(STCW CH-8),STCW -As a chief engineer how will you decide on watchkeeping composition .(STCW CH-8),1.0,OK,False
328,nair,Nair,inferred,/meoclass1/QB4_G.html#q9,QB4_G.html,q9,QB4_G#q9,True,True,True,"OCIMF — what is it, tools of OCIMF and brief explanation of each.","OCIMF — what is it, tools of OCIMF and brief explanation of each.",1.0,OK,False
329,nair,Nair,inferred,/meoclass1/QB4_H.html#q3,QB4_H.html,q3,QB4_H#q3,True,True,True,"What security-related courses are required for seafarers under STCW/ISPS, and what does each cover?","What security-related courses are required for seafarers under STCW/ISPS, and what does each cover?",1.0,OK,False
330,nair,Nair,inferred,/meoclass1/QB4_H.html#q4,QB4_H.html,q4,QB4_H#q4,True,True,True,Describe the procedure for testing the Ship Security Alert System (SSAS).,Describe the procedure for testing the Ship Security Alert System (SSAS).,1.0,OK,False
331,nair,Nair,inferred,/meoclass1/QB4_H.html#q5,QB4_H.html,q5,QB4_H#q5,True,True,True,"What does AECS assess, and how does it differ from a routine engine room simulator course?","What does AECS assess, and how does it differ from a routine engine room simulator course?",1.0,OK,False
332,nair,Nair,inferred,/meoclass1/QB4_H.html#q6,QB4_H.html,q6,QB4_H#q6,True,True,True,"Under what circumstances may AIS be switched off, and what is the procedure?","Under what circumstances may AIS be switched off, and what is the procedure?",1.0,OK,False
333,nair,Nair,inferred,/meoclass1/QB4_H.html#q7,QB4_H.html,q7,QB4_H#q7,True,True,True,Differentiate between a Certificate of Competency (CoC) and a Certificate of Proficiency (CoP).,Differentiate between a Certificate of Competency (CoC) and a Certificate of Proficiency (CoP).,1.0,OK,False
334,nair,Nair,inferred,/meoclass1/QB4_H.html#q8,QB4_H.html,q8,QB4_H#q8,True,True,True,"Explain the difference between GPS/AIS jamming and spoofing, and their implications for a Chief Engineer.","Explain the difference between GPS/AIS jamming and spoofing, and their implications for a Chief Engineer.",1.0,OK,False
335,nair,Nair,inferred,/meoclass1/QB4_H.html#q11,QB4_H.html,q11,QB4_H#q11,True,True,True,"Describe the key content and operational phases of BMP5 (Best Management Practices, Version 5).","Describe the key content and operational phases of BMP5 (Best Management Practices, Version 5).",1.0,OK,False
336,nair,Nair,inferred,/meoclass1/QB7_E.html#q4,QB7_E.html,q4,QB7_E#q4,True,True,True,"Low flashpoint fuels — where are they used without requiring the IGF Code, and why is IGF not required there?","Low flashpoint fuels — where are they used without requiring the IGF Code, and why is IGF not required there?",1.0,OK,False
337,nair,Nair,inferred,/meoclass1/QB7_F.html#q1,QB7_F.html,q1,QB7_F#q1,True,True,True,"Green, Grey, Blue and Red hydrogen — differentiate between each type.","Green, Grey, Blue and Red hydrogen — differentiate between each type.",1.0,OK,False
338,nair,Nair,inferred,/meoclass1/QB9_A.html#q2,QB9_A.html,q2,QB9_A#q2,True,True,True,CLC Convention — explain fully including limits. Bunker Convention — why is it needed despite CLC?,CLC Convention — explain fully including limits. Bunker Convention — why is it needed despite CLC?,1.0,OK,False
339,nair,Nair,inferred,/meoclass1/QB9_A.html#q6,QB9_A.html,q6,QB9_A#q6,True,True,True,"Salvage — types, procedure, LOF, SCOPIC. What is the Wreck Removal Convention?","Salvage — types, procedure, LOF, SCOPIC. What is the Wreck Removal Convention?",1.0,OK,False
340,nair,Nair,inferred,/meoclass1/QB9_B.html#q1,QB9_B.html,q1,QB9_B#q1,True,True,True,CAS and CAP — what are they? What is general liability vs contractual liability? What is NOSDCP?,CAS and CAP — what are they? What is general liability vs contractual liability? What is NOSDCP?,1.0,OK,False
341,nair,Nair,inferred,/meoclass1/QB9_E.html#q5,QB9_E.html,q5,QB9_E#q5,True,True,True,What is Insurance?,What is Insurance?,1.0,OK,False
342,nair,Nair,inferred,/meoclass1/QB9_E.html#q10,QB9_E.html,q10,QB9_E#q10,True,True,True,Blue Economy,Blue Economy,1.0,OK,False
343,nair,Nair,inferred,/meoclass1/QB9_F.html#q3,QB9_F.html,q3,QB9_F#q3,True,True,True,Machinery Breakdown Insurance Claims,Machinery Breakdown Insurance Claims,1.0,OK,False
344,nair,Nair,inferred,/meoclass1/QB9_F.html#q4,QB9_F.html,q4,QB9_F#q4,True,True,True,Fraudulent Registration of Ships,Fraudulent Registration of Ships,1.0,OK,False
345,nair,Nair,inferred,/meoclass1/QB9_F.html#q5,QB9_F.html,q5,QB9_F#q5,True,True,True,Continuous Hot Pursuit,Continuous Hot Pursuit,1.0,OK,False
346,nair,Nair,inferred,/meoclass1/QB9_F.html#q6,QB9_F.html,q6,QB9_F#q6,True,True,True,Cabotage Law,Cabotage Law,1.0,OK,False
347,nair,Nair,inferred,/meoclass1/QB9_F.html#q8,QB9_F.html,q8,QB9_F#q8,True,True,True,Flag of Convenience (FOC) / Open Registry,Flag of Convenience (FOC) / Open Registry,1.0,OK,False
348,nair,Nair,inferred,/meoclass1/QB9_F.html#q9,QB9_F.html,q9,QB9_F#q9,True,True,True,RightShip Inspection,RightShip Inspection,1.0,OK,False
349,nair,Nair,inferred,/meoclass1/QB9_F.html#q10,QB9_F.html,q10,QB9_F#q10,True,True,True,Clear Grounds,Clear Grounds,1.0,OK,False
350,nair,Nair,inferred,/meoclass1/QB9_F.html#q11,QB9_F.html,q11,QB9_F#q11,True,True,True,Official Number,Official Number,1.0,OK,False
351,nair,Nair,inferred,/meoclass1/QB10_A.html#q2,QB10_A.html,q2,QB10_A#q2,True,True,True,If asked about general cargo/multi-purpose vessels: describe their key engineering and stability features.,If asked about general cargo/multi-purpose vessels: describe their key engineering and stability features.,1.0,OK,False
352,nair,Nair,inferred,/meoclass1/QB10_A.html#q3,QB10_A.html,q3,QB10_A#q3,True,True,True,Explain the Sagarmala Programme in detail.,Explain the Sagarmala Programme in detail.,1.0,OK,False
353,nair,Nair,inferred,/meoclass1/QB10_A.html#q5,QB10_A.html,q5,QB10_A#q5,True,True,True,Explain the Maritime Amrit Kaal Vision 2047.,Explain the Maritime Amrit Kaal Vision 2047.,1.0,OK,False
354,simon,Simon,confirmed,/meoclass1/QB1_A.html#q3,QB1_A.html,q3,QB1_A#q3,True,True,True,LLMC Convention — Who pays within and after the limits?,LLMC Convention — Who pays within and after the limits?,1.0,OK,False
355,simon,Simon,confirmed,/meoclass1/QB1_A.html#q4,QB1_A.html,q4,QB1_A#q4,True,True,True,Bunker Convention 2001 — Explain in detail. Why was it required despite CLC?,Bunker Convention 2001 — Explain in detail. Why was it required despite CLC?,1.0,OK,False
356,simon,Simon,confirmed,/meoclass1/QB1_A.html#q7,QB1_A.html,q7,QB1_A#q7,True,True,True,Admiralty Law — Explain. How is the Chief Engineer related to the Admiralty Act?,Admiralty Law — Explain. How is the Chief Engineer related to the Admiralty Act?,1.0,OK,False
357,simon,Simon,confirmed,/meoclass1/QB1_A.html#q13,QB1_A.html,q13,QB1_A#q13,True,True,True,London Convention — Explain with cross questions.,London Convention — Explain with cross questions.,1.0,OK,False
358,simon,Simon,confirmed,/meoclass1/QB1_A.html#q16,QB1_A.html,q16,QB1_A#q16,True,True,True,Basel Convention — Explain. Certificates. PIC. ESM.,Basel Convention — Explain. Certificates. PIC. ESM.,1.0,OK,False
359,simon,Simon,confirmed,/meoclass1/QB1_A.html#q18,QB1_A.html,q18,QB1_A#q18,True,True,True,FAL Convention — Explanation and its effect on maritime security.,FAL Convention — Explanation and its effect on maritime security.,1.0,OK,False
360,simon,Simon,confirmed,/meoclass1/QB1_A.html#q23,QB1_A.html,q23,QB1_A#q23,True,True,True,Hot Pursuit — Definition and conditions required.,Hot Pursuit — Definition and conditions required.,1.0,OK,False
361,simon,Simon,confirmed,/meoclass1/QB1_A.html#q24,QB1_A.html,q24,QB1_A#q24,True,True,True,Casualty Investigation Code — Why? How to report? Human elements to consider.,Casualty Investigation Code — Why? How to report? Human elements to consider.,1.0,OK,False
362,simon,Simon,confirmed,/meoclass1/QB1_A.html#q28,QB1_A.html,q28,QB1_A#q28,True,True,True,Subrogation — Explain in context of marine insurance.,Subrogation — Explain in context of marine insurance.,1.0,OK,False
363,simon,Simon,confirmed,/meoclass1/QB1_B.html#q5,QB1_B.html,q5,QB1_B#q5,True,True,True,What is a Continuous Synopsis Record (CSR) and what types/categories of CSR entries exist?,What is a Continuous Synopsis Record (CSR) and what types/categories of CSR entries exist?,1.0,OK,False
364,simon,Simon,confirmed,/meoclass1/QB1_B.html#q7,QB1_B.html,q7,QB1_B#q7,True,True,True,What criteria must an organisation meet to become a Recognised Organisation (RO) under IMO/Flag State delegation?,What criteria must an organisation meet to become a Recognised Organisation (RO) under IMO/Flag State delegation?,1.0,OK,False
365,simon,Simon,confirmed,/meoclass1/QB1_B.html#q8,QB1_B.html,q8,QB1_B#q8,True,True,True,How are MLC 2006 and RPSL (Recruitment and Placement Service Licence) related with respect to seafarer welfare and recruitment?,How are MLC 2006 and RPSL (Recruitment and Placement Service Licence) related with respect to seafarer welfare and recruitment?,1.0,OK,False
366,simon,Simon,confirmed,/meoclass1/QB1_B.html#q9,QB1_B.html,q9,QB1_B#q9,True,True,True,"What is MACN, which ships does it apply to, and is it applicable to your vessel?","What is MACN, which ships does it apply to, and is it applicable to your vessel?",1.0,OK,False
367,simon,Simon,confirmed,/meoclass1/QB1_B.html#q19,QB1_B.html,q19,QB1_B#q19,True,True,True,What does 'clear ground' mean in the context of marine insurance/claims?,What does 'clear ground' mean in the context of marine insurance/claims?,1.0,OK,False
368,simon,Simon,confirmed,/meoclass1/QB1_C.html#q1,QB1_C.html,q1,QB1_C#q1,True,True,True,Reserve buoyancy and the GZ curve?,Reserve buoyancy and the GZ curve?,1.0,OK,False
369,simon,Simon,confirmed,/meoclass1/QB1_C.html#q2,QB1_C.html,q2,QB1_C#q2,True,True,True,Static vs dynamic stability?,Static vs dynamic stability?,1.0,OK,False
370,simon,Simon,confirmed,/meoclass1/QB1_C.html#q3,QB1_C.html,q3,QB1_C#q3,True,True,True,Tender vs stiff ship — problems of excessive stiffness?,Tender vs stiff ship — problems of excessive stiffness?,1.0,OK,False
371,simon,Simon,confirmed,/meoclass1/QB1_C.html#q6,QB1_C.html,q6,QB1_C#q6,True,True,True,Hull hole found — CE actions and Condition of Class?,Hull hole found — CE actions and Condition of Class?,1.0,OK,False
372,simon,Simon,confirmed,/meoclass1/QB1_E.html#q1,QB1_E.html,q1,QB1_E#q1,True,True,True,SEQ (Safety Equipment) survey — documents required and how do you prepare for it?,SEQ (Safety Equipment) survey — documents required and how do you prepare for it?,1.0,OK,False
373,simon,Simon,confirmed,/meoclass1/QB1_E.html#q2,QB1_E.html,q2,QB1_E#q2,True,True,True,Corrosion limits — what are the acceptable corrosion/diminution limits for hull structure?,Corrosion limits — what are the acceptable corrosion/diminution limits for hull structure?,1.0,OK,False
374,simon,Simon,confirmed,/meoclass1/QB1_F.html#q13,QB1_F.html,q13,QB1_F#q13,True,True,True,"audit, survey,inspection,statutory suvery definitions and differences","audit, survey,inspection,statutory suvery definitions and differences",1.0,OK,False
375,simon,Simon,confirmed,/meoclass1/QB1_F.html#q14,QB1_F.html,q14,QB1_F#q14,True,True,True,Types of survey and what is CSM survey,Types of survey and what is CSM survey,1.0,OK,False
376,simon,Simon,confirmed,/meoclass1/QB1_F.html#q15,QB1_F.html,q15,QB1_F#q15,True,True,True,What all items cannot be credited by chief engineer in a CSM survey,What all items cannot be credited by chief engineer in a CSM survey,1.0,OK,False
377,simon,Simon,confirmed,/meoclass1/QB1_F.html#q20,QB1_F.html,q20,QB1_F#q20,True,True,True,container latest amendments,container latest amendments,1.0,OK,False
378,simon,Simon,confirmed,/meoclass1/QB1_G.html#q21,QB1_G.html,q21,QB1_G#q21,True,True,True,sustainable development,sustainable development,1.0,OK,False
379,simon,Simon,confirmed,/meoclass1/QB1_G.html#q22,QB1_G.html,q22,QB1_G#q22,True,True,True,Midterm measures and technical elements,Midterm measures and technical elements,1.0,OK,False
380,simon,Simon,confirmed,/meoclass1/QB1_G.html#q23,QB1_G.html,q23,QB1_G#q23,True,True,True,ER ventillation requirement and where its mentioned ( its a cross question by above qstn),ER ventillation requirement and where its mentioned ( its a cross question by above qstn),1.0,OK,False
381,simon,Simon,confirmed,/meoclass1/QB1_G.html#q24,QB1_G.html,q24,QB1_G#q24,True,True,True,"Total no of person can accomodate onboard , which certficate mentinong the same .","Total no of person can accomodate onboard , which certficate mentinong the same .",1.0,OK,False
382,simon,Simon,confirmed,/meoclass1/QB1_G.html#q27,QB1_G.html,q27,QB1_G#q27,True,True,True,"GT, NT , Container ship calculation","GT, NT , Container ship calculation",1.0,OK,False
383,simon,Simon,confirmed,/meoclass1/QB1_G.html#q28,QB1_G.html,q28,QB1_G#q28,True,True,True,⁠electronic cert requirements,⁠electronic cert requirements,1.0,OK,False
384,simon,Simon,confirmed,/meoclass1/QB1_G.html#q32,QB1_G.html,q32,QB1_G#q32,True,True,True,Empanelment of salvors. (MS Notice 1 of 2026),Empanelment of salvors. (MS Notice 1 of 2026),1.0,OK,False
385,simon,Simon,confirmed,/meoclass1/QB1_G.html#q37,QB1_G.html,q37,QB1_G#q37,True,True,True,Why tankers have less freeboard.cross questions.,Why tankers have less freeboard.cross questions.,1.0,OK,False
386,simon,Simon,confirmed,/meoclass1/QB1_G.html#q38,QB1_G.html,q38,QB1_G#q38,True,True,True,Basel convention.cross question,Basel convention.cross question,1.0,OK,False
387,simon,Simon,confirmed,/meoclass1/QB1_G.html#q39,QB1_G.html,q39,QB1_G#q39,True,True,True,Knee in ship structure — what is it and what is its function?,Knee in ship structure — what is it and what is its function?,1.0,OK,False
388,simon,Simon,confirmed,/meoclass1/QB1_I.html#q1,QB1_I.html,q1,QB1_I#q1,True,True,True,"What is the ESP Code, in full?","What is the ESP Code, in full?",1.0,OK,False
389,simon,Simon,confirmed,/meoclass1/QB1_I.html#q3,QB1_I.html,q3,QB1_I#q3,True,True,True,"Relation between DWT, NT, GT and lightweight — how are they related?","Relation between DWT, NT, GT and lightweight — how are they related?",1.0,OK,False
390,simon,Simon,confirmed,/meoclass1/QB1_I.html#q4,QB1_I.html,q4,QB1_I#q4,True,True,True,Anniversary date of a certificate — how is it defined and used?,Anniversary date of a certificate — how is it defined and used?,1.0,OK,False
391,simon,Simon,confirmed,/meoclass1/QB1_K.html#q1,QB1_K.html,q1,QB1_K#q1,True,True,True,What qualifications are needed to become a Class auditor?,What qualifications are needed to become a Class auditor?,1.0,OK,False
392,simon,Simon,confirmed,/meoclass1/QB1_K.html#q2,QB1_K.html,q2,QB1_K#q2,True,True,True,"Condition of Class — who issues it, and when?","Condition of Class — who issues it, and when?",1.0,OK,False
393,simon,Simon,confirmed,/meoclass1/QB2_A.html#q13,QB2_A.html,q13,QB2_A#q13,True,True,True,Cohesive cargo — definition. Can you carry logs in a bulk carrier and what are the precautions?,Cohesive cargo — definition. Can you carry logs in a bulk carrier and what are the precautions?,1.0,OK,False
394,simon,Simon,confirmed,/meoclass1/QB2_A.html#q17,QB2_A.html,q17,QB2_A#q17,True,True,True,"Chemical tanker discharge control — why 50 NM in special areas, why instantaneous rate (not ppm), and UNCLOS link.","Chemical tanker discharge control — why 50 NM in special areas, why instantaneous rate (not ppm), and UNCLOS link.",1.0,OK,False
395,simon,Simon,confirmed,/meoclass1/QB2_A.html#q18,QB2_A.html,q18,QB2_A#q18,True,True,True,Type 1 chemical tanker — tank washing and discharge criteria for Category X cargo.,Type 1 chemical tanker — tank washing and discharge criteria for Category X cargo.,1.0,OK,False
396,simon,Simon,confirmed,/meoclass1/QB2_A.html#q20,QB2_A.html,q20,QB2_A#q20,True,True,True,"Parametric rolling — cause, mechanism, why container ships are susceptible, cargo consequences, and CE's correction.","Parametric rolling — cause, mechanism, why container ships are susceptible, cargo consequences, and CE's correction.",1.0,OK,False
397,simon,Simon,confirmed,/meoclass1/QB2_A.html#q21,QB2_A.html,q21,QB2_A#q21,True,True,True,"Watertight vs weathertight — definitions, differences, and test methods.","Watertight vs weathertight — definitions, differences, and test methods.",1.0,OK,False
398,simon,Simon,confirmed,/meoclass1/QB2_B.html#q11,QB2_B.html,q11,QB2_B#q11,True,True,True,"What is the Verified Gross Mass (VGM) of a container? What information must it contain, how do you ensure the VGM is correct, and who is responsible for declaring and deciding the container weight?","What is the Verified Gross Mass (VGM) of a container? What information must it contain, how do you ensure the VGM is correct, and who is responsible for declaring and deciding the container weight?",1.0,OK,False
399,simon,Simon,confirmed,/meoclass1/QB2_B.html#q12,QB2_B.html,q12,QB2_B#q12,True,True,True,How are Gross Tonnage (GT) and Net Tonnage (NT) calculated for a container ship?,How are Gross Tonnage (GT) and Net Tonnage (NT) calculated for a container ship?,1.0,OK,False
400,simon,Simon,confirmed,/meoclass1/QB2_D.html#q2,QB2_D.html,q2,QB2_D#q2,True,True,True,"IAMSAR Manual — structure, volumes, and when do you use it?","IAMSAR Manual — structure, volumes, and when do you use it?",1.0,OK,False
401,simon,Simon,confirmed,/meoclass1/QB2_E.html#q1,QB2_E.html,q1,QB2_E#q1,True,True,True,"Lifeboat and rescue boat — location, and why is the rescue boat often positioned on the starboard side?","Lifeboat and rescue boat — location, and why is the rescue boat often positioned on the starboard side?",1.0,OK,False
402,simon,Simon,confirmed,/meoclass1/QB2_F.html#q6,QB2_F.html,q6,QB2_F#q6,True,True,True,What are the ventilation requirements for a totally enclosed lifeboat?,What are the ventilation requirements for a totally enclosed lifeboat?,1.0,OK,False
403,simon,Simon,confirmed,/meoclass1/QB2_G.html#q1,QB2_G.html,q1,QB2_G#q1,True,True,True,"Can you carry timber/log deck cargo on your vessel, and what precautions are taken?","Can you carry timber/log deck cargo on your vessel, and what precautions are taken?",1.0,OK,False
404,simon,Simon,confirmed,/meoclass1/QB2_G.html#q2,QB2_G.html,q2,QB2_G#q2,True,True,True,Why is the rescue boat typically located on the starboard side of the vessel?,Why is the rescue boat typically located on the starboard side of the vessel?,1.0,OK,False
405,simon,Simon,confirmed,/meoclass1/QB2_H.html#q2,QB2_H.html,q2,QB2_H#q2,True,True,True,"Difference between water lance and 'hydropen' for internal container firefighting, and use of water monitors.","Difference between water lance and 'hydropen' for internal container firefighting, and use of water monitors.",1.0,OK,False
406,simon,Simon,confirmed,/meoclass1/QB2_I.html#q1,QB2_I.html,q1,QB2_I#q1,True,True,True,"Fixed CO₂ fire system — what is the relief valve setting, and how is the line pressure tested?","Fixed CO₂ fire system — what is the relief valve setting, and how is the line pressure tested?",1.0,OK,False
407,simon,Simon,confirmed,/meoclass1/QB2_I.html#q2,QB2_I.html,q2,QB2_I#q2,True,True,True,"Fire in the CO₂ room — how do you fight it, and where is the relief valve outlet?","Fire in the CO₂ room — how do you fight it, and where is the relief valve outlet?",1.0,OK,False
408,simon,Simon,confirmed,/meoclass1/QB2_I.html#q3,QB2_I.html,q3,QB2_I#q3,True,True,True,Bursting disc — how does it burst?,Bursting disc — how does it burst?,1.0,OK,False
409,simon,Simon,confirmed,/meoclass1/QB2_I.html#q4,QB2_I.html,q4,QB2_I#q4,True,True,True,CO₂ bottle pressure testing — what is the regime?,CO₂ bottle pressure testing — what is the regime?,1.0,OK,False
410,simon,Simon,confirmed,/meoclass1/QB2_I.html#q5,QB2_I.html,q5,QB2_I#q5,True,True,True,What actions do you take if the emergency fire pump is not working during a Class survey?,What actions do you take if the emergency fire pump is not working during a Class survey?,1.0,OK,False
411,simon,Simon,confirmed,/meoclass1/QB2_I.html#q6,QB2_I.html,q6,QB2_I#q6,True,True,True,"Polar Code — what is the latest amendment, and what is its CE relevance?","Polar Code — what is the latest amendment, and what is its CE relevance?",1.0,OK,False
412,simon,Simon,confirmed,/meoclass1/QB2_I.html#q7,QB2_I.html,q7,QB2_I#q7,True,True,True,What is the IGC Code?,What is the IGC Code?,1.0,OK,False
413,simon,Simon,confirmed,/meoclass1/QB3_A.html#q15,QB3_A.html,q15,QB3_A#q15,True,True,True,"What is the SEQ survey, and what is the supplement to the Cargo Ship Safety Equipment Certificate?","What is the SEQ survey, and what is the supplement to the Cargo Ship Safety Equipment Certificate?",1.0,OK,False
414,simon,Simon,confirmed,/meoclass1/QB3_B.html#q18,QB3_B.html,q18,QB3_B#q18,True,True,True,What are marine pollutants and what is their ecosystem impact? How does MARPOL address this?,What are marine pollutants and what is their ecosystem impact? How does MARPOL address this?,1.0,OK,False
415,simon,Simon,confirmed,/meoclass1/QB3_E.html#q1,QB3_E.html,q1,QB3_E#q1,True,True,True,Fuel sulphur limit — can you go beyond 0.5% S? How do you come to know the applicable sulphur limit?,Fuel sulphur limit — can you go beyond 0.5% S? How do you come to know the applicable sulphur limit?,1.0,OK,False
416,simon,Simon,confirmed,/meoclass1/QB3_E.html#q2,QB3_E.html,q2,QB3_E#q2,True,True,True,EGCS (Exhaust Gas Cleaning System / scrubber) working principle — explain.,EGCS (Exhaust Gas Cleaning System / scrubber) working principle — explain.,1.0,OK,False
417,simon,Simon,confirmed,/meoclass1/QB3_E.html#q3,QB3_E.html,q3,QB3_E#q3,True,True,True,What is a Special Area under MARPOL? What is a PSSA (Particularly Sensitive Sea Area)?,What is a Special Area under MARPOL? What is a PSSA (Particularly Sensitive Sea Area)?,1.0,OK,False
418,simon,Simon,confirmed,/meoclass1/QB3_F.html#q2,QB3_F.html,q2,QB3_F#q2,True,True,True,What statutory certificates are required under MARPOL Annex VI?,What statutory certificates are required under MARPOL Annex VI?,1.0,OK,False
419,simon,Simon,confirmed,/meoclass1/QB3_F.html#q5,QB3_F.html,q5,QB3_F#q5,True,True,True,Discuss the Hong Kong Convention and India's perspective on ship recycling ratification and implementation.,Discuss the Hong Kong Convention and India's perspective on ship recycling ratification and implementation.,1.0,OK,False
420,simon,Simon,confirmed,/meoclass1/QB3_F.html#q6,QB3_F.html,q6,QB3_F#q6,True,True,True,What is a ship-breaking credit note and how does it work?,What is a ship-breaking credit note and how does it work?,1.0,OK,False
421,simon,Simon,confirmed,/meoclass1/QB3_G.html#q1,QB3_G.html,q1,QB3_G#q1,True,True,True,What is a FONAR (Fuel Oil Non-Availability Report) and when must it be filed?,What is a FONAR (Fuel Oil Non-Availability Report) and when must it be filed?,1.0,OK,False
422,simon,Simon,confirmed,/meoclass1/QB3_G.html#q2,QB3_G.html,q2,QB3_G#q2,True,True,True,What is the 'Dark Fleet' (Shadow Fleet) and what safety/environmental risks does it pose?,What is the 'Dark Fleet' (Shadow Fleet) and what safety/environmental risks does it pose?,1.0,OK,False
423,simon,Simon,confirmed,/meoclass1/QB3_H.html#q1,QB3_H.html,q1,QB3_H#q1,True,True,True,What are a PSA and a PSSA? Give an example of each.,What are a PSA and a PSSA? Give an example of each.,1.0,OK,False
424,simon,Simon,confirmed,/meoclass1/QB3_H.html#q4,QB3_H.html,q4,QB3_H#q4,True,True,True,Ship recycling procedure in India?,Ship recycling procedure in India?,1.0,OK,False
425,simon,Simon,confirmed,/meoclass1/QB3_H.html#q5,QB3_H.html,q5,QB3_H#q5,True,True,True,Ship recycling procedure. Cross questions.,Ship recycling procedure. Cross questions.,1.0,OK,False
426,simon,Simon,confirmed,/meoclass1/QB3_J.html#q1,QB3_J.html,q1,QB3_J#q1,True,True,True,Effects of CO₂ and methane on the atmosphere.,Effects of CO₂ and methane on the atmosphere.,1.0,OK,False
427,simon,Simon,confirmed,/meoclass1/QB3_J.html#q2,QB3_J.html,q2,QB3_J#q2,True,True,True,"What is carbon footprint, and how do you check the carbon footprint of your ship?","What is carbon footprint, and how do you check the carbon footprint of your ship?",1.0,OK,False
428,simon,Simon,confirmed,/meoclass1/QB3_J.html#q4,QB3_J.html,q4,QB3_J#q4,True,True,True,What are the tiers under OPRC?,What are the tiers under OPRC?,1.0,OK,False
429,simon,Simon,confirmed,/meoclass1/QB3_J.html#q5,QB3_J.html,q5,QB3_J#q5,True,True,True,What is NOS-DCP?,What is NOS-DCP?,1.0,OK,False
430,simon,Simon,confirmed,/meoclass1/QB4_A.html#q10,QB4_A.html,q10,QB4_A#q10,True,True,True,What is the meaning of 'statutory' in the context of ship certificates? List the main statutory certificates carried on a container vessel.,What is the meaning of 'statutory' in the context of ship certificates? List the main statutory certificates carried on a container vessel.,1.0,OK,False
431,simon,Simon,confirmed,/meoclass1/QB4_A.html#q19,QB4_A.html,q19,QB4_A#q19,True,True,True,Explain Formal Safety Assessment (FSA) and its application to Li-Ion battery fire risk.,Explain Formal Safety Assessment (FSA) and its application to Li-Ion battery fire risk.,1.0,OK,False
432,simon,Simon,confirmed,/meoclass1/QB4_B.html#q7,QB4_B.html,q7,QB4_B#q7,True,True,True,What leadership qualities are expected of a Chief Engineer?,What leadership qualities are expected of a Chief Engineer?,1.0,OK,False
433,simon,Simon,confirmed,/meoclass1/QB4_B.html#q12,QB4_B.html,q12,QB4_B#q12,True,True,True,What is the difference between competent and skilled labour in the context of STCW and shipboard operations?,What is the difference between competent and skilled labour in the context of STCW and shipboard operations?,1.0,OK,False
434,simon,Simon,confirmed,/meoclass1/QB4_B.html#q19,QB4_B.html,q19,QB4_B#q19,True,True,True,"In what circumstances would you switch off AIS, and who authorises this decision? How does this apply in a war zone scenario?","In what circumstances would you switch off AIS, and who authorises this decision? How does this apply in a war zone scenario?",1.0,OK,False
435,simon,Simon,confirmed,/meoclass1/QB4_C.html#q10,QB4_C.html,q10,QB4_C#q10,True,True,True,NC vs MNC?,NC vs MNC?,1.0,OK,False
436,simon,Simon,confirmed,/meoclass1/QB4_C.html#q11,QB4_C.html,q11,QB4_C#q11,True,True,True,PSC deficiency action codes?,PSC deficiency action codes?,1.0,OK,False
437,simon,Simon,confirmed,/meoclass1/QB4_C.html#q13,QB4_C.html,q13,QB4_C#q13,True,True,True,GISIS?,GISIS?,1.0,OK,False
438,simon,Simon,confirmed,/meoclass1/QB4_C.html#q15,QB4_C.html,q15,QB4_C#q15,True,True,True,RO Code?,RO Code?,1.0,OK,False
439,simon,Simon,confirmed,/meoclass1/QB4_E.html#q1,QB4_E.html,q1,QB4_E#q1,True,True,True,"MLC 2006 titles — Regulations, Standards, Guidelines; differences and similarities with RPSL; which came first?","MLC 2006 titles — Regulations, Standards, Guidelines; differences and similarities with RPSL; which came first?",1.0,OK,False
440,simon,Simon,confirmed,/meoclass1/QB4_E.html#q2,QB4_E.html,q2,QB4_E#q2,True,True,True,MLC insurance covers — what is covered under MLC financial security requirements?,MLC insurance covers — what is covered under MLC financial security requirements?,1.0,OK,False
441,simon,Simon,confirmed,/meoclass1/QB4_E.html#q3,QB4_E.html,q3,QB4_E#q3,True,True,True,"Young seafarer under MLC — definition, MLC requirements, how will you handle a young seafarer onboard?","Young seafarer under MLC — definition, MLC requirements, how will you handle a young seafarer onboard?",1.0,OK,False
442,simon,Simon,confirmed,/meoclass1/QB4_E.html#q4,QB4_E.html,q4,QB4_E#q4,True,True,True,SOLAS latest amendments — key recent amendments and when they entered into force?,SOLAS latest amendments — key recent amendments and when they entered into force?,1.0,OK,False
443,simon,Simon,confirmed,/meoclass1/QB4_E.html#q6,QB4_E.html,q6,QB4_E#q6,True,True,True,Master's review and authority under ISM Code — overriding authority?,Master's review and authority under ISM Code — overriding authority?,1.0,OK,False
444,simon,Simon,confirmed,/meoclass1/QB4_F.html#q1,QB4_F.html,q1,QB4_F#q1,True,True,True,Form E — what is it and what does the examiner expect on this?,Form E — what is it and what does the examiner expect on this?,1.0,OK,False
445,simon,Simon,confirmed,/meoclass1/QB4_F.html#q2,QB4_F.html,q2,QB4_F#q2,True,True,True,UR and UI — what do these acronyms stand for (Unified Requirements and Unified Interpretations)?,UR and UI — what do these acronyms stand for (Unified Requirements and Unified Interpretations)?,1.0,OK,False
446,simon,Simon,confirmed,/meoclass1/QB4_F.html#q5,QB4_F.html,q5,QB4_F#q5,True,True,True,"Cyber security — basic principles, cross questions.","Cyber security — basic principles, cross questions.",1.0,OK,False
447,simon,Simon,confirmed,/meoclass1/QB4_F.html#q6,QB4_F.html,q6,QB4_F#q6,True,True,True,"LRIT and AIS — difference, purpose, and basic cross questions.","LRIT and AIS — difference, purpose, and basic cross questions.",1.0,OK,False
448,simon,Simon,confirmed,/meoclass1/QB4_G.html#q1,QB4_G.html,q1,QB4_G#q1,True,True,True,flag state vs ro diffrence,flag state vs ro diffrence,1.0,OK,False
449,simon,Simon,confirmed,/meoclass1/QB4_G.html#q9,QB4_G.html,q9,QB4_G#q9,True,True,True,"OCIMF — what is it, tools of OCIMF and brief explanation of each.","OCIMF — what is it, tools of OCIMF and brief explanation of each.",1.0,OK,False
450,simon,Simon,confirmed,/meoclass1/QB4_H.html#q1,QB4_H.html,q1,QB4_H#q1,True,True,True,What is the AECS course and who is required to do it?,What is the AECS course and who is required to do it?,1.0,OK,False
451,simon,Simon,confirmed,/meoclass1/QB4_I.html#q1,QB4_I.html,q1,QB4_I#q1,True,True,True,"What types of ISPS-related certificates exist, and what are their validity periods?","What types of ISPS-related certificates exist, and what are their validity periods?",1.0,OK,False
452,simon,Simon,confirmed,/meoclass1/QB4_I.html#q3,QB4_I.html,q3,QB4_I#q3,True,True,True,What is Safe Return to Port (SRtP)?,What is Safe Return to Port (SRtP)?,1.0,OK,False
453,simon,Simon,confirmed,/meoclass1/QB4_I.html#q4,QB4_I.html,q4,QB4_I#q4,True,True,True,III Code (IMO Instruments Implementation Code) — what does it say?,III Code (IMO Instruments Implementation Code) — what does it say?,1.0,OK,False
454,simon,Simon,confirmed,/meoclass1/QB4_I.html#q5,QB4_I.html,q5,QB4_I#q5,True,True,True,What is the company's definition/role under maritime law (ISM Code Company definition)?,What is the company's definition/role under maritime law (ISM Code Company definition)?,1.0,OK,False
455,simon,Simon,confirmed,/meoclass1/QB4_J.html#q1,QB4_J.html,q1,QB4_J#q1,True,True,True,How do you compose the engine room watch (watchkeeping levels)?,How do you compose the engine room watch (watchkeeping levels)?,1.0,OK,False
456,simon,Simon,confirmed,/meoclass1/QB4_J.html#q3,QB4_J.html,q3,QB4_J#q3,True,True,True,What is Risk Based Planning?,What is Risk Based Planning?,1.0,OK,False
457,simon,Simon,confirmed,/meoclass1/QB4_J.html#q7,QB4_J.html,q7,QB4_J#q7,True,True,True,Difference between ISM survey and ISM audit.,Difference between ISM survey and ISM audit.,1.0,OK,False
458,simon,Simon,confirmed,/meoclass1/QB5_A.html#q1,QB5_A.html,q1,QB5_A#q1,True,True,True,Human Element — Why is IMO focusing on it? IMO HTW Sub-committee and its functions.,Human Element — Why is IMO focusing on it? IMO HTW Sub-committee and its functions.,1.0,OK,False
459,simon,Simon,confirmed,/meoclass1/QB5_A.html#q8,QB5_A.html,q8,QB5_A#q8,True,True,True,Decision-Making Tools Onboard.,Decision-Making Tools Onboard.,1.0,OK,False
460,simon,Simon,confirmed,/meoclass1/QB5_A.html#q10,QB5_A.html,q10,QB5_A#q10,True,True,True,Risk vs Hazard — Difference.,Risk vs Hazard — Difference.,1.0,OK,False
461,simon,Simon,confirmed,/meoclass1/QB5_A.html#q16,QB5_A.html,q16,QB5_A#q16,True,True,True,TEAP — What is It and Why is It Required?,TEAP — What is It and Why is It Required?,1.0,OK,False
462,simon,Simon,confirmed,/meoclass1/QB5_A.html#q17,QB5_A.html,q17,QB5_A#q17,True,True,True,META Manual — Its Volumes and How It Differs from TEAP.,META Manual — Its Volumes and How It Differs from TEAP.,1.0,OK,False
463,simon,Simon,confirmed,/meoclass1/QB5_A.html#q18,QB5_A.html,q18,QB5_A#q18,True,True,True,VICT — Define the Usage of the Terms 'Vertical' and 'Integration'.,VICT — Define the Usage of the Terms 'Vertical' and 'Integration'.,1.0,OK,False
464,simon,Simon,confirmed,/meoclass1/QB5_A.html#q19,QB5_A.html,q19,QB5_A#q19,True,True,True,TOTA and TOTI — Why Were They Replaced with VICT?,TOTA and TOTI — Why Were They Replaced with VICT?,1.0,OK,False
465,simon,Simon,confirmed,/meoclass1/QB5_B.html#q8,QB5_B.html,q8,QB5_B#q8,True,True,True,MACN — Maritime Anti-Corruption Network. Explain and Which Ships Applicable.,MACN — Maritime Anti-Corruption Network. Explain and Which Ships Applicable.,1.0,OK,False
466,simon,Simon,confirmed,/meoclass1/QB5_B.html#q9,QB5_B.html,q9,QB5_B#q9,True,True,True,"CBDR — Constant Bearing, Decreasing Range. Explain.","CBDR — Constant Bearing, Decreasing Range. Explain.",1.0,OK,False
467,simon,Simon,confirmed,/meoclass1/QB5_C_B.html#q2,QB5_C_B.html,q2,QB5_C_B#q2,True,True,True,SWOT analysis — shipboard management,SWOT analysis — shipboard management,1.0,OK,False
468,simon,Simon,confirmed,/meoclass1/QB5_C_B.html#q3,QB5_C_B.html,q3,QB5_C_B#q3,True,True,True,AR and VR in shipping — applications,AR and VR in shipping — applications,1.0,OK,False
469,simon,Simon,confirmed,/meoclass1/QB5_C_B.html#q8,QB5_C_B.html,q8,QB5_C_B#q8,True,True,True,Two types of CSR — explain both. Difference between CSR and E-CSR,Two types of CSR — explain both. Difference between CSR and E-CSR,1.0,OK,False
470,simon,Simon,confirmed,/meoclass1/QB5_E.html#q3,QB5_E.html,q3,QB5_E#q3,True,True,True,Code of Conduct for Seafarers — what does it cover and where is it referenced?,Code of Conduct for Seafarers — what does it cover and where is it referenced?,1.0,OK,False
471,simon,Simon,confirmed,/meoclass1/QB5_E.html#q4,QB5_E.html,q4,QB5_E#q4,True,True,True,"MACN — what is it, who formed it and what does it do?","MACN — what is it, who formed it and what does it do?",1.0,OK,False
472,simon,Simon,confirmed,/meoclass1/QB5_E.html#q5,QB5_E.html,q5,QB5_E#q5,True,True,True,Day of the Seafarer — what is this year's theme and its relevance to your role?,Day of the Seafarer — what is this year's theme and its relevance to your role?,1.0,OK,False
473,simon,Simon,confirmed,/meoclass1/QB5_E.html#q6,QB5_E.html,q6,QB5_E#q6,True,True,True,"How to train junior engineers effectively — as Chief Engineer, what is your approach?","How to train junior engineers effectively — as Chief Engineer, what is your approach?",1.0,OK,False
474,simon,Simon,confirmed,/meoclass1/QB5_F.html#q1,QB5_F.html,q1,QB5_F#q1,True,True,True,What rules do you implement as Chief Engineer?,What rules do you implement as Chief Engineer?,1.0,OK,False
475,simon,Simon,confirmed,/meoclass1/QB5_G.html#q6,QB5_G.html,q6,QB5_G#q6,True,True,True,GPS Spoofing — what is it? How does it affect vessel navigation and what are countermeasures?,GPS Spoofing — what is it? How does it affect vessel navigation and what are countermeasures?,1.0,OK,False
476,simon,Simon,confirmed,/meoclass1/QB6.html#q1,QB6.html,q1,QB6#q1,True,True,True,"What is the CII — how is it calculated, what are the units, and what does the A–E rating mean?","What is the CII — how is it calculated, what are the units, and what does the A–E rating mean?",1.0,OK,False
477,simon,Simon,confirmed,/meoclass1/QB6.html#q2,QB6.html,q2,QB6#q2,True,True,True,What is the GFI — how is it calculated and what is its significance? How does it differ from CII?,What is the GFI — how is it calculated and what is its significance? How does it differ from CII?,1.0,OK,False
478,simon,Simon,confirmed,/meoclass1/QB6.html#q6,QB6.html,q6,QB6#q6,True,True,True,What is the carbon conversion factor for HFO and methanol? Calculate CO₂ emitted for one day's fuel consumption.,What is the carbon conversion factor for HFO and methanol? Calculate CO₂ emitted for one day's fuel consumption.,1.0,OK,False
479,simon,Simon,confirmed,/meoclass1/QB6.html#q11,QB6.html,q11,QB6#q11,True,True,True,"Methanol as marine fuel — production types, flash point, safeties, and applicable codes?","Methanol as marine fuel — production types, flash point, safeties, and applicable codes?",1.0,OK,False
480,simon,Simon,confirmed,/meoclass1/QB6_D.html#q1,QB6_D.html,q1,QB6_D#q1,True,True,True,SCR (Selective Catalytic Reduction) working principle — what is 'selective' in SCR?,SCR (Selective Catalytic Reduction) working principle — what is 'selective' in SCR?,1.0,OK,False
481,simon,Simon,confirmed,/meoclass1/QB6_D.html#q2,QB6_D.html,q2,QB6_D#q2,True,True,True,Azimuth propeller — working principle.,Azimuth propeller — working principle.,1.0,OK,False
482,simon,Simon,confirmed,/meoclass1/QB6_E.html#q3,QB6_E.html,q3,QB6_E#q3,True,True,True,GFI Calculation and Unit (Duplicate/Deepened Focus),GFI Calculation and Unit (Duplicate/Deepened Focus),1.0,OK,False
483,simon,Simon,confirmed,/meoclass1/QB7_D.html#q1,QB7_D.html,q1,QB7_D#q1,True,True,True,CO2 sequestration — what is it and how does it relate to onboard carbon capture?,CO2 sequestration — what is it and how does it relate to onboard carbon capture?,1.0,OK,False
484,simon,Simon,confirmed,/meoclass1/QB7_D.html#q4,QB7_D.html,q4,QB7_D#q4,True,True,True,FLL (Fuel Lifecycle LCA) / Well to Tank vs Tank to Wake — explain and why does it matter for GHG accounting?,FLL (Fuel Lifecycle LCA) / Well to Tank vs Tank to Wake — explain and why does it matter for GHG accounting?,1.0,OK,False
485,simon,Simon,confirmed,/meoclass1/QB7_D.html#q5,QB7_D.html,q5,QB7_D#q5,True,True,True,GFI (Green Fuel Index) — what is it and how is it calculated?,GFI (Green Fuel Index) — what is it and how is it calculated?,1.0,OK,False
486,simon,Simon,confirmed,/meoclass1/QB7_D.html#q6,QB7_D.html,q6,QB7_D#q6,True,True,True,"Types of ammonia fuels — grey, black, green ammonia; production, issues and safety concerns?","Types of ammonia fuels — grey, black, green ammonia; production, issues and safety concerns?",1.0,OK,False
487,simon,Simon,confirmed,/meoclass1/QB7_D.html#q7,QB7_D.html,q7,QB7_D#q7,True,True,True,GHG — main greenhouse gases from shipping and their global warming potential (GWP)?,GHG — main greenhouse gases from shipping and their global warming potential (GWP)?,1.0,OK,False
488,simon,Simon,confirmed,/meoclass1/QB7_D.html#q8,QB7_D.html,q8,QB7_D#q8,True,True,True,Methane sources in shipping — where does methane slip occur and why is it significant?,Methane sources in shipping — where does methane slip occur and why is it significant?,1.0,OK,False
489,simon,Simon,confirmed,/meoclass1/QB7_D.html#q9,QB7_D.html,q9,QB7_D#q9,True,True,True,IGF Code — key requirements for ships using gas or low flashpoint fuels?,IGF Code — key requirements for ships using gas or low flashpoint fuels?,1.0,OK,False
490,simon,Simon,confirmed,/meoclass1/QB7_D.html#q10,QB7_D.html,q10,QB7_D#q10,True,True,True,MEPC highlights for a CE — latest MEPC session and key decisions relevant to a CE?,MEPC highlights for a CE — latest MEPC session and key decisions relevant to a CE?,1.0,OK,False
491,simon,Simon,confirmed,/meoclass1/QB7_D.html#q11,QB7_D.html,q11,QB7_D#q11,True,True,True,FLL (Fuel Lifecycle LCA) and CE duty — explain and what is the CE's obligation?,FLL (Fuel Lifecycle LCA) and CE duty — explain and what is the CE's obligation?,1.0,OK,False
492,simon,Simon,confirmed,/meoclass1/QB7_E.html#q1,QB7_E.html,q1,QB7_E#q1,True,True,True,FLL — what will the CE know from FLL data?,FLL — what will the CE know from FLL data?,1.0,OK,False
493,simon,Simon,confirmed,/meoclass1/QB7_E.html#q2,QB7_E.html,q2,QB7_E#q2,True,True,True,Can cargo be used as fuel? Which code governs this?,Can cargo be used as fuel? Which code governs this?,1.0,OK,False
494,simon,Simon,confirmed,/meoclass1/QB7_E.html#q3,QB7_E.html,q3,QB7_E#q3,True,True,True,Why is the IGF Code required?,Why is the IGF Code required?,1.0,OK,False
495,simon,Simon,confirmed,/meoclass1/QB7_E.html#q5,QB7_E.html,q5,QB7_E#q5,True,True,True,UNFCCC — what is it and its relevance to shipping?,UNFCCC — what is it and its relevance to shipping?,1.0,OK,False
496,simon,Simon,confirmed,/meoclass1/QB7_H.html#q1,QB7_H.html,q1,QB7_H#q1,True,True,True,What safety measures are required for using low flash point fuel onboard?,What safety measures are required for using low flash point fuel onboard?,1.0,OK,False
497,simon,Simon,confirmed,/meoclass1/QB7_I.html#q1,QB7_I.html,q1,QB7_I#q1,True,True,True,What is the present technology used onboard to reduce methane slip?,What is the present technology used onboard to reduce methane slip?,1.0,OK,False
498,simon,Simon,confirmed,/meoclass1/QB7_I.html#q2,QB7_I.html,q2,QB7_I#q2,True,True,True,"What is the overview of the evolution of the MAN B&W ME-GI and ME-GA engine families to the present day, and what is the next prototype under consideration?","What is the overview of the evolution of the MAN B&W ME-GI and ME-GA engine families to the present day, and what is the next prototype under consideration?",1.0,OK,False
499,simon,Simon,confirmed,/meoclass1/QB7_I.html#q3,QB7_I.html,q3,QB7_I#q3,True,True,True,"Compare methane slip control between the MAN ME-GA (Otto-cycle, two-stroke) engine and low-pressure Otto-cycle 4-stroke dual-fuel engines.","Compare methane slip control between the MAN ME-GA (Otto-cycle, two-stroke) engine and low-pressure Otto-cycle 4-stroke dual-fuel engines.",1.0,OK,False
500,simon,Simon,confirmed,/meoclass1/QB7_I.html#q4,QB7_I.html,q4,QB7_I#q4,True,True,True,"What safety systems are unique to ammonia-fuelled two-stroke engines (MAN ME-LGIA), and what is the N2O slip risk associated with ammonia combustion?","What safety systems are unique to ammonia-fuelled two-stroke engines (MAN ME-LGIA), and what is the N2O slip risk associated with ammonia combustion?",1.0,OK,False
501,simon,Simon,confirmed,/meoclass1/QB7_I.html#q6,QB7_I.html,q6,QB7_I#q6,True,True,True,What is the role of High-Pressure Exhaust Gas Recirculation (HP-EGR) in knock control and emissions management on Otto-cycle dual-fuel engines?,What is the role of High-Pressure Exhaust Gas Recirculation (HP-EGR) in knock control and emissions management on Otto-cycle dual-fuel engines?,1.0,OK,False
502,simon,Simon,confirmed,/meoclass1/QB8_A.html#q4,QB8_A.html,q4,QB8_A#q4,True,True,True,IMSBC Code groups A/B/C/MHB?,IMSBC Code groups A/B/C/MHB?,1.0,OK,False
503,simon,Simon,confirmed,/meoclass1/QB8_B.html#q4,QB8_B.html,q4,QB8_B#q4,True,True,True,High density cargo — local vs global structural strength?,High density cargo — local vs global structural strength?,1.0,OK,False
504,simon,Simon,confirmed,/meoclass1/QB8_D.html#q1,QB8_D.html,q1,QB8_D#q1,True,True,True,IGC Code — key requirements and application to gas carriers?,IGC Code — key requirements and application to gas carriers?,1.0,OK,False
505,simon,Simon,confirmed,/meoclass1/QB8_D.html#q2,QB8_D.html,q2,QB8_D#q2,True,True,True,Dangerous cargo vs hazardous cargo — what is the difference?,Dangerous cargo vs hazardous cargo — what is the difference?,1.0,OK,False
506,simon,Simon,confirmed,/meoclass1/QB8_E.html#q2,QB8_E.html,q2,QB8_E#q2,True,True,True,"IMSBC Code, BLU Code, Grain Code — brief overview and cross-questions.","IMSBC Code, BLU Code, Grain Code — brief overview and cross-questions.",1.0,OK,False
507,simon,Simon,confirmed,/meoclass1/QB8_G.html#q2,QB8_G.html,q2,QB8_G#q2,True,True,True,"IGC Code — explain Type A, B, and C tanks and membrane tanks: shape of each, which is self-supporting, and which has more carrying capacity.","IGC Code — explain Type A, B, and C tanks and membrane tanks: shape of each, which is self-supporting, and which has more carrying capacity.",1.0,OK,False
508,simon,Simon,confirmed,/meoclass1/QB8_H.html#q1,QB8_H.html,q1,QB8_H#q1,True,True,True,What are the common problems associated with container vessels?,What are the common problems associated with container vessels?,1.0,OK,False
509,simon,Simon,confirmed,/meoclass1/QB8_H.html#q6,QB8_H.html,q6,QB8_H#q6,True,True,True,"LPG cargo — reliquefaction temperature/pressure, plant operation, relief valve setting, discharge pressure for butane and propane.","LPG cargo — reliquefaction temperature/pressure, plant operation, relief valve setting, discharge pressure for butane and propane.",1.0,OK,False
510,simon,Simon,confirmed,/meoclass1/QB8_H.html#q7,QB8_H.html,q7,QB8_H#q7,True,True,True,Type of reliquefaction plant onboard.,Type of reliquefaction plant onboard.,1.0,OK,False
511,simon,Simon,confirmed,/meoclass1/QB8_H.html#q8,QB8_H.html,q8,QB8_H#q8,True,True,True,LNG cargo — carriage temperature and pressure; how is temperature maintained?,LNG cargo — carriage temperature and pressure; how is temperature maintained?,1.0,OK,False
512,simon,Simon,confirmed,/meoclass1/QB9_A.html#q3,QB9_A.html,q3,QB9_A#q3,True,True,True,"Fund Convention — explanation and why introduced. HNS Convention — for whom, in force or not, HNS Protocol. LLMC — limits, who pays within and after l","Fund Convention — explanation and why introduced. HNS Convention — for whom, in force or not, HNS Protocol. LLMC — limits, who pays within and after l",1.0,OK,False
513,simon,Simon,confirmed,/meoclass1/QB9_B.html#q6,QB9_B.html,q6,QB9_B#q6,True,True,True,General liability vs contractual liability — what is the exact difference in a maritime context?,General liability vs contractual liability — what is the exact difference in a maritime context?,1.0,OK,False
514,simon,Simon,confirmed,/meoclass1/QB9_B.html#q7,QB9_B.html,q7,QB9_B#q7,True,True,True,CAS and CAP — detailed comparison and application for senior engineers.,CAS and CAP — detailed comparison and application for senior engineers.,1.0,OK,False
515,simon,Simon,confirmed,/meoclass1/QB9_C.html#q5,QB9_C.html,q5,QB9_C#q5,True,True,True,Insurance principles — list all principles of marine insurance and explain each.,Insurance principles — list all principles of marine insurance and explain each.,1.0,OK,False
516,simon,Simon,confirmed,/meoclass1/QB9_D.html#q1,QB9_D.html,q1,QB9_D#q1,True,True,True,"P&I Club — what is it, 'call' explained, how does it work?","P&I Club — what is it, 'call' explained, how does it work?",1.0,OK,False
517,simon,Simon,confirmed,/meoclass1/QB9_D.html#q2,QB9_D.html,q2,QB9_D#q2,True,True,True,IG Group (International Group of P&I Clubs) — what is it and its pooling arrangements?,IG Group (International Group of P&I Clubs) — what is it and its pooling arrangements?,1.0,OK,False
518,simon,Simon,confirmed,/meoclass1/QB9_D.html#q3,QB9_D.html,q3,QB9_D#q3,True,True,True,Flag of convenience vs open registry — difference and examples?,Flag of convenience vs open registry — difference and examples?,1.0,OK,False
519,simon,Simon,confirmed,/meoclass1/QB9_D.html#q4,QB9_D.html,q4,QB9_D#q4,True,True,True,Bharat Maritime Insurance Pool — what is it and its significance?,Bharat Maritime Insurance Pool — what is it and its significance?,1.0,OK,False
520,simon,Simon,confirmed,/meoclass1/QB9_D.html#q5,QB9_D.html,q5,QB9_D#q5,True,True,True,GIFT City — what is it and its relevance to maritime finance and insurance?,GIFT City — what is it and its relevance to maritime finance and insurance?,1.0,OK,False
521,simon,Simon,confirmed,/meoclass1/QB9_D.html#q6,QB9_D.html,q6,QB9_D#q6,True,True,True,MS Act in detail — RPSL vs MS Act: differences and application?,MS Act in detail — RPSL vs MS Act: differences and application?,1.0,OK,False
522,simon,Simon,confirmed,/meoclass1/QB9_D.html#q9,QB9_D.html,q9,QB9_D#q9,True,True,True,Act vs rule — difference in Indian legal context with maritime examples?,Act vs rule — difference in Indian legal context with maritime examples?,1.0,OK,False
523,simon,Simon,confirmed,/meoclass1/QB9_F.html#q6,QB9_F.html,q6,QB9_F#q6,True,True,True,Cabotage Law,Cabotage Law,1.0,OK,False
524,simon,Simon,confirmed,/meoclass1/QB9_F.html#q7,QB9_F.html,q7,QB9_F#q7,True,True,True,STSDSS Full Form and Explanation,STSDSS Full Form and Explanation,1.0,OK,False
525,simon,Simon,confirmed,/meoclass1/QB9_F.html#q10,QB9_F.html,q10,QB9_F#q10,True,True,True,Clear Grounds,Clear Grounds,1.0,OK,False
526,simon,Simon,confirmed,/meoclass1/QB9_G.html#q1,QB9_G.html,q1,QB9_G#q1,True,True,True,"Name other Acts related to shipping besides the MS Act (e.g. Recycling of Ships Act, Admiralty Act) — what does the Admiralty Act contain?","Name other Acts related to shipping besides the MS Act (e.g. Recycling of Ships Act, Admiralty Act) — what does the Admiralty Act contain?",1.0,OK,False
527,simon,Simon,confirmed,/meoclass1/QB9_G.html#q2,QB9_G.html,q2,QB9_G#q2,True,True,True,What is meant by 'in rem' and 'in personam' in maritime legal proceedings?,What is meant by 'in rem' and 'in personam' in maritime legal proceedings?,1.0,OK,False
528,simon,Simon,confirmed,/meoclass1/QB9_G.html#q3,QB9_G.html,q3,QB9_G#q3,True,True,True,"How is an IMO convention formally adopted? Explain the conference process, protocol, amendments, tacit vs explicit acceptance, the role of committees/sub-committees, the FAL Committee's function, and the difference between ratification, acceptance, approval, and accession.","How is an IMO convention formally adopted? Explain the conference process, protocol, amendments, tacit vs explicit acceptance, the role of committees/sub-committees, the FAL Committee's function, and the difference between ratification, acceptance, approval, and accession.",1.0,OK,False
529,simon,Simon,confirmed,/meoclass1/QB9_H.html#q12,QB9_H.html,q12,QB9_H#q12,True,True,True,Strict liability in marine insurance — explain.,Strict liability in marine insurance — explain.,1.0,OK,False
530,simon,Simon,reported,/meoclass1/QB1_A.html#q21,QB1_A.html,q21,QB1_A#q21,True,True,True,Innocent Passage under UNCLOS — Explain.,Innocent Passage under UNCLOS — Explain.,1.0,OK,False
531,simon,Simon,reported,/meoclass1/QB1_B.html#q11,QB1_B.html,q11,QB1_B#q11,True,True,True,"What is Salvage, and explain SCOPIC (Special Compensation P&I Clause)","What is Salvage, and explain SCOPIC (Special Compensation P&I Clause)",1.0,OK,False
532,simon,Simon,reported,/meoclass1/QB1_I.html#q6,QB1_I.html,q6,QB1_I#q6,True,True,True,IACS — what are its functions?,IACS — what are its functions?,1.0,OK,False
533,simon,Simon,reported,/meoclass1/QB2_A.html#q1,QB2_A.html,q1,QB2_A#q1,True,True,True,"CSC Convention — what it covers, container testing, approval methods, certification, and how reefer container testing differs.","CSC Convention — what it covers, container testing, approval methods, certification, and how reefer container testing differs.",1.0,OK,False
534,simon,Simon,reported,/meoclass1/QB2_A.html#q11,QB2_A.html,q11,QB2_A#q11,True,True,True,"Grain Code — intact stability criteria, grain heeling moment mechanism, and Document of Authorisation.","Grain Code — intact stability criteria, grain heeling moment mechanism, and Document of Authorisation.",1.0,OK,False
535,simon,Simon,reported,/meoclass1/QB2_H.html#q1,QB2_H.html,q1,QB2_H#q1,True,True,True,What do the FSS Code and FTP Code contain?,What do the FSS Code and FTP Code contain?,1.0,OK,False
536,simon,Simon,reported,/meoclass1/QB3_C.html#q3,QB3_C.html,q3,QB3_C#q3,True,True,True,Hong Kong Convention — IHM three parts and CE role?,Hong Kong Convention — IHM three parts and CE role?,1.0,OK,False
537,simon,Simon,reported,/meoclass1/QB3_H.html#q2,QB3_H.html,q2,QB3_H#q2,True,True,True,Explain the HNS Convention. Is it in force? Why not? What does the HNS Fund cover?,Explain the HNS Convention. Is it in force? Why not? What does the HNS Fund cover?,1.0,OK,False
538,simon,Simon,reported,/meoclass1/QB4_E.html#q9,QB4_E.html,q9,QB4_E#q9,True,True,True,Age norms for ships — age-related requirements and restrictions?,Age norms for ships — age-related requirements and restrictions?,1.0,OK,False
539,simon,Simon,reported,/meoclass1/QB4_J.html#q4,QB4_J.html,q4,QB4_J#q4,True,True,True,Contents of the training manual.,Contents of the training manual.,1.0,OK,False
540,simon,Simon,reported,/meoclass1/QB5_A.html#q3,QB5_A.html,q3,QB5_A#q3,True,True,True,Johari Window — Explain.,Johari Window — Explain.,1.0,OK,False
541,simon,Simon,reported,/meoclass1/QB5_B.html#q2,QB5_B.html,q2,QB5_B#q2,True,True,True,Conflict Management.,Conflict Management.,1.0,OK,False
542,simon,Simon,reported,/meoclass1/QB5_C_A.html#q5,QB5_C_A.html,q5,QB5_C_A#q5,True,True,True,MIS vs data — what is a Management Information System?,MIS vs data — what is a Management Information System?,1.0,OK,False
543,simon,Simon,reported,/meoclass1/QB6.html#q14,QB6.html,q14,QB6#q14,True,True,True,What is EU MRV and how does it differ from IMO DCS?,What is EU MRV and how does it differ from IMO DCS?,1.0,OK,False
544,simon,Simon,ce_tip,/meoclass1/QB1_A.html#q9,QB1_A.html,q9,QB1_A#q9,True,True,True,General Average — Explain including act and procedure followed.,General Average — Explain including act and procedure followed.,1.0,OK,False
545,simon,Simon,ce_tip,/meoclass1/QB1_A.html#q11,QB1_A.html,q11,QB1_A#q11,True,True,True,Salvage and SCOPIC — Different types of salvage. What is SCOPIC?,Salvage and SCOPIC — Different types of salvage. What is SCOPIC?,1.0,OK,False
546,simon,Simon,ce_tip,/meoclass1/QB1_A.html#q12,QB1_A.html,q12,QB1_A#q12,True,True,True,ITC (Institute Time Clauses) — What are the clauses in it?,ITC (Institute Time Clauses) — What are the clauses in it?,1.0,OK,False
547,simon,Simon,ce_tip,/meoclass1/QB1_A.html#q27,QB1_A.html,q27,QB1_A#q27,True,True,True,Hague-Visby Rules — Explain.,Hague-Visby Rules — Explain.,1.0,OK,False
548,simon,Simon,ce_tip,/meoclass1/QB1_B.html#q6,QB1_B.html,q6,QB1_B#q6,True,True,True,Explain PSSA (Particularly Sensitive Sea Area) with examples,Explain PSSA (Particularly Sensitive Sea Area) with examples,1.0,OK,False
549,simon,Simon,ce_tip,/meoclass1/QB1_B.html#q14,QB1_B.html,q14,QB1_B#q14,True,True,True,"What is General Average, and what is the procedure followed onboard when GA is declared?","What is General Average, and what is the procedure followed onboard when GA is declared?",1.0,OK,False
550,simon,Simon,ce_tip,/meoclass1/QB1_B.html#q18,QB1_B.html,q18,QB1_B#q18,True,True,True,What is the 'tacit acceptance' procedure in the IMO amendment process?,What is the 'tacit acceptance' procedure in the IMO amendment process?,1.0,OK,False
551,simon,Simon,ce_tip,/meoclass1/QB1_B.html#q20,QB1_B.html,q20,QB1_B#q20,True,True,True,What is subrogation in the context of marine insurance/P&I claims?,What is subrogation in the context of marine insurance/P&I claims?,1.0,OK,False
552,simon,Simon,ce_tip,/meoclass1/QB1_D.html#q1,QB1_D.html,q1,QB1_D#q1,True,True,True,What was the GRT and DWT of your last vessel?,What was the GRT and DWT of your last vessel?,1.0,OK,False
553,simon,Simon,ce_tip,/meoclass1/QB1_F.html#q3,QB1_F.html,q3,QB1_F#q3,True,True,True,"VGM (Verified Gross Mass) — who issues, who verifies, where it is mentioned, and the two methods of determination","VGM (Verified Gross Mass) — who issues, who verifies, where it is mentioned, and the two methods of determination",1.0,OK,False
554,simon,Simon,ce_tip,/meoclass1/QB1_G.html#q29,QB1_G.html,q29,QB1_G#q29,True,True,True,⁠LATEST AMENDMENT IN IMOLEGAL COMMITTEE,⁠LATEST AMENDMENT IN IMOLEGAL COMMITTEE,1.0,OK,False
555,simon,Simon,ce_tip,/meoclass1/QB1_K.html#q3,QB1_K.html,q3,QB1_K#q3,True,True,True,Difference between GT and DWT.,Difference between GT and DWT.,1.0,OK,False
556,simon,Simon,ce_tip,/meoclass1/QB1_K.html#q5,QB1_K.html,q5,QB1_K#q5,True,True,True,Difference between DP-1 and DP-2.,Difference between DP-1 and DP-2.,1.0,OK,False
557,simon,Simon,ce_tip,/meoclass1/QB1_K.html#q8,QB1_K.html,q8,QB1_K#q8,True,True,True,"""What is CSR?"" — what does the examiner mean, and what is its scope?","""What is CSR?"" — what does the examiner mean, and what is its scope?",1.0,OK,False
558,simon,Simon,ce_tip,/meoclass1/QB1_K.html#q9,QB1_K.html,q9,QB1_K#q9,True,True,True,"What is girding of a tug, and why is it a capsizing risk?","What is girding of a tug, and why is it a capsizing risk?",1.0,OK,False
559,simon,Simon,ce_tip,/meoclass1/QB2_A.html#q2,QB2_A.html,q2,QB2_A#q2,True,True,True,"VGM — who is responsible, two certified methods, CE's verification duties, master's authority to reject, and dangers of misdeclaration.","VGM — who is responsible, two certified methods, CE's verification duties, master's authority to reject, and dangers of misdeclaration.",1.0,OK,False
560,simon,Simon,ce_tip,/meoclass1/QB2_A.html#q3,QB2_A.html,q3,QB2_A#q3,True,True,True,"Container material — why Corten steel, key properties, wall thickness by component, and why corrugation is used.","Container material — why Corten steel, key properties, wall thickness by component, and why corrugation is used.",1.0,OK,False
561,simon,Simon,ce_tip,/meoclass1/QB2_A.html#q10,QB2_A.html,q10,QB2_A#q10,True,True,True,"IMSBC Code — BLU Code, Group A/B/C classification, TML and Moisture Certificate, codes applicable to bulk carriers.","IMSBC Code — BLU Code, Group A/B/C classification, TML and Moisture Certificate, codes applicable to bulk carriers.",1.0,OK,False
562,simon,Simon,ce_tip,/meoclass1/QB2_A.html#q12,QB2_A.html,q12,QB2_A#q12,True,True,True,"High density cargo in IMSBC — definition, restriction criteria, and local vs global structural strength.","High density cargo in IMSBC — definition, restriction criteria, and local vs global structural strength.",1.0,OK,False
563,simon,Simon,ce_tip,/meoclass1/QB2_A.html#q14,QB2_A.html,q14,QB2_A#q14,True,True,True,"IBC Code — Chapters 17/18/19, ship types 1/2/3, and difference from BCH Code.","IBC Code — Chapters 17/18/19, ship types 1/2/3, and difference from BCH Code.",1.0,OK,False
564,simon,Simon,ce_tip,/meoclass1/QB2_A.html#q15,QB2_A.html,q15,QB2_A#q15,True,True,True,"ICOF — full name, who issues, contents, validity, and survey cycle.","ICOF — full name, who issues, contents, validity, and survey cycle.",1.0,OK,False
565,simon,Simon,ce_tip,/meoclass1/QB2_A.html#q16,QB2_A.html,q16,QB2_A#q16,True,True,True,"P&A Manual — purpose, who provides it, and what are its contents?","P&A Manual — purpose, who provides it, and what are its contents?",1.0,OK,False
566,simon,Simon,ce_tip,/meoclass1/QB2_A.html#q19,QB2_A.html,q19,QB2_A#q19,True,True,True,"GT and NT — how are they calculated, why is GT always bigger, and what dues are based on each?","GT and NT — how are they calculated, why is GT always bigger, and what dues are based on each?",1.0,OK,False
567,simon,Simon,ce_tip,/meoclass1/QB2_A.html#q22,QB2_A.html,q22,QB2_A#q22,True,True,True,"GBS — Goal-Based Ship Construction Standards. What is it, five-tier structure, and which ships does it apply to?","GBS — Goal-Based Ship Construction Standards. What is it, five-tier structure, and which ships does it apply to?",1.0,OK,False
568,simon,Simon,ce_tip,/meoclass1/QB2_A.html#q23,QB2_A.html,q23,QB2_A#q23,True,True,True,"As CE, a charterer proposes a new chemical cargo — how do you confirm ship suitability?","As CE, a charterer proposes a new chemical cargo — how do you confirm ship suitability?",1.0,OK,False
569,simon,Simon,ce_tip,/meoclass1/QB2_A.html#q24,QB2_A.html,q24,QB2_A#q24,True,True,True,"Digital inclinometer — requirements, purpose, MEMS technology, and what makes it different from traditional inclinometers.","Digital inclinometer — requirements, purpose, MEMS technology, and what makes it different from traditional inclinometers.",1.0,OK,False
570,simon,Simon,ce_tip,/meoclass1/QB2_A.html#q25,QB2_A.html,q25,QB2_A#q25,True,True,True,"Persistent floater — definition, GESAMP criteria, MARPOL significance.","Persistent floater — definition, GESAMP criteria, MARPOL significance.",1.0,OK,False
571,simon,Simon,ce_tip,/meoclass1/QB2_A.html#q26,QB2_A.html,q26,QB2_A#q26,True,True,True,"Timber/log deck cargo — load line requirements, weight gain during voyage, and CE's stability and securing actions.","Timber/log deck cargo — load line requirements, weight gain during voyage, and CE's stability and securing actions.",1.0,OK,False
572,simon,Simon,ce_tip,/meoclass1/QB2_A.html#q27,QB2_A.html,q27,QB2_A#q27,True,True,True,"Compare the failure mechanisms of liquefaction, cohesive cargo collapse, and grain shift — risk and control for each.","Compare the failure mechanisms of liquefaction, cohesive cargo collapse, and grain shift — risk and control for each.",1.0,OK,False
573,simon,Simon,ce_tip,/meoclass1/QB2_A.html#q28,QB2_A.html,q28,QB2_A#q28,True,True,True,"Ore, coal and grain — what is the Chief Engineer's primary technical concern for each, and why do they differ?","Ore, coal and grain — what is the Chief Engineer's primary technical concern for each, and why do they differ?",1.0,OK,False
574,simon,Simon,ce_tip,/meoclass1/QB2_A.html#q29,QB2_A.html,q29,QB2_A#q29,True,True,True,"How do the BLU Code, IMSBC Code, and the loadicator work together during bulk cargo loading?","How do the BLU Code, IMSBC Code, and the loadicator work together during bulk cargo loading?",1.0,OK,False
575,simon,Simon,ce_tip,/meoclass1/QB2_A.html#q30,QB2_A.html,q30,QB2_A#q30,True,True,True,"As Chief Engineer, what are your ""red lines"" — situations where you will not proceed with loading or carriage regardless of commercial pressure?","As Chief Engineer, what are your ""red lines"" — situations where you will not proceed with loading or carriage regardless of commercial pressure?",1.0,OK,False
576,simon,Simon,ce_tip,/meoclass1/QB2_B.html#q6,QB2_B.html,q6,QB2_B#q6,True,True,True,What are the key hazards and handling risks associated with LPG cargo on a gas carrier? Draw on incident learnings from MAIB investigations.,What are the key hazards and handling risks associated with LPG cargo on a gas carrier? Draw on incident learnings from MAIB investigations.,1.0,OK,False
577,simon,Simon,ce_tip,/meoclass1/QB2_B.html#q9,QB2_B.html,q9,QB2_B#q9,True,True,True,"Explain the CSC (Container Safety Convention) inspection scheme in detail — covering the Periodic Examination Scheme (PES) and the Approved Continuous Examination Programme (ACEP), and what tests are carried out.","Explain the CSC (Container Safety Convention) inspection scheme in detail — covering the Periodic Examination Scheme (PES) and the Approved Continuous Examination Programme (ACEP), and what tests are carried out.",1.0,OK,False
578,simon,Simon,ce_tip,/meoclass1/QB2_B.html#q13,QB2_B.html,q13,QB2_B#q13,True,True,True,"What is the difference between watertight and weathertight on a ship, and what are the test methods for each?","What is the difference between watertight and weathertight on a ship, and what are the test methods for each?",1.0,OK,False
579,simon,Simon,ce_tip,/meoclass1/QB2_B.html#q14,QB2_B.html,q14,QB2_B#q14,True,True,True,"What is the difference between the IBC Code and the BCH Code for chemical tankers, and why do two separate codes exist?","What is the difference between the IBC Code and the BCH Code for chemical tankers, and why do two separate codes exist?",1.0,OK,False
580,simon,Simon,ce_tip,/meoclass1/QB2_B.html#q19,QB2_B.html,q19,QB2_B#q19,True,True,True,How would you apply Formal Safety Assessment (FSA) specifically in the context of Li-ion battery cargo carried in containers?,How would you apply Formal Safety Assessment (FSA) specifically in the context of Li-ion battery cargo carried in containers?,1.0,OK,False
581,simon,Simon,ce_tip,/meoclass1/QB2_C.html#q1,QB2_C.html,q1,QB2_C#q1,True,True,True,"What are the latest amendments to SOLAS Chapter II-2 under MSC.520(106), and when do they enter into force?","What are the latest amendments to SOLAS Chapter II-2 under MSC.520(106), and when do they enter into force?",1.0,OK,False
582,simon,Simon,ce_tip,/meoclass1/QB2_C.html#q2,QB2_C.html,q2,QB2_C#q2,True,True,True,"How would you, as Chief Engineer, approach a fire in a container carrying undeclared dangerous goods?","How would you, as Chief Engineer, approach a fire in a container carrying undeclared dangerous goods?",1.0,OK,False
583,simon,Simon,ce_tip,/meoclass1/QB2_C.html#q3,QB2_C.html,q3,QB2_C#q3,True,True,True,How would you fight a container fire when the cargo inside is unknown?,How would you fight a container fire when the cargo inside is unknown?,1.0,OK,False
584,simon,Simon,ce_tip,/meoclass1/QB2_C.html#q4,QB2_C.html,q4,QB2_C#q4,True,True,True,"Explain the water mist lance and portable water monitor — their construction, working, and the SOLAS carriage requirements.","Explain the water mist lance and portable water monitor — their construction, working, and the SOLAS carriage requirements.",1.0,OK,False
585,simon,Simon,ce_tip,/meoclass1/QB3_J.html#q3,QB3_J.html,q3,QB3_J#q3,True,True,True,"Statutory certificates under SOLAS and MARPOL — give a comprehensive list, beyond just Annex VI.","Statutory certificates under SOLAS and MARPOL — give a comprehensive list, beyond just Annex VI.",1.0,OK,False
586,simon,Simon,ce_tip,/meoclass1/QB4_E.html#q5,QB4_E.html,q5,QB4_E#q5,True,True,True,ISM Code elements — list all 12 elements and explain the key ones.,ISM Code elements — list all 12 elements and explain the key ones.,1.0,OK,False
587,simon,Simon,ce_tip,/meoclass1/QB4_E.html#q7,QB4_E.html,q7,QB4_E#q7,True,True,True,How is continuous improvement achieved under the ISM Code?,How is continuous improvement achieved under the ISM Code?,1.0,OK,False
588,simon,Simon,ce_tip,/meoclass1/QB4_E.html#q8,QB4_E.html,q8,QB4_E#q8,True,True,True,"PSC — appeal process, codes involved, and process after detention?","PSC — appeal process, codes involved, and process after detention?",1.0,OK,False
589,simon,Simon,ce_tip,/meoclass1/QB4_F.html#q3,QB4_F.html,q3,QB4_F#q3,True,True,True,Principles of watchkeeping — explain.,Principles of watchkeeping — explain.,1.0,OK,False
590,simon,Simon,ce_tip,/meoclass1/QB4_J.html#q2,QB4_J.html,q2,QB4_J#q2,True,True,True,Who is an independent watchkeeper?,Who is an independent watchkeeper?,1.0,OK,False
591,simon,Simon,ce_tip,/meoclass1/QB4_J.html#q10,QB4_J.html,q10,QB4_J#q10,True,True,True,What is seafarer abandonment? What protection does MLC provide?,What is seafarer abandonment? What protection does MLC provide?,1.0,OK,False
592,simon,Simon,ce_tip,/meoclass1/QB5_E.html#q2,QB5_E.html,q2,QB5_E#q2,True,True,True,Hazard vs risk — what is the difference? Give examples from shipboard context.,Hazard vs risk — what is the difference? Give examples from shipboard context.,1.0,OK,False
593,simon,Simon,ce_tip,/meoclass1/QB5_J.html#q1,QB5_J.html,q1,QB5_J#q1,True,True,True,What is Lower Calorific Value? Why is engine performance always quoted against LCV and not the higher value?,What is Lower Calorific Value? Why is engine performance always quoted against LCV and not the higher value?,1.0,OK,False
594,simon,Simon,ce_tip,/meoclass1/QB6.html#q5,QB6.html,q5,QB6#q5,True,True,True,What are all the greenhouse gases under MARPOL Annex VI? Is water vapour a greenhouse gas?,What are all the greenhouse gases under MARPOL Annex VI? Is water vapour a greenhouse gas?,1.0,OK,False
595,simon,Simon,ce_tip,/meoclass1/QB6_F.html#q4,QB6_F.html,q4,QB6_F#q4,True,True,True,"What is MMSI, how is it structured, and where is it used onboard?","What is MMSI, how is it structured, and where is it used onboard?",1.0,OK,False
596,simon,Simon,ce_tip,/meoclass1/QB6_H.html#q1,QB6_H.html,q1,QB6_H#q1,True,True,True,What is IoT (Internet of Things)? Where would you use it in the engine room?,What is IoT (Internet of Things)? Where would you use it in the engine room?,1.0,OK,False
597,simon,Simon,ce_tip,/meoclass1/QB8_H.html#q9,QB8_H.html,q9,QB8_H#q9,True,True,True,"LNG containment/tank type — material, properties, structure and construction.","LNG containment/tank type — material, properties, structure and construction.",1.0,OK,False
598,simon,Simon,ce_tip,/meoclass1/QB9_E.html#q4,QB9_E.html,q4,QB9_E#q4,True,True,True,CLC and its Explanation,CLC and its Explanation,1.0,OK,False
599,simon,Simon,ce_tip,/meoclass1/QB9_F.html#q8,QB9_F.html,q8,QB9_F#q8,True,True,True,Flag of Convenience (FOC) / Open Registry,Flag of Convenience (FOC) / Open Registry,1.0,OK,False
600,simon,Simon,ce_tip,/meoclass1/QB9_F.html#q11,QB9_F.html,q11,QB9_F#q11,True,True,True,Official Number,Official Number,1.0,OK,False
601,simon,Simon,ce_tip,/meoclass1/QB10_A.html#q6,QB10_A.html,q6,QB10_A#q6,True,True,True,What is the latest development in OPEC and how does it affect shipping?,What is the latest development in OPEC and how does it affect shipping?,1.0,OK,False
602,simon,Simon,ce_tip,/meoclass1/QB10_B.html#q1,QB10_B.html,q1,QB10_B#q1,True,True,True,Give a consolidated overview of SOLAS and MARPOL amendments entering into force from 2024 through 2028.,Give a consolidated overview of SOLAS and MARPOL amendments entering into force from 2024 through 2028.,1.0,OK,False
603,simon,Simon,header,/meoclass1/QB1_B.html#q4,QB1_B.html,q4,QB1_B#q4,True,True,True,What does STSDSS stand for and what is it?,What does STSDSS stand for and what is it?,1.0,OK,False
604,simon,Simon,header,/meoclass1/QB1_B.html#q10,QB1_B.html,q10,QB1_B#q10,True,True,True,"Explain the CLC (Civil Liability Convention) — scope and application, including in the context of a bunker-spill incident","Explain the CLC (Civil Liability Convention) — scope and application, including in the context of a bunker-spill incident",1.0,OK,False
605,simon,Simon,header,/meoclass1/QB1_B.html#q15,QB1_B.html,q15,QB1_B#q15,True,True,True,Explain the IMO Casualty Investigation Code — scope and purpose,Explain the IMO Casualty Investigation Code — scope and purpose,1.0,OK,False
606,simon,Simon,header,/meoclass1/QB2_B.html#q3,QB2_B.html,q3,QB2_B#q3,True,True,True,"What are the IMDG Code requirements for marking, labelling, and numbering of dangerous goods packages?","What are the IMDG Code requirements for marking, labelling, and numbering of dangerous goods packages?",1.0,OK,False
607,simon,Simon,header,/meoclass1/QB4_C.html#q16,QB4_C.html,q16,QB4_C#q16,True,True,True,Master's authority under ISM?,Master's authority under ISM?,1.0,OK,False
608,simon,Simon,inferred,/meoclass1/QB1_A.html#q22,QB1_A.html,q22,QB1_A#q22,True,True,True,"Port State, Coastal State, Flag State — duties in each maritime zone.","Port State, Coastal State, Flag State — duties in each maritime zone.",1.0,OK,False
609,simon,Simon,inferred,/meoclass1/QB2_F.html#q2,QB2_F.html,q2,QB2_F#q2,True,True,True,A container catches fire and the UN number shows different EmS symptoms — how do you approach and fight it?,A container catches fire and the UN number shows different EmS symptoms — how do you approach and fight it?,1.0,OK,False
610,simon,Simon,inferred,/meoclass1/QB2_F.html#q4,QB2_F.html,q4,QB2_F#q4,True,True,True,A fire breaks out in an undeclared dangerous goods container — how will you fight it?,A fire breaks out in an undeclared dangerous goods container — how will you fight it?,1.0,OK,False
611,simon,Simon,inferred,/meoclass1/QB2_F.html#q5,QB2_F.html,q5,QB2_F#q5,True,True,True,"Explain the water mist lance and mobile water monitor: how to use them, on which fires, where the requirement is mentioned, and the functional requirements.","Explain the water mist lance and mobile water monitor: how to use them, on which fires, where the requirement is mentioned, and the functional requirements.",1.0,OK,False
612,simon,Simon,inferred,/meoclass1/QB5_A.html#q4,QB5_A.html,q4,QB5_A#q4,True,True,True,Maslow's Hierarchy of Needs — Explain.,Maslow's Hierarchy of Needs — Explain.,1.0,OK,False
613,simon,Simon,inferred,/meoclass1/QB5_A.html#q9,QB5_A.html,q9,QB5_A#q9,True,True,True,Organisational Behaviour — Explain.,Organisational Behaviour — Explain.,1.0,OK,False
614,simon,Simon,inferred,/meoclass1/QB5_A.html#q11,QB5_A.html,q11,QB5_A#q11,True,True,True,Risk Assessment — How to Carry Out. How to Decide Risk Category.,Risk Assessment — How to Carry Out. How to Decide Risk Category.,1.0,OK,False
615,simon,Simon,inferred,/meoclass1/QB5_A.html#q13,QB5_A.html,q13,QB5_A#q13,True,True,True,Appraisal of Junior Engineer — How to Conduct.,Appraisal of Junior Engineer — How to Conduct.,1.0,OK,False
616,simon,Simon,inferred,/meoclass1/QB5_A.html#q14,QB5_A.html,q14,QB5_A#q14,True,True,True,Bloom's Taxonomy — Explain.,Bloom's Taxonomy — Explain.,1.0,OK,False
617,simon,Simon,inferred,/meoclass1/QB5_A.html#q20,QB5_A.html,q20,QB5_A#q20,True,True,True,"Duties of CE Under STCW, SOLAS, MARPOL, MLC, ISM Code, and Merchant Shipping Act.","Duties of CE Under STCW, SOLAS, MARPOL, MLC, ISM Code, and Merchant Shipping Act.",1.0,OK,False
618,simon,Simon,inferred,/meoclass1/QB5_B.html#q3,QB5_B.html,q3,QB5_B#q3,True,True,True,HR Management — What HR Functions Does the CE Perform?,HR Management — What HR Functions Does the CE Perform?,1.0,OK,False
619,simon,Simon,inferred,/meoclass1/QB5_B.html#q4,QB5_B.html,q4,QB5_B#q4,True,True,True,"CE as Leader — Leadership Theories, and the Qualities of a CE including Assertiveness and Empathy.","CE as Leader — Leadership Theories, and the Qualities of a CE including Assertiveness and Empathy.",1.0,OK,False
620,simon,Simon,inferred,/meoclass1/QB5_B.html#q5,QB5_B.html,q5,QB5_B#q5,True,True,True,CE Role for ISPS Audit.,CE Role for ISPS Audit.,1.0,OK,False
621,simon,Simon,inferred,/meoclass1/QB5_B.html#q10,QB5_B.html,q10,QB5_B#q10,True,True,True,"PID Controller — What Is It, Where Used Onboard, How to Tune and Adjust.","PID Controller — What Is It, Where Used Onboard, How to Tune and Adjust.",1.0,OK,False
622,simon,Simon,inferred,/meoclass1/QB5_B.html#q12,QB5_B.html,q12,QB5_B#q12,True,True,True,Controller Tuning — Ziegler-Nichols Method.,Controller Tuning — Ziegler-Nichols Method.,1.0,OK,False
623,simon,Simon,inferred,/meoclass1/QB5_B.html#q14,QB5_B.html,q14,QB5_B#q14,True,True,True,Ship Stranded/Transiting Hormuz Strait / Persian Gulf in War/Security Situation — How Do You as CE Motivate and Manage Your Crew?,Ship Stranded/Transiting Hormuz Strait / Persian Gulf in War/Security Situation — How Do You as CE Motivate and Manage Your Crew?,1.0,OK,False
624,simon,Simon,inferred,/meoclass1/QB5_B.html#q15,QB5_B.html,q15,QB5_B#q15,True,True,True,Risk Assessment and PTW for Operating a Portable Framo Submersible Cargo Pump.,Risk Assessment and PTW for Operating a Portable Framo Submersible Cargo Pump.,1.0,OK,False
625,simon,Simon,inferred,/meoclass1/QB5_B.html#q16,QB5_B.html,q16,QB5_B#q16,True,True,True,Human Element Factors in Casualty Investigation.,Human Element Factors in Casualty Investigation.,1.0,OK,False
626,simon,Simon,inferred,/meoclass1/QB5_C_A.html#q1,QB5_C_A.html,q1,QB5_C_A#q1,True,True,True,Motivating crew — which management theories apply at sea?,Motivating crew — which management theories apply at sea?,1.0,OK,False
627,simon,Simon,inferred,/meoclass1/QB5_C_A.html#q2,QB5_C_A.html,q2,QB5_C_A#q2,True,True,True,Training Chinese crew — language and culture barriers?,Training Chinese crew — language and culture barriers?,1.0,OK,False
628,simon,Simon,inferred,/meoclass1/QB5_C_A.html#q3,QB5_C_A.html,q3,QB5_C_A#q3,True,True,True,Voyage performance checks — what basic check is most often missed?,Voyage performance checks — what basic check is most often missed?,1.0,OK,False
629,simon,Simon,inferred,/meoclass1/QB5_C_A.html#q4,QB5_C_A.html,q4,QB5_C_A#q4,True,True,True,Management of Change (MOC) — procedure and CE role?,Management of Change (MOC) — procedure and CE role?,1.0,OK,False
630,simon,Simon,inferred,/meoclass1/QB5_C_A.html#q6,QB5_C_A.html,q6,QB5_C_A#q6,True,True,True,"Hazard identification — HAZID, HAZOP, JSA and Risk Assessment matrix?","Hazard identification — HAZID, HAZOP, JSA and Risk Assessment matrix?",1.0,OK,False
631,simon,Simon,inferred,/meoclass1/QB5_C_A.html#q9,QB5_C_A.html,q9,QB5_C_A#q9,True,True,True,CE decision framework — how does a CE decide under pressure?,CE decision framework — how does a CE decide under pressure?,1.0,OK,False
632,simon,Simon,inferred,/meoclass1/QB5_C_B.html#q1,QB5_C_B.html,q1,QB5_C_B#q1,True,True,True,Mentoring vs reverse mentoring,Mentoring vs reverse mentoring,1.0,OK,False
633,simon,Simon,inferred,/meoclass1/QB5_G.html#q1,QB5_G.html,q1,QB5_G#q1,True,True,True,Alternate fuels .. transition .. what in your opinion is a long term alternative solution.?,Alternate fuels .. transition .. what in your opinion is a long term alternative solution.?,1.0,OK,False
634,simon,Simon,inferred,/meoclass1/QB5_G.html#q2,QB5_G.html,q2,QB5_G#q2,True,True,True,How to carry out risk assessment and permit for portable framo pump,How to carry out risk assessment and permit for portable framo pump,1.0,OK,False
635,simon,Simon,inferred,/meoclass1/QB5_G.html#q3,QB5_G.html,q3,QB5_G#q3,True,True,True,Dri cargo hazards,Dri cargo hazards,1.0,OK,False
636,simon,Simon,inferred,/meoclass1/QB5_G.html#q4,QB5_G.html,q4,QB5_G#q4,True,True,True,As CE how will you take decisions onboard? What framework do you use?,As CE how will you take decisions onboard? What framework do you use?,1.0,OK,False
637,simon,Simon,inferred,/meoclass1/QB5_G.html#q5,QB5_G.html,q5,QB5_G#q5,True,True,True,What is Sagar Mala project and Maritime Amritkal Vision?,What is Sagar Mala project and Maritime Amritkal Vision?,1.0,OK,False
638,rajappan,Rajappan,confirmed,/meoclass1/QB1_A.html#q1,QB1_A.html,q1,QB1_A#q1,True,True,True,P&I Club — What is Protection & Indemnity? How does it differ from other marine insurance?,P&I Club — What is Protection & Indemnity? How does it differ from other marine insurance?,1.0,OK,False
639,rajappan,Rajappan,confirmed,/meoclass1/QB1_A.html#q9,QB1_A.html,q9,QB1_A#q9,True,True,True,General Average — Explain including act and procedure followed.,General Average — Explain including act and procedure followed.,1.0,OK,False
640,rajappan,Rajappan,confirmed,/meoclass1/QB1_A.html#q10,QB1_A.html,q10,QB1_A#q10,True,True,True,Sue and Labour Clause — Explain.,Sue and Labour Clause — Explain.,1.0,OK,False
641,rajappan,Rajappan,confirmed,/meoclass1/QB1_A.html#q11,QB1_A.html,q11,QB1_A#q11,True,True,True,Salvage and SCOPIC — Different types of salvage. What is SCOPIC?,Salvage and SCOPIC — Different types of salvage. What is SCOPIC?,1.0,OK,False
642,rajappan,Rajappan,confirmed,/meoclass1/QB1_A.html#q15,QB1_A.html,q15,QB1_A#q15,True,True,True,NOSDCP — Explain.,NOSDCP — Explain.,1.0,OK,False
643,rajappan,Rajappan,confirmed,/meoclass1/QB1_A.html#q16,QB1_A.html,q16,QB1_A#q16,True,True,True,Basel Convention — Explain. Certificates. PIC. ESM.,Basel Convention — Explain. Certificates. PIC. ESM.,1.0,OK,False
644,rajappan,Rajappan,confirmed,/meoclass1/QB1_B.html#q12,QB1_B.html,q12,QB1_B#q12,True,True,True,Explain civil liability in the context of the CLC and the Fund Convention — how do they work together for oil pollution compensation?,Explain civil liability in the context of the CLC and the Fund Convention — how do they work together for oil pollution compensation?,1.0,OK,False
645,rajappan,Rajappan,confirmed,/meoclass1/QB1_B.html#q21,QB1_B.html,q21,QB1_B#q21,True,True,True,What initiatives is IMO undertaking with respect to gender equality in the maritime industry?,What initiatives is IMO undertaking with respect to gender equality in the maritime industry?,1.0,OK,False
646,rajappan,Rajappan,confirmed,/meoclass1/QB1_F.html#q19,QB1_F.html,q19,QB1_F#q19,True,True,True,India government contribution in shipping,India government contribution in shipping,1.0,OK,False
647,rajappan,Rajappan,confirmed,/meoclass1/QB1_G.html#q31,QB1_G.html,q31,QB1_G#q31,True,True,True,In water survey details. Conditions,In water survey details. Conditions,1.0,OK,False
648,rajappan,Rajappan,confirmed,/meoclass1/QB1_G.html#q32,QB1_G.html,q32,QB1_G#q32,True,True,True,Empanelment of salvors. (MS Notice 1 of 2026),Empanelment of salvors. (MS Notice 1 of 2026),1.0,OK,False
649,rajappan,Rajappan,confirmed,/meoclass1/QB2_A.html#q6,QB2_A.html,q6,QB2_A#q6,True,True,True,Recent container vessel safety developments — latest SOLAS amendments and IMO guidance.,Recent container vessel safety developments — latest SOLAS amendments and IMO guidance.,1.0,OK,False
650,rajappan,Rajappan,confirmed,/meoclass1/QB2_A.html#q7,QB2_A.html,q7,QB2_A#q7,True,True,True,Li-ion battery fire on a container vessel — thermal runaway mechanism and CE's actions.,Li-ion battery fire on a container vessel — thermal runaway mechanism and CE's actions.,1.0,OK,False
651,rajappan,Rajappan,confirmed,/meoclass1/QB2_A.html#q8,QB2_A.html,q8,QB2_A#q8,True,True,True,"Container deck fire — major reasons, EmS structure, and firefighting procedure.","Container deck fire — major reasons, EmS structure, and firefighting procedure.",1.0,OK,False
652,rajappan,Rajappan,confirmed,/meoclass1/QB2_B.html#q17,QB2_B.html,q17,QB2_B#q17,True,True,True,"What is the dry chemical powder (DCP) firefighting system fitted on the deck of a container ship, and what regulations govern it?","What is the dry chemical powder (DCP) firefighting system fitted on the deck of a container ship, and what regulations govern it?",1.0,OK,False
653,rajappan,Rajappan,confirmed,/meoclass1/QB2_B.html#q18,QB2_B.html,q18,QB2_B#q18,True,True,True,How is firefighting on deck carried out on a container ship when a container fire is suspected or confirmed?,How is firefighting on deck carried out on a container ship when a container fire is suspected or confirmed?,1.0,OK,False
654,rajappan,Rajappan,confirmed,/meoclass1/QB2_B.html#q19,QB2_B.html,q19,QB2_B#q19,True,True,True,How would you apply Formal Safety Assessment (FSA) specifically in the context of Li-ion battery cargo carried in containers?,How would you apply Formal Safety Assessment (FSA) specifically in the context of Li-ion battery cargo carried in containers?,1.0,OK,False
655,rajappan,Rajappan,confirmed,/meoclass1/QB3_B.html#q13,QB3_B.html,q13,QB3_B#q13,True,True,True,"How do you check low and high oxygen levels on an O₂ analyser, and what are the limits?","How do you check low and high oxygen levels on an O₂ analyser, and what are the limits?",1.0,OK,False
656,rajappan,Rajappan,confirmed,/meoclass1/QB3_B.html#q14,QB3_B.html,q14,QB3_B#q14,True,True,True,How do you ensure an O₂ analyser is working satisfactorily onboard?,How do you ensure an O₂ analyser is working satisfactorily onboard?,1.0,OK,False
657,rajappan,Rajappan,confirmed,/meoclass1/QB3_B.html#q15,QB3_B.html,q15,QB3_B#q15,True,True,True,What is span gas and what is test gas? How are they used in the calibration of an O₂ analyser?,What is span gas and what is test gas? How are they used in the calibration of an O₂ analyser?,1.0,OK,False
658,rajappan,Rajappan,confirmed,/meoclass1/QB3_B.html#q16,QB3_B.html,q16,QB3_B#q16,True,True,True,"What are the alarm limits for IG main line pressure — specifically the low, low-low, and high pressure values?","What are the alarm limits for IG main line pressure — specifically the low, low-low, and high pressure values?",1.0,OK,False
659,rajappan,Rajappan,confirmed,/meoclass1/QB3_B.html#q19,QB3_B.html,q19,QB3_B#q19,True,True,True,"What does GESAMP stand for, and what is its role in the maritime context?","What does GESAMP stand for, and what is its role in the maritime context?",1.0,OK,False
660,rajappan,Rajappan,confirmed,/meoclass1/QB3_C.html#q2,QB3_C.html,q2,QB3_C#q2,True,True,True,Oil tanker amendment package?,Oil tanker amendment package?,1.0,OK,False
661,rajappan,Rajappan,confirmed,/meoclass1/QB3_C.html#q3,QB3_C.html,q3,QB3_C#q3,True,True,True,Hong Kong Convention — IHM three parts and CE role?,Hong Kong Convention — IHM three parts and CE role?,1.0,OK,False
662,rajappan,Rajappan,confirmed,/meoclass1/QB3_H.html#q3,QB3_H.html,q3,QB3_H#q3,True,True,True,How do you test the high and low-low level alarms on the Inert Gas system?,How do you test the high and low-low level alarms on the Inert Gas system?,1.0,OK,False
663,rajappan,Rajappan,confirmed,/meoclass1/QB4_A.html#q17,QB4_A.html,q17,QB4_A#q17,True,True,True,"Explain STCW Chapter VIII — Fitness for Duty, watch composition, and fatigue management.","Explain STCW Chapter VIII — Fitness for Duty, watch composition, and fatigue management.",1.0,OK,False
664,rajappan,Rajappan,confirmed,/meoclass1/QB4_B.html#q8,QB4_B.html,q8,QB4_B#q8,True,True,True,Explain the principles of crew motivation onboard a ship.,Explain the principles of crew motivation onboard a ship.,1.0,OK,False
665,rajappan,Rajappan,confirmed,/meoclass1/QB4_C.html#q5,QB4_C.html,q5,QB4_C#q5,True,True,True,Suspension vs withdrawal of class?,Suspension vs withdrawal of class?,1.0,OK,False
666,rajappan,Rajappan,confirmed,/meoclass1/QB4_C.html#q6,QB4_C.html,q6,QB4_C#q6,True,True,True,MLC 2006 — 5 Titles and flag/port state duties?,MLC 2006 — 5 Titles and flag/port state duties?,1.0,OK,False
667,rajappan,Rajappan,confirmed,/meoclass1/QB4_C.html#q15,QB4_C.html,q15,QB4_C#q15,True,True,True,RO Code?,RO Code?,1.0,OK,False
668,rajappan,Rajappan,confirmed,/meoclass1/QB5_A.html#q2,QB5_A.html,q2,QB5_A#q2,True,True,True,Engine Room Resource Management (ERRM) — Explain.,Engine Room Resource Management (ERRM) — Explain.,1.0,OK,False
669,rajappan,Rajappan,confirmed,/meoclass1/QB5_A.html#q3,QB5_A.html,q3,QB5_A#q3,True,True,True,Johari Window — Explain.,Johari Window — Explain.,1.0,OK,False
670,rajappan,Rajappan,confirmed,/meoclass1/QB5_A.html#q15,QB5_A.html,q15,QB5_A#q15,True,True,True,Mentoring / Reverse Mentoring — What is Mentoring?,Mentoring / Reverse Mentoring — What is Mentoring?,1.0,OK,False
671,rajappan,Rajappan,confirmed,/meoclass1/QB5_B.html#q7,QB5_B.html,q7,QB5_B#q7,True,True,True,Fitness for Duty — STCW Chapter VIII.,Fitness for Duty — STCW Chapter VIII.,1.0,OK,False
672,rajappan,Rajappan,confirmed,/meoclass1/QB5_B.html#q10,QB5_B.html,q10,QB5_B#q10,True,True,True,"PID Controller — What Is It, Where Used Onboard, How to Tune and Adjust.","PID Controller — What Is It, Where Used Onboard, How to Tune and Adjust.",1.0,OK,False
673,rajappan,Rajappan,confirmed,/meoclass1/QB5_B.html#q13,QB5_B.html,q13,QB5_B#q13,True,True,True,IG Alarms and Trips. O₂ Analyser — Low and High O₂ Limits. Span Gas and Test Gas.,IG Alarms and Trips. O₂ Analyser — Low and High O₂ Limits. Span Gas and Test Gas.,1.0,OK,False
674,rajappan,Rajappan,confirmed,/meoclass1/QB5_B.html#q15,QB5_B.html,q15,QB5_B#q15,True,True,True,Risk Assessment and PTW for Operating a Portable Framo Submersible Cargo Pump.,Risk Assessment and PTW for Operating a Portable Framo Submersible Cargo Pump.,1.0,OK,False
675,rajappan,Rajappan,confirmed,/meoclass1/QB5_C_A.html#q4,QB5_C_A.html,q4,QB5_C_A#q4,True,True,True,Management of Change (MOC) — procedure and CE role?,Management of Change (MOC) — procedure and CE role?,1.0,OK,False
676,rajappan,Rajappan,confirmed,/meoclass1/QB5_C_A.html#q8,QB5_C_A.html,q8,QB5_C_A#q8,True,True,True,Dali incident — what went wrong and what is the CE liability?,Dali incident — what went wrong and what is the CE liability?,1.0,OK,False
677,rajappan,Rajappan,confirmed,/meoclass1/QB5_C_A.html#q10,QB5_C_A.html,q10,QB5_C_A#q10,True,True,True,"Risk assessment — L×S matrix, steps and documentation?","Risk assessment — L×S matrix, steps and documentation?",1.0,OK,False
678,rajappan,Rajappan,confirmed,/meoclass1/QB5_C_B.html#q5,QB5_C_B.html,q5,QB5_C_B#q5,True,True,True,War zone — 3 Indian crew died — investigation,War zone — 3 Indian crew died — investigation,1.0,OK,False
679,rajappan,Rajappan,confirmed,/meoclass1/QB5_C_B.html#q6,QB5_C_B.html,q6,QB5_C_B#q6,True,True,True,Engine Resource Management (ERM) principles,Engine Resource Management (ERM) principles,1.0,OK,False
680,rajappan,Rajappan,confirmed,/meoclass1/QB5_G.html#q2,QB5_G.html,q2,QB5_G#q2,True,True,True,How to carry out risk assessment and permit for portable framo pump,How to carry out risk assessment and permit for portable framo pump,1.0,OK,False
681,rajappan,Rajappan,confirmed,/meoclass1/QB5_G.html#q4,QB5_G.html,q4,QB5_G#q4,True,True,True,As CE how will you take decisions onboard? What framework do you use?,As CE how will you take decisions onboard? What framework do you use?,1.0,OK,False
682,rajappan,Rajappan,confirmed,/meoclass1/QB5_G.html#q5,QB5_G.html,q5,QB5_G#q5,True,True,True,What is Sagar Mala project and Maritime Amritkal Vision?,What is Sagar Mala project and Maritime Amritkal Vision?,1.0,OK,False
683,rajappan,Rajappan,confirmed,/meoclass1/QB6.html#q18,QB6.html,q18,QB6#q18,True,True,True,VIT (Variable Injection Timing) — explain. Why is VIT not used below 40% load?,VIT (Variable Injection Timing) — explain. Why is VIT not used below 40% load?,1.0,OK,False
684,rajappan,Rajappan,confirmed,/meoclass1/QB7_A.html#q2,QB7_A.html,q2,QB7_A#q2,True,True,True,Onboard carbon capture — how does it work? What is carbon sequestration?,Onboard carbon capture — how does it work? What is carbon sequestration?,1.0,OK,False
685,rajappan,Rajappan,confirmed,/meoclass1/QB7_A.html#q3,QB7_A.html,q3,QB7_A#q3,True,True,True,"EU MRV, FuelEU Maritime, and EU ETS — explain each and their cross-linkage with IMO's CII framework.","EU MRV, FuelEU Maritime, and EU ETS — explain each and their cross-linkage with IMO's CII framework.",1.0,OK,False
686,rajappan,Rajappan,confirmed,/meoclass1/QB7_B.html#q1,QB7_B.html,q1,QB7_B#q1,True,True,True,| E-marine fuels — what are they and their status in maritime decarbonisation?,| E-marine fuels — what are they and their status in maritime decarbonisation?,1.0,OK,False
687,rajappan,Rajappan,confirmed,/meoclass1/QB7_F.html#q1,QB7_F.html,q1,QB7_F#q1,True,True,True,"Green, Grey, Blue and Red hydrogen — differentiate between each type.","Green, Grey, Blue and Red hydrogen — differentiate between each type.",1.0,OK,False
688,rajappan,Rajappan,confirmed,/meoclass1/QB8_A.html#q3,QB8_A.html,q3,QB8_A#q3,True,True,True,Liner consortium and freight rates?,Liner consortium and freight rates?,1.0,OK,False
689,rajappan,Rajappan,confirmed,/meoclass1/QB8_B.html#q3,QB8_B.html,q3,QB8_B#q3,True,True,True,Smart Bill of Lading / E-Bill of Lading — legal status and framework?,Smart Bill of Lading / E-Bill of Lading — legal status and framework?,1.0,OK,False
690,rajappan,Rajappan,confirmed,/meoclass1/QB8_B.html#q6,QB8_B.html,q6,QB8_B#q6,True,True,True,Latest container vessel amendments — key SOLAS changes?,Latest container vessel amendments — key SOLAS changes?,1.0,OK,False
691,rajappan,Rajappan,confirmed,/meoclass1/QB8_F.html#q2,QB8_F.html,q2,QB8_F#q2,True,True,True,Describe the frame stripping and purging procedure (scavenge space fire response context).,Describe the frame stripping and purging procedure (scavenge space fire response context).,1.0,OK,False
692,rajappan,Rajappan,confirmed,/meoclass1/QB9_C.html#q5,QB9_C.html,q5,QB9_C#q5,True,True,True,Insurance principles — list all principles of marine insurance and explain each.,Insurance principles — list all principles of marine insurance and explain each.,1.0,OK,False
693,rajappan,Rajappan,ce_tip,/meoclass1/QB1_B.html#q4,QB1_B.html,q4,QB1_B#q4,True,True,True,What does STSDSS stand for and what is it?,What does STSDSS stand for and what is it?,1.0,OK,False
694,rajappan,Rajappan,ce_tip,/meoclass1/QB1_B.html#q11,QB1_B.html,q11,QB1_B#q11,True,True,True,"What is Salvage, and explain SCOPIC (Special Compensation P&I Clause)","What is Salvage, and explain SCOPIC (Special Compensation P&I Clause)",1.0,OK,False
695,rajappan,Rajappan,ce_tip,/meoclass1/QB1_B.html#q15,QB1_B.html,q15,QB1_B#q15,True,True,True,Explain the IMO Casualty Investigation Code — scope and purpose,Explain the IMO Casualty Investigation Code — scope and purpose,1.0,OK,False
696,rajappan,Rajappan,ce_tip,/meoclass1/QB1_F.html#q16,QB1_F.html,q16,QB1_F#q16,True,True,True,explain ESP..,explain ESP..,1.0,OK,False
697,rajappan,Rajappan,ce_tip,/meoclass1/QB1_H.html#q4,QB1_H.html,q4,QB1_H#q4,True,True,True,"Describe the windlass/mooring winch brake rendering test — purpose, calculation basis, and procedure.","Describe the windlass/mooring winch brake rendering test — purpose, calculation basis, and procedure.",1.0,OK,False
698,rajappan,Rajappan,ce_tip,/meoclass1/QB1_supplementary.html#q2,QB1_supplementary.html,q2,QB1_supplementary#q2,True,True,True,State the Intact Stability Criteria — IS Code 2008 (MSC.267(85)). Give all numerical values.,State the Intact Stability Criteria — IS Code 2008 (MSC.267(85)). Give all numerical values.,1.0,OK,False
699,rajappan,Rajappan,ce_tip,/meoclass1/QB1_supplementary.html#q3,QB1_supplementary.html,q3,QB1_supplementary#q3,True,True,True,State the Damage Stability Criteria for cargo ships under SOLAS 2009 amendments. What is A ≥ R?,State the Damage Stability Criteria for cargo ships under SOLAS 2009 amendments. What is A ≥ R?,1.0,OK,False
700,rajappan,Rajappan,ce_tip,/meoclass1/QB1_supplementary.html#q5,QB1_supplementary.html,q5,QB1_supplementary#q5,True,True,True,Load Line Survey preparations as Chief Engineer. What are your engine room responsibilities?,Load Line Survey preparations as Chief Engineer. What are your engine room responsibilities?,1.0,OK,False
701,rajappan,Rajappan,ce_tip,/meoclass1/QB1_supplementary.html#q9,QB1_supplementary.html,q9,QB1_supplementary#q9,True,True,True,What is the Factor of Subdivision? How is it determined and what does a lower value indicate?,What is the Factor of Subdivision? How is it determined and what does a lower value indicate?,1.0,OK,False
702,rajappan,Rajappan,ce_tip,/meoclass1/QB1_supplementary.html#q10,QB1_supplementary.html,q10,QB1_supplementary#q10,True,True,True,Draw and explain the GZ / Statical Stability Curve. Label all key points.,Draw and explain the GZ / Statical Stability Curve. Label all key points.,1.0,OK,False
703,rajappan,Rajappan,ce_tip,/meoclass1/QB1_supplementary.html#q11,QB1_supplementary.html,q11,QB1_supplementary#q11,True,True,True,What are Cross Curves of Stability (KN Curves)? How are they constructed and used?,What are Cross Curves of Stability (KN Curves)? How are they constructed and used?,1.0,OK,False
704,rajappan,Rajappan,ce_tip,/meoclass1/QB1_supplementary.html#q12,QB1_supplementary.html,q12,QB1_supplementary#q12,True,True,True,"Explain Free Surface Effect — formula, effect on GM, and how to reduce it.","Explain Free Surface Effect — formula, effect on GM, and how to reduce it.",1.0,OK,False
705,rajappan,Rajappan,ce_tip,/meoclass1/QB1_supplementary.html#q13,QB1_supplementary.html,q13,QB1_supplementary#q13,True,True,True,"What is Angle of Loll? Cause, recognition, and correct corrective actions — in full.","What is Angle of Loll? Cause, recognition, and correct corrective actions — in full.",1.0,OK,False
706,rajappan,Rajappan,ce_tip,/meoclass1/QB1_supplementary.html#q14,QB1_supplementary.html,q14,QB1_supplementary#q14,True,True,True,What is Dynamic Stability? How does it differ from static stability and why does it matter?,What is Dynamic Stability? How does it differ from static stability and why does it matter?,1.0,OK,False
707,rajappan,Rajappan,ce_tip,/meoclass1/QB1_supplementary.html#q15,QB1_supplementary.html,q15,QB1_supplementary#q15,True,True,True,"What is an Inclining Experiment? Purpose, principle, pre-inclining checks, and when must it be repeated?","What is an Inclining Experiment? Purpose, principle, pre-inclining checks, and when must it be repeated?",1.0,OK,False
708,rajappan,Rajappan,ce_tip,/meoclass1/QB1_supplementary.html#q17,QB1_supplementary.html,q17,QB1_supplementary#q17,True,True,True,"What is the Shell Expansion Plan? How is it used, and what is Frame Number 0?","What is the Shell Expansion Plan? How is it used, and what is Frame Number 0?",1.0,OK,False
709,rajappan,Rajappan,ce_tip,/meoclass1/QB1_supplementary.html#q18,QB1_supplementary.html,q18,QB1_supplementary#q18,True,True,True,"SOLAS requirements for the Collision Bulkhead: position from FP, height, and permitted openings.","SOLAS requirements for the Collision Bulkhead: position from FP, height, and permitted openings.",1.0,OK,False
710,rajappan,Rajappan,ce_tip,/meoclass1/QB2_B.html#q3,QB2_B.html,q3,QB2_B#q3,True,True,True,"What are the IMDG Code requirements for marking, labelling, and numbering of dangerous goods packages?","What are the IMDG Code requirements for marking, labelling, and numbering of dangerous goods packages?",1.0,OK,False
711,rajappan,Rajappan,ce_tip,/meoclass1/QB2_B.html#q6,QB2_B.html,q6,QB2_B#q6,True,True,True,What are the key hazards and handling risks associated with LPG cargo on a gas carrier? Draw on incident learnings from MAIB investigations.,What are the key hazards and handling risks associated with LPG cargo on a gas carrier? Draw on incident learnings from MAIB investigations.,1.0,OK,False
712,rajappan,Rajappan,ce_tip,/meoclass1/QB2_B.html#q9,QB2_B.html,q9,QB2_B#q9,True,True,True,"Explain the CSC (Container Safety Convention) inspection scheme in detail — covering the Periodic Examination Scheme (PES) and the Approved Continuous Examination Programme (ACEP), and what tests are carried out.","Explain the CSC (Container Safety Convention) inspection scheme in detail — covering the Periodic Examination Scheme (PES) and the Approved Continuous Examination Programme (ACEP), and what tests are carried out.",1.0,OK,False
713,rajappan,Rajappan,ce_tip,/meoclass1/QB2_B.html#q13,QB2_B.html,q13,QB2_B#q13,True,True,True,"What is the difference between watertight and weathertight on a ship, and what are the test methods for each?","What is the difference between watertight and weathertight on a ship, and what are the test methods for each?",1.0,OK,False
714,rajappan,Rajappan,ce_tip,/meoclass1/QB4_C.html#q16,QB4_C.html,q16,QB4_C#q16,True,True,True,Master's authority under ISM?,Master's authority under ISM?,1.0,OK,False
715,rajappan,Rajappan,ce_tip,/meoclass1/QB5_C_B.html#q1,QB5_C_B.html,q1,QB5_C_B#q1,True,True,True,Mentoring vs reverse mentoring,Mentoring vs reverse mentoring,1.0,OK,False
716,rajappan,Rajappan,ce_tip,/meoclass1/QB6.html#q15,QB6.html,q15,QB6#q15,True,True,True,3-element controller — explain. Where is it used onboard?,3-element controller — explain. Where is it used onboard?,1.0,OK,False
717,rajappan,Rajappan,ce_tip,/meoclass1/QB6.html#q16,QB6.html,q16,QB6#q16,True,True,True,Ziegler-Nichols Method — how do you tune a PID controller using this method?,Ziegler-Nichols Method — how do you tune a PID controller using this method?,1.0,OK,False
718,rajappan,Rajappan,ce_tip,/meoclass1/QB6.html#q17,QB6.html,q17,QB6#q17,True,True,True,"PID controller — what is it, where is it used onboard, how do you tune and adjust it?","PID controller — what is it, where is it used onboard, how do you tune and adjust it?",1.0,OK,False
719,rajappan,Rajappan,ce_tip,/meoclass1/QB7_B.html#q2,QB7_B.html,q2,QB7_B#q2,True,True,True,"Hydrogen colour taxonomy — grey, blue, green and pink/red: production methods, GHG intensity per pathway, and maritime relevance.","Hydrogen colour taxonomy — grey, blue, green and pink/red: production methods, GHG intensity per pathway, and maritime relevance.",1.0,OK,False
720,rajappan,Rajappan,ce_tip,/meoclass1/QB9_E.html#q6,QB9_E.html,q6,QB9_E#q6,True,True,True,Blue Economy in Detail,Blue Economy in Detail,1.0,OK,False
721,rajappan,Rajappan,ce_tip,/meoclass1/QB9_E.html#q9,QB9_E.html,q9,QB9_E#q9,True,True,True,Marine Spatial Planning,Marine Spatial Planning,1.0,OK,False
722,rajappan,Rajappan,ce_tip,/meoclass1/QB9_E.html#q11,QB9_E.html,q11,QB9_E#q11,True,True,True,Difference Between Tort and Crime in Maritime Context,Difference Between Tort and Crime in Maritime Context,1.0,OK,False
723,rajappan,Rajappan,header,/meoclass1/QB1_B.html#q6,QB1_B.html,q6,QB1_B#q6,True,True,True,Explain PSSA (Particularly Sensitive Sea Area) with examples,Explain PSSA (Particularly Sensitive Sea Area) with examples,1.0,OK,False
724,rajappan,Rajappan,header,/meoclass1/QB1_B.html#q10,QB1_B.html,q10,QB1_B#q10,True,True,True,"Explain the CLC (Civil Liability Convention) — scope and application, including in the context of a bunker-spill incident","Explain the CLC (Civil Liability Convention) — scope and application, including in the context of a bunker-spill incident",1.0,OK,False
725,rajappan,Rajappan,header,/meoclass1/QB1_B.html#q14,QB1_B.html,q14,QB1_B#q14,True,True,True,"What is General Average, and what is the procedure followed onboard when GA is declared?","What is General Average, and what is the procedure followed onboard when GA is declared?",1.0,OK,False
726,rajappan,Rajappan,header,/meoclass1/QB1_B.html#q18,QB1_B.html,q18,QB1_B#q18,True,True,True,What is the 'tacit acceptance' procedure in the IMO amendment process?,What is the 'tacit acceptance' procedure in the IMO amendment process?,1.0,OK,False
727,rajappan,Rajappan,header,/meoclass1/QB1_B.html#q20,QB1_B.html,q20,QB1_B#q20,True,True,True,What is subrogation in the context of marine insurance/P&I claims?,What is subrogation in the context of marine insurance/P&I claims?,1.0,OK,False
728,rajappan,Rajappan,header,/meoclass1/QB2_B.html#q14,QB2_B.html,q14,QB2_B#q14,True,True,True,"What is the difference between the IBC Code and the BCH Code for chemical tankers, and why do two separate codes exist?","What is the difference between the IBC Code and the BCH Code for chemical tankers, and why do two separate codes exist?",1.0,OK,False
729,rajappan,Rajappan,inferred,/meoclass1/QB1_C.html#q4,QB1_C.html,q4,QB1_C#q4,True,True,True,Structural knee — function and locations?,Structural knee — function and locations?,1.0,OK,False
730,rajappan,Rajappan,inferred,/meoclass1/QB1_H.html#q1,QB1_H.html,q1,QB1_H#q1,True,True,True,What is IACS Procedural Requirement (PR) 17 and when does it apply?,What is IACS Procedural Requirement (PR) 17 and when does it apply?,1.0,OK,False
731,rajappan,Rajappan,inferred,/meoclass1/QB1_H.html#q2,QB1_H.html,q2,QB1_H#q2,True,True,True,What is IACS Procedural Requirement (PR) 9 and how does it standardise ISM Code certification?,What is IACS Procedural Requirement (PR) 9 and how does it standardise ISM Code certification?,1.0,OK,False
732,rajappan,Rajappan,inferred,/meoclass1/QB1_H.html#q3,QB1_H.html,q3,QB1_H#q3,True,True,True,"Differentiate between an IACS Unified Requirement (UR), Procedural Requirement (PR), and Unified Interpretation (UI).","Differentiate between an IACS Unified Requirement (UR), Procedural Requirement (PR), and Unified Interpretation (UI).",1.0,OK,False
733,rajappan,Rajappan,inferred,/meoclass1/QB1_H.html#q5,QB1_H.html,q5,QB1_H#q5,True,True,True,Explain the IMO Goal-Based Standards (GBS) framework — the five-tier hierarchy and its scope of application.,Explain the IMO Goal-Based Standards (GBS) framework — the five-tier hierarchy and its scope of application.,1.0,OK,False
734,rajappan,Rajappan,inferred,/meoclass1/QB1_supplementary.html#q1,QB1_supplementary.html,q1,QB1_supplementary#q1,True,True,True,"As Chief Engineer, what are your ISM Survey duties in the Engine Room — beyond documentation and machinery checks?","As Chief Engineer, what are your ISM Survey duties in the Engine Room — beyond documentation and machinery checks?",1.0,OK,False
735,rajappan,Rajappan,inferred,/meoclass1/QB1_supplementary.html#q7,QB1_supplementary.html,q7,QB1_supplementary#q7,True,True,True,"NOx Technical File — what is it, what does it contain, and what does the surveyor check?","NOx Technical File — what is it, what does it contain, and what does the surveyor check?",1.0,OK,False
736,rajappan,Rajappan,inferred,/meoclass1/QB1_supplementary.html#q8,QB1_supplementary.html,q8,QB1_supplementary#q8,True,True,True,What is a SAFCON (Safety Construction) Survey? What does the surveyor check in the engine room?,What is a SAFCON (Safety Construction) Survey? What does the surveyor check in the engine room?,1.0,OK,False
737,rajappan,Rajappan,inferred,/meoclass1/QB1_supplementary.html#q16,QB1_supplementary.html,q16,QB1_supplementary#q16,True,True,True,"Contents of the Damage Control Plan. What must it contain per SOLAS, and where must it be kept?","Contents of the Damage Control Plan. What must it contain per SOLAS, and where must it be kept?",1.0,OK,False
738,rajappan,Rajappan,inferred,/meoclass1/QB1_supplementary.html#q19,QB1_supplementary.html,q19,QB1_supplementary#q19,True,True,True,What is Propeller Blade Pitch Ratio (P/D)? Effect on efficiency and what is positive slip?,What is Propeller Blade Pitch Ratio (P/D)? Effect on efficiency and what is positive slip?,1.0,OK,False
739,rajappan,Rajappan,inferred,/meoclass1/QB1_supplementary.html#q20,QB1_supplementary.html,q20,QB1_supplementary#q20,True,True,True,"Tail Shaft Survey — what is it, when is it due, and what is the complete procedure?","Tail Shaft Survey — what is it, when is it due, and what is the complete procedure?",1.0,OK,False
740,rajappan,Rajappan,inferred,/meoclass1/QB5_B.html#q11,QB5_B.html,q11,QB5_B#q11,True,True,True,3-Element Controller — Explain.,3-Element Controller — Explain.,1.0,OK,False
741,srivastava,Srivastava,confirmed,/meoclass1/QB1_B.html#q16,QB1_B.html,q16,QB1_B#q16,True,True,True,What are the duties and powers of Port State Control?,What are the duties and powers of Port State Control?,1.0,OK,False
742,srivastava,Srivastava,confirmed,/meoclass1/QB4_B.html#q18,QB4_B.html,q18,QB4_B#q18,True,True,True,"Your ship is stranded in the Persian Gulf / Strait of Hormuz due to active conflict. As Chief Engineer, how do you motivate and manage the crew?","Your ship is stranded in the Persian Gulf / Strait of Hormuz due to active conflict. As Chief Engineer, how do you motivate and manage the crew?",1.0,OK,False
743,srivastava,Srivastava,confirmed,/meoclass1/QB4_C.html#q5,QB4_C.html,q5,QB4_C#q5,True,True,True,Suspension vs withdrawal of class?,Suspension vs withdrawal of class?,1.0,OK,False
744,srivastava,Srivastava,confirmed,/meoclass1/QB4_C.html#q7,QB4_C.html,q7,QB4_C#q7,True,True,True,DOC cancellation — grounds?,DOC cancellation — grounds?,1.0,OK,False
745,srivastava,Srivastava,confirmed,/meoclass1/QB4_C.html#q12,QB4_C.html,q12,QB4_C#q12,True,True,True,Additional verification under ISM?,Additional verification under ISM?,1.0,OK,False
746,srivastava,Srivastava,confirmed,/meoclass1/QB4_C.html#q13,QB4_C.html,q13,QB4_C#q13,True,True,True,GISIS?,GISIS?,1.0,OK,False
747,srivastava,Srivastava,confirmed,/meoclass1/QB5_H.html#q1,QB5_H.html,q1,QB5_H#q1,True,True,True,Is the Chief Engineer a leader? Elaborate.,Is the Chief Engineer a leader? Elaborate.,1.0,OK,False
748,srivastava,Srivastava,confirmed,/meoclass1/QB6.html#q19,QB6.html,q19,QB6#q19,True,True,True,FRAMO pump system — how does it work? Where is it used onboard?,FRAMO pump system — how does it work? Where is it used onboard?,1.0,OK,False
749,srivastava,Srivastava,confirmed,/meoclass1/QB8_C.html#q1,QB8_C.html,q1,QB8_C#q1,True,True,True,What is CSC (Convention for Safe Containers)? Purpose and applicability.,What is CSC (Convention for Safe Containers)? Purpose and applicability.,1.0,OK,False
750,srivastava,Srivastava,confirmed,/meoclass1/QB8_C.html#q2,QB8_C.html,q2,QB8_C#q2,True,True,True,Various testing schemes for containers under CSC — what are they?,Various testing schemes for containers under CSC — what are they?,1.0,OK,False
751,srivastava,Srivastava,confirmed,/meoclass1/QB8_C.html#q3,QB8_C.html,q3,QB8_C#q3,True,True,True,Container tests — what structural and operational tests are required under CSC?,Container tests — what structural and operational tests are required under CSC?,1.0,OK,False
752,srivastava,Srivastava,confirmed,/meoclass1/QB8_C.html#q4,QB8_C.html,q4,QB8_C#q4,True,True,True,CIC (Consolidated Inspection Campaign / Cargo Integrity Check) — explain in detail.,CIC (Consolidated Inspection Campaign / Cargo Integrity Check) — explain in detail.,1.0,OK,False
753,srivastava,Srivastava,confirmed,/meoclass1/QB9_C.html#q1,QB9_C.html,q1,QB9_C#q1,True,True,True,Constructive total loss — define and explain the criteria for declaring CTL in marine insurance.,Constructive total loss — define and explain the criteria for declaring CTL in marine insurance.,1.0,OK,False
754,srivastava,Srivastava,confirmed,/meoclass1/QB9_C.html#q2,QB9_C.html,q2,QB9_C#q2,True,True,True,P&I Club — what does the 'I' stand for? Explain.,P&I Club — what does the 'I' stand for? Explain.,1.0,OK,False
755,srivastava,Srivastava,confirmed,/meoclass1/QB9_C.html#q3,QB9_C.html,q3,QB9_C#q3,True,True,True,"P&I Club calls — explain how club calls (advance, supplementary, overspill) work.","P&I Club calls — explain how club calls (advance, supplementary, overspill) work.",1.0,OK,False
756,srivastava,Srivastava,ce_tip,/meoclass1/QB3_A.html#q1,QB3_A.html,q1,QB3_A#q1,True,True,True,"SOLAS Chapter XII — what does it cover, and why is it relevant to bulk carriers?","SOLAS Chapter XII — what does it cover, and why is it relevant to bulk carriers?",1.0,OK,False
757,srivastava,Srivastava,ce_tip,/meoclass1/QB3_A.html#q4,QB3_A.html,q4,QB3_A#q4,True,True,True,Explain class notations using your last vessel as an example.,Explain class notations using your last vessel as an example.,1.0,OK,False
758,srivastava,Srivastava,ce_tip,/meoclass1/QB3_A.html#q6,QB3_A.html,q6,QB3_A#q6,True,True,True,Explain the Enhanced Survey Programme (ESP) — what does it cover and what does the ESP file contain?,Explain the Enhanced Survey Programme (ESP) — what does it cover and what does the ESP file contain?,1.0,OK,False
759,srivastava,Srivastava,ce_tip,/meoclass1/QB3_C.html#q4,QB3_C.html,q4,QB3_C#q4,True,True,True,GESAMP — role and MARPOL Annex II link?,GESAMP — role and MARPOL Annex II link?,1.0,OK,False
760,srivastava,Srivastava,ce_tip,/meoclass1/QB4_B.html#q6,QB4_B.html,q6,QB4_B#q6,True,True,True,How does the human element feature in a marine casualty investigation? What HE factors are typically examined?,How does the human element feature in a marine casualty investigation? What HE factors are typically examined?,1.0,OK,False
761,srivastava,Srivastava,ce_tip,/meoclass1/QB4_B.html#q7,QB4_B.html,q7,QB4_B#q7,True,True,True,What leadership qualities are expected of a Chief Engineer?,What leadership qualities are expected of a Chief Engineer?,1.0,OK,False
762,srivastava,Srivastava,ce_tip,/meoclass1/QB4_H.html#q4,QB4_H.html,q4,QB4_H#q4,True,True,True,Describe the procedure for testing the Ship Security Alert System (SSAS).,Describe the procedure for testing the Ship Security Alert System (SSAS).,1.0,OK,False
763,srivastava,Srivastava,ce_tip,/meoclass1/QB9_H.html#q9,QB9_H.html,q9,QB9_H#q9,True,True,True,What is a Contract of Affreightment?,What is a Contract of Affreightment?,1.0,OK,False
764,srivastava,Srivastava,header,/meoclass1/QB4_C.html#q16,QB4_C.html,q16,QB4_C#q16,True,True,True,Master's authority under ISM?,Master's authority under ISM?,1.0,OK,False
765,srivastava,Srivastava,header,/meoclass1/QB4_E.html#q5,QB4_E.html,q5,QB4_E#q5,True,True,True,ISM Code elements — list all 12 elements and explain the key ones.,ISM Code elements — list all 12 elements and explain the key ones.,1.0,OK,False
766,srivastava,Srivastava,header,/meoclass1/QB4_E.html#q6,QB4_E.html,q6,QB4_E#q6,True,True,True,Master's review and authority under ISM Code — overriding authority?,Master's review and authority under ISM Code — overriding authority?,1.0,OK,False
767,srivastava,Srivastava,header,/meoclass1/QB4_E.html#q7,QB4_E.html,q7,QB4_E#q7,True,True,True,How is continuous improvement achieved under the ISM Code?,How is continuous improvement achieved under the ISM Code?,1.0,OK,False
768,srivastava,Srivastava,header,/meoclass1/QB4_E.html#q8,QB4_E.html,q8,QB4_E#q8,True,True,True,"PSC — appeal process, codes involved, and process after detention?","PSC — appeal process, codes involved, and process after detention?",1.0,OK,False
769,srivastava,Srivastava,inferred,/meoclass1/QB3_A.html#q2,QB3_A.html,q2,QB3_A#q2,True,True,True,"What is the difference between heel and list, and how is each corrected?","What is the difference between heel and list, and how is each corrected?",1.0,OK,False
770,srivastava,Srivastava,inferred,/meoclass1/QB3_A.html#q7,QB3_A.html,q7,QB3_A#q7,True,True,True,"What is the recent direction of ESP survey tightening, and what drives it?","What is the recent direction of ESP survey tightening, and what drives it?",1.0,OK,False
771,srivastava,Srivastava,inferred,/meoclass1/QB3_A.html#q9,QB3_A.html,q9,QB3_A#q9,True,True,True,"What certificates are issued under the AFS Convention, who issues them, and what is their validity?","What certificates are issued under the AFS Convention, who issues them, and what is their validity?",1.0,OK,False
772,srivastava,Srivastava,inferred,/meoclass1/QB3_A.html#q12,QB3_A.html,q12,QB3_A#q12,True,True,True,"What is ""substantial corrosion"" and how is it assessed?","What is ""substantial corrosion"" and how is it assessed?",1.0,OK,False
773,srivastava,Srivastava,inferred,/meoclass1/QB3_A.html#q14,QB3_A.html,q14,QB3_A#q14,True,True,True,How do Ship Construction File (SCF) and ESP/UTM interact in practice?,How do Ship Construction File (SCF) and ESP/UTM interact in practice?,1.0,OK,False
774,srivastava,Srivastava,inferred,/meoclass1/QB3_A.html#q16,QB3_A.html,q16,QB3_A#q16,True,True,True,EEDI reference line and container ships (context add‑on),EEDI reference line and container ships (context add‑on),1.0,OK,False
775,srivastava,Srivastava,inferred,/meoclass1/QB3_A.html#q17,QB3_A.html,q17,QB3_A#q17,True,True,True,"What is the class quarterly listing / survey status report, and how does the CE use it?","What is the class quarterly listing / survey status report, and how does the CE use it?",1.0,OK,False
776,srivastava,Srivastava,inferred,/meoclass1/QB3_B.html#q1,QB3_B.html,q1,QB3_B#q1,True,True,True,What is a hull survey — what does it cover and what are the requirements?,What is a hull survey — what does it cover and what are the requirements?,1.0,OK,False
777,srivastava,Srivastava,inferred,/meoclass1/QB3_B.html#q2,QB3_B.html,q2,QB3_B#q2,True,True,True,What are the criteria for steel plate renewal during a hull survey?,What are the criteria for steel plate renewal during a hull survey?,1.0,OK,False
778,srivastava,Srivastava,inferred,/meoclass1/QB3_B.html#q3,QB3_B.html,q3,QB3_B#q3,True,True,True,What do you specifically check during a ballast water tank inspection?,What do you specifically check during a ballast water tank inspection?,1.0,OK,False
779,srivastava,Srivastava,inferred,/meoclass1/QB3_B.html#q4,QB3_B.html,q4,QB3_B#q4,True,True,True,"What is the definition of 'substantial corrosion' in the context of hull surveys, and what criteria determine when it applies?","What is the definition of 'substantial corrosion' in the context of hull surveys, and what criteria determine when it applies?",1.0,OK,False
780,srivastava,Srivastava,inferred,/meoclass1/QB3_B.html#q5,QB3_B.html,q5,QB3_B#q5,True,True,True,"Give a full overview of the Enhanced Survey Programme (ESP) Code — scope, ship types covered, survey cycles, and key CE responsibilities.","Give a full overview of the Enhanced Survey Programme (ESP) Code — scope, ship types covered, survey cycles, and key CE responsibilities.",1.0,OK,False
781,srivastava,Srivastava,inferred,/meoclass1/QB3_B.html#q6,QB3_B.html,q6,QB3_B#q6,True,True,True,"Explain Goal-Based Standards (GBS) under SOLAS Chapter II-1 — what they are, how they work, and their significance for ship construction.","Explain Goal-Based Standards (GBS) under SOLAS Chapter II-1 — what they are, how they work, and their significance for ship construction.",1.0,OK,False
782,srivastava,Srivastava,inferred,/meoclass1/QB3_B.html#q7,QB3_B.html,q7,QB3_B#q7,True,True,True,"What is the Ship Construction File, what must it contain, and what is its purpose?","What is the Ship Construction File, what must it contain, and what is its purpose?",1.0,OK,False
783,srivastava,Srivastava,inferred,/meoclass1/QB3_B.html#q8,QB3_B.html,q8,QB3_B#q8,True,True,True,"Describe the full drydocking process and requirements for a ship — including intervals, what inspections are carried out, and CE responsibilities.","Describe the full drydocking process and requirements for a ship — including intervals, what inspections are carried out, and CE responsibilities.",1.0,OK,False
784,srivastava,Srivastava,inferred,/meoclass1/QB3_B.html#q9,QB3_B.html,q9,QB3_B#q9,True,True,True,"Give an overview of the classification society survey system — types of surveys, periodicity, and the role of class in statutory survey delegation.","Give an overview of the classification society survey system — types of surveys, periodicity, and the role of class in statutory survey delegation.",1.0,OK,False
785,srivastava,Srivastava,inferred,/meoclass1/QB3_B.html#q10,QB3_B.html,q10,QB3_B#q10,True,True,True,"Under which rules is a bulk carrier built, and where is this referenced in SOLAS?","Under which rules is a bulk carrier built, and where is this referenced in SOLAS?",1.0,OK,False
786,srivastava,Srivastava,inferred,/meoclass1/QB3_B.html#q12,QB3_B.html,q12,QB3_B#q12,True,True,True,What are the alarms and trips fitted to an Inert Gas (IG) system on a tanker / container ship?,What are the alarms and trips fitted to an Inert Gas (IG) system on a tanker / container ship?,1.0,OK,False
787,srivastava,Srivastava,inferred,/meoclass1/QB3_B.html#q17,QB3_B.html,q17,QB3_B#q17,True,True,True,How do you test the high pressure and low-low pressure alarms on an IG system?,How do you test the high pressure and low-low pressure alarms on an IG system?,1.0,OK,False
788,srivastava,Srivastava,inferred,/meoclass1/QB3_B.html#q19,QB3_B.html,q19,QB3_B#q19,True,True,True,"What does GESAMP stand for, and what is its role in the maritime context?","What does GESAMP stand for, and what is its role in the maritime context?",1.0,OK,False
789,srivastava,Srivastava,inferred,/meoclass1/QB3_F.html#q1,QB3_F.html,q1,QB3_F#q1,True,True,True,"Define Special Area and PSSA under MARPOL/IMO, with examples.","Define Special Area and PSSA under MARPOL/IMO, with examples.",1.0,OK,False
790,srivastava,Srivastava,inferred,/meoclass1/QB3_F.html#q3,QB3_F.html,q3,QB3_F#q3,True,True,True,What is the discharge criteria for oil tankers under MARPOL Annex I?,What is the discharge criteria for oil tankers under MARPOL Annex I?,1.0,OK,False
791,srivastava,Srivastava,inferred,/meoclass1/QB3_F.html#q4,QB3_F.html,q4,QB3_F#q4,True,True,True,Describe MARPOL Annex V record books and the procedure followed onboard.,Describe MARPOL Annex V record books and the procedure followed onboard.,1.0,OK,False
792,srivastava,Srivastava,inferred,/meoclass1/QB3_G.html#q3,QB3_G.html,q3,QB3_G#q3,True,True,True,"Describe the ship recycling procedure in India under the Recycling of Ships Act, 2019.","Describe the ship recycling procedure in India under the Recycling of Ships Act, 2019.",1.0,OK,False
793,srivastava,Srivastava,inferred,/meoclass1/QB3_G.html#q4,QB3_G.html,q4,QB3_G#q4,True,True,True,"Ship recycling cross-questions: what practical, safety-critical checks will an examiner probe beyond the standard procedure?","Ship recycling cross-questions: what practical, safety-critical checks will an examiner probe beyond the standard procedure?",1.0,OK,False
794,srivastava,Srivastava,inferred,/meoclass1/QB4_A.html#q1,QB4_A.html,q1,QB4_A#q1,True,True,True,State the objective and functional requirements of the ISM Code. What must a Safety Management System contain?,State the objective and functional requirements of the ISM Code. What must a Safety Management System contain?,1.0,OK,False
795,srivastava,Srivastava,inferred,/meoclass1/QB4_A.html#q2,QB4_A.html,q2,QB4_A#q2,True,True,True,"As Chief Engineer, what are your specific roles and responsibilities as defined in the SMS manual?","As Chief Engineer, what are your specific roles and responsibilities as defined in the SMS manual?",1.0,OK,False
796,srivastava,Srivastava,inferred,/meoclass1/QB4_A.html#q3,QB4_A.html,q3,QB4_A#q3,True,True,True,An ISM non-conformity or deficiency is raised during an audit. What are the timescales for corrective action and how does the process work?,An ISM non-conformity or deficiency is raised during an audit. What are the timescales for corrective action and how does the process work?,1.0,OK,False
797,srivastava,Srivastava,inferred,/meoclass1/QB4_A.html#q6,QB4_A.html,q6,QB4_A#q6,True,True,True,"Your vessel is detained by PSC. What are the grounds for detention, what actions do you take, and what is the appeal procedure?","Your vessel is detained by PSC. What are the grounds for detention, what actions do you take, and what is the appeal procedure?",1.0,OK,False
798,srivastava,Srivastava,inferred,/meoclass1/QB4_A.html#q7,QB4_A.html,q7,QB4_A#q7,True,True,True,What is the difference between Flag State Inspection (FSI) and Port State Control (PSC)?,What is the difference between Flag State Inspection (FSI) and Port State Control (PSC)?,1.0,OK,False
799,srivastava,Srivastava,inferred,/meoclass1/QB4_A.html#q8,QB4_A.html,q8,QB4_A#q8,True,True,True,What is the difference between a Flag State and a Recognised Organisation (RO)? What statutory authority does an RO carry?,What is the difference between a Flag State and a Recognised Organisation (RO)? What statutory authority does an RO carry?,1.0,OK,False
800,srivastava,Srivastava,inferred,/meoclass1/QB4_A.html#q11,QB4_A.html,q11,QB4_A#q11,True,True,True,"Explain the ISPS Code — types of certificates, security levels, and the role of the SSO.","Explain the ISPS Code — types of certificates, security levels, and the role of the SSO.",1.0,OK,False
801,srivastava,Srivastava,inferred,/meoclass1/QB4_A.html#q12,QB4_A.html,q12,QB4_A#q12,True,True,True,"What does the Ship Security Plan (SSP) contain, who approves it, and is it confidential?","What does the Ship Security Plan (SSP) contain, who approves it, and is it confidential?",1.0,OK,False
802,srivastava,Srivastava,inferred,/meoclass1/QB4_A.html#q13,QB4_A.html,q13,QB4_A#q13,True,True,True,"What STCW security training certificates exist, and how does AEOS training work for HRA transits?","What STCW security training certificates exist, and how does AEOS training work for HRA transits?",1.0,OK,False
803,srivastava,Srivastava,inferred,/meoclass1/QB4_A.html#q14,QB4_A.html,q14,QB4_A#q14,True,True,True,Explain DMLC Part I and Part II under MLC 2006 — who issues each and what do they contain?,Explain DMLC Part I and Part II under MLC 2006 — who issues each and what do they contain?,1.0,OK,False
804,srivastava,Srivastava,inferred,/meoclass1/QB4_A.html#q15,QB4_A.html,q15,QB4_A#q15,True,True,True,"What are the hours of work and rest limits under MLC 2006 and STCW, and how is rest splitting governed?","What are the hours of work and rest limits under MLC 2006 and STCW, and how is rest splitting governed?",1.0,OK,False
805,srivastava,Srivastava,inferred,/meoclass1/QB4_A.html#q16,QB4_A.html,q16,QB4_A#q16,True,True,True,"What is the Maritime Labour Certificate? Who is eligible, what is its validity, and what surveys are required?","What is the Maritime Labour Certificate? Who is eligible, what is its validity, and what surveys are required?",1.0,OK,False
806,srivastava,Srivastava,inferred,/meoclass1/QB4_A.html#q18,QB4_A.html,q18,QB4_A#q18,True,True,True,"What did the STCW 2010 Manila Amendments change, and what is the Chief Engineer's certificate benchmark?","What did the STCW 2010 Manila Amendments change, and what is the Chief Engineer's certificate benchmark?",1.0,OK,False
807,srivastava,Srivastava,inferred,/meoclass1/QB4_B.html#q2,QB4_B.html,q2,QB4_B#q2,True,True,True,What are your responsibilities and what do you check when taking over as Chief Engineer on a new vessel?,What are your responsibilities and what do you check when taking over as Chief Engineer on a new vessel?,1.0,OK,False
808,srivastava,Srivastava,inferred,/meoclass1/QB4_B.html#q4,QB4_B.html,q4,QB4_B#q4,True,True,True,What documents does a Chief Engineer need to have ready for class and statutory surveys?,What documents does a Chief Engineer need to have ready for class and statutory surveys?,1.0,OK,False
809,srivastava,Srivastava,inferred,/meoclass1/QB4_B.html#q5,QB4_B.html,q5,QB4_B#q5,True,True,True,"What is the human element in shipping? Explain its key dimensions — navigation, safety, fatigue, communication, and organisational factors.","What is the human element in shipping? Explain its key dimensions — navigation, safety, fatigue, communication, and organisational factors.",1.0,OK,False
810,srivastava,Srivastava,inferred,/meoclass1/QB4_B.html#q9,QB4_B.html,q9,QB4_B#q9,True,True,True,Explain Maslow's Hierarchy of Needs and how it applies to crew motivation onboard.,Explain Maslow's Hierarchy of Needs and how it applies to crew motivation onboard.,1.0,OK,False
811,srivastava,Srivastava,inferred,/meoclass1/QB4_B.html#q10,QB4_B.html,q10,QB4_B#q10,True,True,True,How do you specifically motivate Junior Engineers (JEs) onboard as Chief Engineer?,How do you specifically motivate Junior Engineers (JEs) onboard as Chief Engineer?,1.0,OK,False
812,srivastava,Srivastava,inferred,/meoclass1/QB4_B.html#q11,QB4_B.html,q11,QB4_B#q11,True,True,True,How do you train Junior Engineers onboard in practice as Chief Engineer?,How do you train Junior Engineers onboard in practice as Chief Engineer?,1.0,OK,False
813,srivastava,Srivastava,inferred,/meoclass1/QB4_B.html#q14,QB4_B.html,q14,QB4_B#q14,True,True,True,How do you approach mentoring a Junior Engineer throughout a voyage? What specific methods do you use?,How do you approach mentoring a Junior Engineer throughout a voyage? What specific methods do you use?,1.0,OK,False
814,srivastava,Srivastava,inferred,/meoclass1/QB4_B.html#q16,QB4_B.html,q16,QB4_B#q16,True,True,True,"What are the Best Management Practices (BMP5) for piracy prevention, and what are the Chief Engineer's responsibilities under BMP5?","What are the Best Management Practices (BMP5) for piracy prevention, and what are the Chief Engineer's responsibilities under BMP5?",1.0,OK,False
815,srivastava,Srivastava,inferred,/meoclass1/QB4_G.html#q1,QB4_G.html,q1,QB4_G#q1,True,True,True,flag state vs ro diffrence,flag state vs ro diffrence,1.0,OK,False
816,srivastava,Srivastava,inferred,/meoclass1/QB4_G.html#q2,QB4_G.html,q2,QB4_G#q2,True,True,True,Isps and ssp contents,Isps and ssp contents,1.0,OK,False
817,srivastava,Srivastava,inferred,/meoclass1/QB4_G.html#q3,QB4_G.html,q3,QB4_G#q3,True,True,True,STCW -As a chief engineer how will you decide on watchkeeping composition .(STCW CH-8),STCW -As a chief engineer how will you decide on watchkeeping composition .(STCW CH-8),1.0,OK,False
818,srivastava,Srivastava,inferred,/meoclass1/QB4_G.html#q4,QB4_G.html,q4,QB4_G#q4,True,True,True,"During dry dock, how will you calculate manpower requirement for the job list?","During dry dock, how will you calculate manpower requirement for the job list?",1.0,OK,False
819,srivastava,Srivastava,inferred,/meoclass1/QB4_G.html#q5,QB4_G.html,q5,QB4_G#q5,True,True,True,Dry dock preparation as CE — steps and documents. What is the dry dock interval?,Dry dock preparation as CE — steps and documents. What is the dry dock interval?,1.0,OK,False
820,srivastava,Srivastava,inferred,/meoclass1/QB4_G.html#q6,QB4_G.html,q6,QB4_G#q6,True,True,True,Casualty investigation — who investigates? Contents of a casualty investigation report.,Casualty investigation — who investigates? Contents of a casualty investigation report.,1.0,OK,False
821,srivastava,Srivastava,inferred,/meoclass1/QB4_G.html#q7,QB4_G.html,q7,QB4_G#q7,True,True,True,Hull damage or oil pollution incident — as CE how will you proceed? Step by step.,Hull damage or oil pollution incident — as CE how will you proceed? Step by step.,1.0,OK,False
822,srivastava,Srivastava,inferred,/meoclass1/QB4_G.html#q8,QB4_G.html,q8,QB4_G#q8,True,True,True,Which statutory certificate does not need renewal/survey other than AFS certificate?,Which statutory certificate does not need renewal/survey other than AFS certificate?,1.0,OK,False
823,srivastava,Srivastava,inferred,/meoclass1/QB4_G.html#q9,QB4_G.html,q9,QB4_G#q9,True,True,True,"OCIMF — what is it, tools of OCIMF and brief explanation of each.","OCIMF — what is it, tools of OCIMF and brief explanation of each.",1.0,OK,False
824,srivastava,Srivastava,inferred,/meoclass1/QB4_H.html#q2,QB4_H.html,q2,QB4_H#q2,True,True,True,Outline the Best Management Practices for a transit through the Strait of Hormuz.,Outline the Best Management Practices for a transit through the Strait of Hormuz.,1.0,OK,False
825,srivastava,Srivastava,inferred,/meoclass1/QB4_H.html#q3,QB4_H.html,q3,QB4_H#q3,True,True,True,"What security-related courses are required for seafarers under STCW/ISPS, and what does each cover?","What security-related courses are required for seafarers under STCW/ISPS, and what does each cover?",1.0,OK,False
826,srivastava,Srivastava,inferred,/meoclass1/QB4_H.html#q5,QB4_H.html,q5,QB4_H#q5,True,True,True,"What does AECS assess, and how does it differ from a routine engine room simulator course?","What does AECS assess, and how does it differ from a routine engine room simulator course?",1.0,OK,False
827,srivastava,Srivastava,inferred,/meoclass1/QB4_H.html#q6,QB4_H.html,q6,QB4_H#q6,True,True,True,"Under what circumstances may AIS be switched off, and what is the procedure?","Under what circumstances may AIS be switched off, and what is the procedure?",1.0,OK,False
828,srivastava,Srivastava,inferred,/meoclass1/QB4_H.html#q7,QB4_H.html,q7,QB4_H#q7,True,True,True,Differentiate between a Certificate of Competency (CoC) and a Certificate of Proficiency (CoP).,Differentiate between a Certificate of Competency (CoC) and a Certificate of Proficiency (CoP).,1.0,OK,False
829,srivastava,Srivastava,inferred,/meoclass1/QB4_H.html#q8,QB4_H.html,q8,QB4_H#q8,True,True,True,"Explain the difference between GPS/AIS jamming and spoofing, and their implications for a Chief Engineer.","Explain the difference between GPS/AIS jamming and spoofing, and their implications for a Chief Engineer.",1.0,OK,False
830,srivastava,Srivastava,inferred,/meoclass1/QB4_H.html#q9,QB4_H.html,q9,QB4_H#q9,True,True,True,What ship certificates and documents relate to WHO (World Health Organization) requirements?,What ship certificates and documents relate to WHO (World Health Organization) requirements?,1.0,OK,False
831,srivastava,Srivastava,inferred,/meoclass1/QB4_H.html#q10,QB4_H.html,q10,QB4_H#q10,True,True,True,What is the procedure for extending the validity of a statutory certificate when a survey cannot be completed on time?,What is the procedure for extending the validity of a statutory certificate when a survey cannot be completed on time?,1.0,OK,False
832,srivastava,Srivastava,inferred,/meoclass1/QB4_H.html#q11,QB4_H.html,q11,QB4_H#q11,True,True,True,"Describe the key content and operational phases of BMP5 (Best Management Practices, Version 5).","Describe the key content and operational phases of BMP5 (Best Management Practices, Version 5).",1.0,OK,False
833,srivastava,Srivastava,inferred,/meoclass1/QB6.html#q4,QB6.html,q4,QB6#q4,True,True,True,What is SEEMP Part III and what does it contain? What is the International Energy Efficiency Certificate and its validity?,What is SEEMP Part III and what does it contain? What is the International Energy Efficiency Certificate and its validity?,1.0,OK,False
834,srivastava,Srivastava,inferred,/meoclass1/QB6_E.html#q1,QB6_E.html,q1,QB6_E#q1,True,True,True,Carbon Intensity Indicator (CII) Explanation,Carbon Intensity Indicator (CII) Explanation,1.0,OK,False
835,srivastava,Srivastava,inferred,/meoclass1/QB6_E.html#q2,QB6_E.html,q2,QB6_E#q2,True,True,True,Greenhouse Gas Fuel Intensity (GFI) Calculation & Unit,Greenhouse Gas Fuel Intensity (GFI) Calculation & Unit,1.0,OK,False
836,srivastava,Srivastava,inferred,/meoclass1/QB6_E.html#q3,QB6_E.html,q3,QB6_E#q3,True,True,True,GFI Calculation and Unit (Duplicate/Deepened Focus),GFI Calculation and Unit (Duplicate/Deepened Focus),1.0,OK,False
837,srivastava,Srivastava,inferred,/meoclass1/QB6_F.html#q1,QB6_F.html,q1,QB6_F#q1,True,True,True,Explain the IP (Industrial Personnel) Code under SOLAS Chapter XV.,Explain the IP (Industrial Personnel) Code under SOLAS Chapter XV.,1.0,OK,False
838,srivastava,Srivastava,inferred,/meoclass1/QB6_F.html#q2,QB6_F.html,q2,QB6_F#q2,True,True,True,Discuss the latest developments in Framo hydraulic cargo pumping technology.,Discuss the latest developments in Framo hydraulic cargo pumping technology.,1.0,OK,False
839,srivastava,Srivastava,inferred,/meoclass1/QB6_F.html#q3,QB6_F.html,q3,QB6_F#q3,True,True,True,Explain blockchain technology and its applications in the shipping industry.,Explain blockchain technology and its applications in the shipping industry.,1.0,OK,False
840,srivastava,Srivastava,inferred,/meoclass1/QB6_F.html#q4,QB6_F.html,q4,QB6_F#q4,True,True,True,"What is MMSI, how is it structured, and where is it used onboard?","What is MMSI, how is it structured, and where is it used onboard?",1.0,OK,False
841,srivastava,Srivastava,inferred,/meoclass1/QB6_F.html#q5,QB6_F.html,q5,QB6_F#q5,True,True,True,What is a ship's Call Sign and how does it differ from the IMO number?,What is a ship's Call Sign and how does it differ from the IMO number?,1.0,OK,False
842,srivastava,Srivastava,inferred,/meoclass1/QB7_C.html#q1,QB7_C.html,q1,QB7_C#q1,True,True,True,SEEMP Part III — why was it added? What are its contents? What is the CE's role?,SEEMP Part III — why was it added? What are its contents? What is the CE's role?,1.0,OK,False
843,srivastava,Srivastava,inferred,/meoclass1/QB7_E.html#q4,QB7_E.html,q4,QB7_E#q4,True,True,True,"Low flashpoint fuels — where are they used without requiring the IGF Code, and why is IGF not required there?","Low flashpoint fuels — where are they used without requiring the IGF Code, and why is IGF not required there?",1.0,OK,False
844,srivastava,Srivastava,inferred,/meoclass1/QB7_F.html#q1,QB7_F.html,q1,QB7_F#q1,True,True,True,"Green, Grey, Blue and Red hydrogen — differentiate between each type.","Green, Grey, Blue and Red hydrogen — differentiate between each type.",1.0,OK,False
845,senthil,Senthil,confirmed,/meoclass1/QB1_A.html#q21,QB1_A.html,q21,QB1_A#q21,True,True,True,Innocent Passage under UNCLOS — Explain.,Innocent Passage under UNCLOS — Explain.,1.0,OK,False
846,senthil,Senthil,confirmed,/meoclass1/QB1_D.html#q1,QB1_D.html,q1,QB1_D#q1,True,True,True,What was the GRT and DWT of your last vessel?,What was the GRT and DWT of your last vessel?,1.0,OK,False
847,senthil,Senthil,confirmed,/meoclass1/QB1_F.html#q6,QB1_F.html,q6,QB1_F#q6,True,True,True,Sustainable fuel certificates and who issues it contents of the certificate,Sustainable fuel certificates and who issues it contents of the certificate,1.0,OK,False
848,senthil,Senthil,confirmed,/meoclass1/QB1_G.html#q35,QB1_G.html,q35,QB1_G#q35,True,True,True,Digital inclinometer requirements - need - speciality,Digital inclinometer requirements - need - speciality,1.0,OK,False
849,senthil,Senthil,confirmed,/meoclass1/QB1_G.html#q36,QB1_G.html,q36,QB1_G#q36,True,True,True,Class Quarterly listing report contents - significance - contents - what all actions you will take as chief engineer .,Class Quarterly listing report contents - significance - contents - what all actions you will take as chief engineer .,1.0,OK,False
850,senthil,Senthil,confirmed,/meoclass1/QB2_A.html#q6,QB2_A.html,q6,QB2_A#q6,True,True,True,Recent container vessel safety developments — latest SOLAS amendments and IMO guidance.,Recent container vessel safety developments — latest SOLAS amendments and IMO guidance.,1.0,OK,False
851,senthil,Senthil,confirmed,/meoclass1/QB2_B.html#q16,QB2_B.html,q16,QB2_B#q16,True,True,True,What are the container test procedures? Do not limit the answer to the one-door-off test — describe the full range of structural and leakage tests carried out on containers.,What are the container test procedures? Do not limit the answer to the one-door-off test — describe the full range of structural and leakage tests carried out on containers.,1.0,OK,False
852,senthil,Senthil,confirmed,/meoclass1/QB2_D.html#q1,QB2_D.html,q1,QB2_D#q1,True,True,True,CO2 bottle found empty — how will you plan your watch and what actions will you take?,CO2 bottle found empty — how will you plan your watch and what actions will you take?,1.0,OK,False
853,senthil,Senthil,confirmed,/meoclass1/QB3_A.html#q5,QB3_A.html,q5,QB3_A#q5,True,True,True,"What are the requirements for drydock planning, and what surveys coincide with a planned drydock?","What are the requirements for drydock planning, and what surveys coincide with a planned drydock?",1.0,OK,False
854,senthil,Senthil,confirmed,/meoclass1/QB3_A.html#q10,QB3_A.html,q10,QB3_A#q10,True,True,True,"What is the difference between an ""unsafe ship"" and an ""unseaworthy ship""?","What is the difference between an ""unsafe ship"" and an ""unseaworthy ship""?",1.0,OK,False
855,senthil,Senthil,confirmed,/meoclass1/QB3_A.html#q18,QB3_A.html,q18,QB3_A#q18,True,True,True,"What is the significance of tribology / lube oil analysis (LOA) reports, and what actions does the Chief Engineer take based on them?","What is the significance of tribology / lube oil analysis (LOA) reports, and what actions does the Chief Engineer take based on them?",1.0,OK,False
856,senthil,Senthil,confirmed,/meoclass1/QB3_B.html#q11,QB3_B.html,q11,QB3_B#q11,True,True,True,"If a ship has already undergone a Renewal survey, what are the requirements for subsequent Annual and Intermediate surveys — do they still need to be carried out, and what do they cover?","If a ship has already undergone a Renewal survey, what are the requirements for subsequent Annual and Intermediate surveys — do they still need to be carried out, and what do they cover?",1.0,OK,False
857,senthil,Senthil,confirmed,/meoclass1/QB4_E.html#q9,QB4_E.html,q9,QB4_E#q9,True,True,True,Age norms for ships — age-related requirements and restrictions?,Age norms for ships — age-related requirements and restrictions?,1.0,OK,False
858,senthil,Senthil,confirmed,/meoclass1/QB4_E.html#q10,QB4_E.html,q10,QB4_E#q10,True,True,True,Who is the assessor in the MLC/STCW context?,Who is the assessor in the MLC/STCW context?,1.0,OK,False
859,senthil,Senthil,confirmed,/meoclass1/QB4_E.html#q11,QB4_E.html,q11,QB4_E#q11,True,True,True,Class notations of your vessel — list and explain each notation.,Class notations of your vessel — list and explain each notation.,1.0,OK,False
860,senthil,Senthil,confirmed,/meoclass1/QB4_E.html#q12,QB4_E.html,q12,QB4_E#q12,True,True,True,Members of IACS — list all member societies.,Members of IACS — list all member societies.,1.0,OK,False
861,senthil,Senthil,confirmed,/meoclass1/QB4_E.html#q13,QB4_E.html,q13,QB4_E#q13,True,True,True,Process of ship registration in India — what certificates and who issues them?,Process of ship registration in India — what certificates and who issues them?,1.0,OK,False
862,senthil,Senthil,confirmed,/meoclass1/QB4_E.html#q14,QB4_E.html,q14,QB4_E#q14,True,True,True,How many crew onboard your ship? How is crew complement decided and who decides?,How many crew onboard your ship? How is crew complement decided and who decides?,1.0,OK,False
863,senthil,Senthil,confirmed,/meoclass1/QB4_F.html#q4,QB4_F.html,q4,QB4_F#q4,True,True,True,Taking over as CE: what documents do you check in relation to ISM?,Taking over as CE: what documents do you check in relation to ISM?,1.0,OK,False
864,senthil,Senthil,confirmed,/meoclass1/QB4_I.html#q2,QB4_I.html,q2,QB4_I#q2,True,True,True,"During an ISM audit, what is the first thing you show a surveyor as CE to demonstrate everything is in good order (PMS system)? How does the surveyor verify your PMS is genuinely in good order, and how does the surveyor know bunkering was carried out safely?","During an ISM audit, what is the first thing you show a surveyor as CE to demonstrate everything is in good order (PMS system)? How does the surveyor verify your PMS is genuinely in good order, and how does the surveyor know bunkering was carried out safely?",1.0,OK,False
865,senthil,Senthil,confirmed,/meoclass1/QB5_A.html#q12,QB5_A.html,q12,QB5_A#q12,True,True,True,Root Cause Analysis / Fault Analysis Methods.,Root Cause Analysis / Fault Analysis Methods.,1.0,OK,False
866,senthil,Senthil,confirmed,/meoclass1/QB5_E.html#q7,QB5_E.html,q7,QB5_E#q7,True,True,True,3 specific requirements when taking over as Chief Engineer — what are they?,3 specific requirements when taking over as Chief Engineer — what are they?,1.0,OK,False
867,senthil,Senthil,confirmed,/meoclass1/QB6.html#q9,QB6.html,q9,QB6#q9,True,True,True,What are sustainable and alternative fuels in shipping? What is the difference? What is IMO's role regarding seafarers?,What are sustainable and alternative fuels in shipping? What is the difference? What is IMO's role regarding seafarers?,1.0,OK,False
868,senthil,Senthil,confirmed,/meoclass1/QB8_A.html#q6,QB8_A.html,q6,QB8_A#q6,True,True,True,IMDG DG cargo documents?,IMDG DG cargo documents?,1.0,OK,False
869,senthil,Senthil,confirmed,/meoclass1/QB8_G.html#q1,QB8_G.html,q1,QB8_G#q1,True,True,True,Can an LNG carrier carry chemical cargo?,Can an LNG carrier carry chemical cargo?,1.0,OK,False
870,senthil,Senthil,confirmed,/meoclass1/QB9_D.html#q7,QB9_D.html,q7,QB9_D#q7,True,True,True,What is a contagious zone in maritime context?,What is a contagious zone in maritime context?,1.0,OK,False
871,senthil,Senthil,confirmed,/meoclass1/QB9_D.html#q8,QB9_D.html,q8,QB9_D#q8,True,True,True,ELSA incident — where did it happen and how is the case handled? Under what laws?,ELSA incident — where did it happen and how is the case handled? Under what laws?,1.0,OK,False
872,senthil,Senthil,ce_tip,/meoclass1/QB2_A.html#q1,QB2_A.html,q1,QB2_A#q1,True,True,True,"CSC Convention — what it covers, container testing, approval methods, certification, and how reefer container testing differs.","CSC Convention — what it covers, container testing, approval methods, certification, and how reefer container testing differs.",1.0,OK,False
873,senthil,Senthil,ce_tip,/meoclass1/QB2_A.html#q3,QB2_A.html,q3,QB2_A#q3,True,True,True,"Container material — why Corten steel, key properties, wall thickness by component, and why corrugation is used.","Container material — why Corten steel, key properties, wall thickness by component, and why corrugation is used.",1.0,OK,False
874,senthil,Senthil,ce_tip,/meoclass1/QB2_A.html#q11,QB2_A.html,q11,QB2_A#q11,True,True,True,"Grain Code — intact stability criteria, grain heeling moment mechanism, and Document of Authorisation.","Grain Code — intact stability criteria, grain heeling moment mechanism, and Document of Authorisation.",1.0,OK,False
875,senthil,Senthil,ce_tip,/meoclass1/QB2_A.html#q15,QB2_A.html,q15,QB2_A#q15,True,True,True,"ICOF — full name, who issues, contents, validity, and survey cycle.","ICOF — full name, who issues, contents, validity, and survey cycle.",1.0,OK,False
876,senthil,Senthil,ce_tip,/meoclass1/QB2_A.html#q22,QB2_A.html,q22,QB2_A#q22,True,True,True,"GBS — Goal-Based Ship Construction Standards. What is it, five-tier structure, and which ships does it apply to?","GBS — Goal-Based Ship Construction Standards. What is it, five-tier structure, and which ships does it apply to?",1.0,OK,False
877,senthil,Senthil,ce_tip,/meoclass1/QB2_A.html#q23,QB2_A.html,q23,QB2_A#q23,True,True,True,"As CE, a charterer proposes a new chemical cargo — how do you confirm ship suitability?","As CE, a charterer proposes a new chemical cargo — how do you confirm ship suitability?",1.0,OK,False
878,senthil,Senthil,ce_tip,/meoclass1/QB2_A.html#q25,QB2_A.html,q25,QB2_A#q25,True,True,True,"Persistent floater — definition, GESAMP criteria, MARPOL significance.","Persistent floater — definition, GESAMP criteria, MARPOL significance.",1.0,OK,False
879,senthil,Senthil,ce_tip,/meoclass1/QB2_A.html#q29,QB2_A.html,q29,QB2_A#q29,True,True,True,"How do the BLU Code, IMSBC Code, and the loadicator work together during bulk cargo loading?","How do the BLU Code, IMSBC Code, and the loadicator work together during bulk cargo loading?",1.0,OK,False
880,senthil,Senthil,ce_tip,/meoclass1/QB2_A.html#q30,QB2_A.html,q30,QB2_A#q30,True,True,True,"As Chief Engineer, what are your ""red lines"" — situations where you will not proceed with loading or carriage regardless of commercial pressure?","As Chief Engineer, what are your ""red lines"" — situations where you will not proceed with loading or carriage regardless of commercial pressure?",1.0,OK,False
881,senthil,Senthil,ce_tip,/meoclass1/QB2_B.html#q3,QB2_B.html,q3,QB2_B#q3,True,True,True,"What are the IMDG Code requirements for marking, labelling, and numbering of dangerous goods packages?","What are the IMDG Code requirements for marking, labelling, and numbering of dangerous goods packages?",1.0,OK,False
882,senthil,Senthil,ce_tip,/meoclass1/QB2_B.html#q14,QB2_B.html,q14,QB2_B#q14,True,True,True,"What is the difference between the IBC Code and the BCH Code for chemical tankers, and why do two separate codes exist?","What is the difference between the IBC Code and the BCH Code for chemical tankers, and why do two separate codes exist?",1.0,OK,False
883,senthil,Senthil,ce_tip,/meoclass1/QB2_B.html#q19,QB2_B.html,q19,QB2_B#q19,True,True,True,How would you apply Formal Safety Assessment (FSA) specifically in the context of Li-ion battery cargo carried in containers?,How would you apply Formal Safety Assessment (FSA) specifically in the context of Li-ion battery cargo carried in containers?,1.0,OK,False
884,senthil,Senthil,ce_tip,/meoclass1/QB2_C.html#q3,QB2_C.html,q3,QB2_C#q3,True,True,True,How would you fight a container fire when the cargo inside is unknown?,How would you fight a container fire when the cargo inside is unknown?,1.0,OK,False
885,senthil,Senthil,ce_tip,/meoclass1/QB2_C.html#q4,QB2_C.html,q4,QB2_C#q4,True,True,True,"Explain the water mist lance and portable water monitor — their construction, working, and the SOLAS carriage requirements.","Explain the water mist lance and portable water monitor — their construction, working, and the SOLAS carriage requirements.",1.0,OK,False
886,senthil,Senthil,ce_tip,/meoclass1/QB2_I.html#q2,QB2_I.html,q2,QB2_I#q2,True,True,True,"Fire in the CO₂ room — how do you fight it, and where is the relief valve outlet?","Fire in the CO₂ room — how do you fight it, and where is the relief valve outlet?",1.0,OK,False
887,senthil,Senthil,ce_tip,/meoclass1/QB2_I.html#q4,QB2_I.html,q4,QB2_I#q4,True,True,True,CO₂ bottle pressure testing — what is the regime?,CO₂ bottle pressure testing — what is the regime?,1.0,OK,False
888,senthil,Senthil,ce_tip,/meoclass1/QB2_I.html#q5,QB2_I.html,q5,QB2_I#q5,True,True,True,What actions do you take if the emergency fire pump is not working during a Class survey?,What actions do you take if the emergency fire pump is not working during a Class survey?,1.0,OK,False
889,senthil,Senthil,ce_tip,/meoclass1/QB6.html#q1,QB6.html,q1,QB6#q1,True,True,True,"What is the CII — how is it calculated, what are the units, and what does the A–E rating mean?","What is the CII — how is it calculated, what are the units, and what does the A–E rating mean?",1.0,OK,False
890,senthil,Senthil,ce_tip,/meoclass1/QB6.html#q3,QB6.html,q3,QB6#q3,True,True,True,"What is EEXI — how is it calculated, and how does it differ from EEDI? What is the EEDI reference line for container ships?","What is EEXI — how is it calculated, and how does it differ from EEDI? What is the EEDI reference line for container ships?",1.0,OK,False
891,senthil,Senthil,ce_tip,/meoclass1/QB6.html#q8,QB6.html,q8,QB6#q8,True,True,True,What is shaft power limitation (ShaPoLi)? Who authorises it and what is its purpose?,What is shaft power limitation (ShaPoLi)? Who authorises it and what is its purpose?,1.0,OK,False
892,senthil,Senthil,header,/meoclass1/QB2_B.html#q6,QB2_B.html,q6,QB2_B#q6,True,True,True,What are the key hazards and handling risks associated with LPG cargo on a gas carrier? Draw on incident learnings from MAIB investigations.,What are the key hazards and handling risks associated with LPG cargo on a gas carrier? Draw on incident learnings from MAIB investigations.,1.0,OK,False
893,senthil,Senthil,header,/meoclass1/QB2_B.html#q9,QB2_B.html,q9,QB2_B#q9,True,True,True,"Explain the CSC (Container Safety Convention) inspection scheme in detail — covering the Periodic Examination Scheme (PES) and the Approved Continuous Examination Programme (ACEP), and what tests are carried out.","Explain the CSC (Container Safety Convention) inspection scheme in detail — covering the Periodic Examination Scheme (PES) and the Approved Continuous Examination Programme (ACEP), and what tests are carried out.",1.0,OK,False
894,senthil,Senthil,header,/meoclass1/QB2_B.html#q13,QB2_B.html,q13,QB2_B#q13,True,True,True,"What is the difference between watertight and weathertight on a ship, and what are the test methods for each?","What is the difference between watertight and weathertight on a ship, and what are the test methods for each?",1.0,OK,False
895,senthil,Senthil,header,/meoclass1/QB5_E.html#q2,QB5_E.html,q2,QB5_E#q2,True,True,True,Hazard vs risk — what is the difference? Give examples from shipboard context.,Hazard vs risk — what is the difference? Give examples from shipboard context.,1.0,OK,False
896,senthil,Senthil,header,/meoclass1/QB5_E.html#q3,QB5_E.html,q3,QB5_E#q3,True,True,True,Code of Conduct for Seafarers — what does it cover and where is it referenced?,Code of Conduct for Seafarers — what does it cover and where is it referenced?,1.0,OK,False
897,senthil,Senthil,inferred,/meoclass1/QB2_A.html#q2,QB2_A.html,q2,QB2_A#q2,True,True,True,"VGM — who is responsible, two certified methods, CE's verification duties, master's authority to reject, and dangers of misdeclaration.","VGM — who is responsible, two certified methods, CE's verification duties, master's authority to reject, and dangers of misdeclaration.",1.0,OK,False
898,senthil,Senthil,inferred,/meoclass1/QB2_A.html#q10,QB2_A.html,q10,QB2_A#q10,True,True,True,"IMSBC Code — BLU Code, Group A/B/C classification, TML and Moisture Certificate, codes applicable to bulk carriers.","IMSBC Code — BLU Code, Group A/B/C classification, TML and Moisture Certificate, codes applicable to bulk carriers.",1.0,OK,False
899,senthil,Senthil,inferred,/meoclass1/QB2_A.html#q12,QB2_A.html,q12,QB2_A#q12,True,True,True,"High density cargo in IMSBC — definition, restriction criteria, and local vs global structural strength.","High density cargo in IMSBC — definition, restriction criteria, and local vs global structural strength.",1.0,OK,False
900,senthil,Senthil,inferred,/meoclass1/QB2_A.html#q14,QB2_A.html,q14,QB2_A#q14,True,True,True,"IBC Code — Chapters 17/18/19, ship types 1/2/3, and difference from BCH Code.","IBC Code — Chapters 17/18/19, ship types 1/2/3, and difference from BCH Code.",1.0,OK,False
901,senthil,Senthil,inferred,/meoclass1/QB2_A.html#q19,QB2_A.html,q19,QB2_A#q19,True,True,True,"GT and NT — how are they calculated, why is GT always bigger, and what dues are based on each?","GT and NT — how are they calculated, why is GT always bigger, and what dues are based on each?",1.0,OK,False
902,senthil,Senthil,inferred,/meoclass1/QB2_A.html#q24,QB2_A.html,q24,QB2_A#q24,True,True,True,"Digital inclinometer — requirements, purpose, MEMS technology, and what makes it different from traditional inclinometers.","Digital inclinometer — requirements, purpose, MEMS technology, and what makes it different from traditional inclinometers.",1.0,OK,False
903,senthil,Senthil,inferred,/meoclass1/QB2_A.html#q26,QB2_A.html,q26,QB2_A#q26,True,True,True,"Timber/log deck cargo — load line requirements, weight gain during voyage, and CE's stability and securing actions.","Timber/log deck cargo — load line requirements, weight gain during voyage, and CE's stability and securing actions.",1.0,OK,False
904,senthil,Senthil,inferred,/meoclass1/QB2_A.html#q27,QB2_A.html,q27,QB2_A#q27,True,True,True,"Compare the failure mechanisms of liquefaction, cohesive cargo collapse, and grain shift — risk and control for each.","Compare the failure mechanisms of liquefaction, cohesive cargo collapse, and grain shift — risk and control for each.",1.0,OK,False
905,senthil,Senthil,inferred,/meoclass1/QB2_A.html#q28,QB2_A.html,q28,QB2_A#q28,True,True,True,"Ore, coal and grain — what is the Chief Engineer's primary technical concern for each, and why do they differ?","Ore, coal and grain — what is the Chief Engineer's primary technical concern for each, and why do they differ?",1.0,OK,False
906,senthil,Senthil,inferred,/meoclass1/QB2_C.html#q1,QB2_C.html,q1,QB2_C#q1,True,True,True,"What are the latest amendments to SOLAS Chapter II-2 under MSC.520(106), and when do they enter into force?","What are the latest amendments to SOLAS Chapter II-2 under MSC.520(106), and when do they enter into force?",1.0,OK,False
907,senthil,Senthil,inferred,/meoclass1/QB2_C.html#q2,QB2_C.html,q2,QB2_C#q2,True,True,True,"How would you, as Chief Engineer, approach a fire in a container carrying undeclared dangerous goods?","How would you, as Chief Engineer, approach a fire in a container carrying undeclared dangerous goods?",1.0,OK,False
908,senthil,Senthil,inferred,/meoclass1/QB2_F.html#q2,QB2_F.html,q2,QB2_F#q2,True,True,True,A container catches fire and the UN number shows different EmS symptoms — how do you approach and fight it?,A container catches fire and the UN number shows different EmS symptoms — how do you approach and fight it?,1.0,OK,False
909,senthil,Senthil,inferred,/meoclass1/QB2_F.html#q4,QB2_F.html,q4,QB2_F#q4,True,True,True,A fire breaks out in an undeclared dangerous goods container — how will you fight it?,A fire breaks out in an undeclared dangerous goods container — how will you fight it?,1.0,OK,False
910,senthil,Senthil,inferred,/meoclass1/QB2_F.html#q5,QB2_F.html,q5,QB2_F#q5,True,True,True,"Explain the water mist lance and mobile water monitor: how to use them, on which fires, where the requirement is mentioned, and the functional requirements.","Explain the water mist lance and mobile water monitor: how to use them, on which fires, where the requirement is mentioned, and the functional requirements.",1.0,OK,False
911,senthil,Senthil,inferred,/meoclass1/QB2_F.html#q6,QB2_F.html,q6,QB2_F#q6,True,True,True,What are the ventilation requirements for a totally enclosed lifeboat?,What are the ventilation requirements for a totally enclosed lifeboat?,1.0,OK,False
912,paul,Paul,confirmed,/meoclass1/QB1_A.html#q8,QB1_A.html,q8,QB1_A#q8,True,True,True,Maritime Lien — Explain.,Maritime Lien — Explain.,1.0,OK,False
913,paul,Paul,confirmed,/meoclass1/QB1_D.html#q2,QB1_D.html,q2,QB1_D#q2,True,True,True,Lifting appliance latest amendments — what changed and how were they previously checked?,Lifting appliance latest amendments — what changed and how were they previously checked?,1.0,OK,False
914,paul,Paul,confirmed,/meoclass1/QB1_D.html#q3,QB1_D.html,q3,QB1_D#q3,True,True,True,Lifting appliance survey — how is it conducted and what are the requirements?,Lifting appliance survey — how is it conducted and what are the requirements?,1.0,OK,False
915,paul,Paul,confirmed,/meoclass1/QB1_D.html#q4,QB1_D.html,q4,QB1_D#q4,True,True,True,Loadline survey — which documents are required?,Loadline survey — which documents are required?,1.0,OK,False
916,paul,Paul,confirmed,/meoclass1/QB1_F.html#q14,QB1_F.html,q14,QB1_F#q14,True,True,True,Types of survey and what is CSM survey,Types of survey and what is CSM survey,1.0,OK,False
917,paul,Paul,confirmed,/meoclass1/QB1_K.html#q6,QB1_K.html,q6,QB1_K#q6,True,True,True,List the plans onboard related to ship structure.,List the plans onboard related to ship structure.,1.0,OK,False
918,paul,Paul,confirmed,/meoclass1/QB1_K.html#q7,QB1_K.html,q7,QB1_K#q7,True,True,True,What documents must be maintained for lifting appliances — and what does the CE check?,What documents must be maintained for lifting appliances — and what does the CE check?,1.0,OK,False
919,paul,Paul,confirmed,/meoclass1/QB4_E.html#q15,QB4_E.html,q15,QB4_E#q15,True,True,True,Cyber security management on ships — key requirements and latest developments?,Cyber security management on ships — key requirements and latest developments?,1.0,OK,False
920,paul,Paul,confirmed,/meoclass1/QB4_G.html#q8,QB4_G.html,q8,QB4_G#q8,True,True,True,Which statutory certificate does not need renewal/survey other than AFS certificate?,Which statutory certificate does not need renewal/survey other than AFS certificate?,1.0,OK,False
921,paul,Paul,confirmed,/meoclass1/QB4_J.html#q4,QB4_J.html,q4,QB4_J#q4,True,True,True,Contents of the training manual.,Contents of the training manual.,1.0,OK,False
922,paul,Paul,confirmed,/meoclass1/QB4_J.html#q5,QB4_J.html,q5,QB4_J#q5,True,True,True,What are the safety manuals kept onboard?,What are the safety manuals kept onboard?,1.0,OK,False
923,paul,Paul,confirmed,/meoclass1/QB4_J.html#q7,QB4_J.html,q7,QB4_J#q7,True,True,True,Difference between ISM survey and ISM audit.,Difference between ISM survey and ISM audit.,1.0,OK,False
924,paul,Paul,confirmed,/meoclass1/QB4_J.html#q8,QB4_J.html,q8,QB4_J#q8,True,True,True,What are the different types of leadership?,What are the different types of leadership?,1.0,OK,False
925,paul,Paul,confirmed,/meoclass1/QB5_E.html#q1,QB5_E.html,q1,QB5_E#q1,True,True,True,Maslow's pyramid (Abraham Maslow's theory) — explain and its relevance to shipboard management.,Maslow's pyramid (Abraham Maslow's theory) — explain and its relevance to shipboard management.,1.0,OK,False
926,paul,Paul,confirmed,/meoclass1/QB7_D.html#q2,QB7_D.html,q2,QB7_D#q2,True,True,True,Carbon capture at sea — latest developments. Is onboard carbon capture the same as a scrubber?,Carbon capture at sea — latest developments. Is onboard carbon capture the same as a scrubber?,1.0,OK,False
927,paul,Paul,confirmed,/meoclass1/QB7_D.html#q3,QB7_D.html,q3,QB7_D#q3,True,True,True,Amine separation setup in onboard carbon capture — how does it work?,Amine separation setup in onboard carbon capture — how does it work?,1.0,OK,False
928,paul,Paul,confirmed,/meoclass1/QB9_D.html#q10,QB9_D.html,q10,QB9_D#q10,True,True,True,Coastal state duties — obligations under UNCLOS?,Coastal state duties — obligations under UNCLOS?,1.0,OK,False
929,paul,Paul,confirmed,/meoclass1/QB9_H.html#q11,QB9_H.html,q11,QB9_H#q11,True,True,True,Definitions of casualty as per the Merchant Shipping Act.,Definitions of casualty as per the Merchant Shipping Act.,1.0,OK,False
930,paul,Paul,reported,/meoclass1/QB1_A.html#q2,QB1_A.html,q2,QB1_A#q2,True,True,True,Fund Convention — Explain in detail.,Fund Convention — Explain in detail.,1.0,OK,False
931,paul,Paul,reported,/meoclass1/QB1_A.html#q21,QB1_A.html,q21,QB1_A#q21,True,True,True,Innocent Passage under UNCLOS — Explain.,Innocent Passage under UNCLOS — Explain.,1.0,OK,False
932,paul,Paul,reported,/meoclass1/QB1_A.html#q22,QB1_A.html,q22,QB1_A#q22,True,True,True,"Port State, Coastal State, Flag State — duties in each maritime zone.","Port State, Coastal State, Flag State — duties in each maritime zone.",1.0,OK,False
933,paul,Paul,reported,/meoclass1/QB1_A.html#q26,QB1_A.html,q26,QB1_A#q26,True,True,True,"Wreck Convention — In open sea, who is responsible for a wreck?","Wreck Convention — In open sea, who is responsible for a wreck?",1.0,OK,False
934,paul,Paul,reported,/meoclass1/QB1_I.html#q4,QB1_I.html,q4,QB1_I#q4,True,True,True,Anniversary date of a certificate — how is it defined and used?,Anniversary date of a certificate — how is it defined and used?,1.0,OK,False
935,paul,Paul,reported,/meoclass1/QB1_K.html#q2,QB1_K.html,q2,QB1_K#q2,True,True,True,"Condition of Class — who issues it, and when?","Condition of Class — who issues it, and when?",1.0,OK,False
936,paul,Paul,reported,/meoclass1/QB2_H.html#q1,QB2_H.html,q1,QB2_H#q1,True,True,True,What do the FSS Code and FTP Code contain?,What do the FSS Code and FTP Code contain?,1.0,OK,False
937,paul,Paul,reported,/meoclass1/QB3_B.html#q9,QB3_B.html,q9,QB3_B#q9,True,True,True,"Give an overview of the classification society survey system — types of surveys, periodicity, and the role of class in statutory survey delegation.","Give an overview of the classification society survey system — types of surveys, periodicity, and the role of class in statutory survey delegation.",1.0,OK,False
938,paul,Paul,reported,/meoclass1/QB4_C.html#q8,QB4_C.html,q8,QB4_C#q8,True,True,True,Maintenance under the ISM Code?,Maintenance under the ISM Code?,1.0,OK,False
939,paul,Paul,reported,/meoclass1/QB4_E.html#q11,QB4_E.html,q11,QB4_E#q11,True,True,True,Class notations of your vessel — list and explain each notation.,Class notations of your vessel — list and explain each notation.,1.0,OK,False
940,paul,Paul,ce_tip,/meoclass1/QB4_J.html#q6,QB4_J.html,q6,QB4_J#q6,True,True,True,What are the ISM manuals? Describe the SMS documentation structure.,What are the ISM manuals? Describe the SMS documentation structure.,1.0,OK,False
941,paul,Paul,ce_tip,/meoclass1/QB8_H.html#q5,QB8_H.html,q5,QB8_H#q5,True,True,True,How do you carry out an onboard test of cargo under IMSBC?,How do you carry out an onboard test of cargo under IMSBC?,1.0,OK,False
942,paul,Paul,ce_tip,/meoclass1/QB9_H.html#q10,QB9_H.html,q10,QB9_H#q10,True,True,True,What is the Articles of Agreement?,What is the Articles of Agreement?,1.0,OK,False
943,paul,Paul,header,/meoclass1/QB5_E.html#q2,QB5_E.html,q2,QB5_E#q2,True,True,True,Hazard vs risk — what is the difference? Give examples from shipboard context.,Hazard vs risk — what is the difference? Give examples from shipboard context.,1.0,OK,False
944,paul,Paul,header,/meoclass1/QB5_E.html#q3,QB5_E.html,q3,QB5_E#q3,True,True,True,Code of Conduct for Seafarers — what does it cover and where is it referenced?,Code of Conduct for Seafarers — what does it cover and where is it referenced?,1.0,OK,False
945,john,John,reported,/meoclass1/QB1_A.html#q2,QB1_A.html,q2,QB1_A#q2,True,True,True,Fund Convention — Explain in detail.,Fund Convention — Explain in detail.,1.0,OK,False
946,john,John,reported,/meoclass1/QB1_A.html#q8,QB1_A.html,q8,QB1_A#q8,True,True,True,Maritime Lien — Explain.,Maritime Lien — Explain.,1.0,OK,False
947,john,John,reported,/meoclass1/QB1_C.html#q1,QB1_C.html,q1,QB1_C#q1,True,True,True,Reserve buoyancy and the GZ curve?,Reserve buoyancy and the GZ curve?,1.0,OK,False
948,john,John,reported,/meoclass1/QB1_C.html#q2,QB1_C.html,q2,QB1_C#q2,True,True,True,Static vs dynamic stability?,Static vs dynamic stability?,1.0,OK,False
949,john,John,reported,/meoclass1/QB1_F.html#q12,QB1_F.html,q12,QB1_F#q12,True,True,True,seafarer ms act welfare requirement,seafarer ms act welfare requirement,1.0,OK,False
950,john,John,reported,/meoclass1/QB2_H.html#q3,QB2_H.html,q3,QB2_H#q3,True,True,True,Flammability composition diagram — why does the air line slope instead of running level at 21 per cent oxygen?,Flammability composition diagram — why does the air line slope instead of running level at 21 per cent oxygen?,1.0,OK,False
951,john,John,reported,/meoclass1/QB4_A.html#q18,QB4_A.html,q18,QB4_A#q18,True,True,True,"What did the STCW 2010 Manila Amendments change, and what is the Chief Engineer's certificate benchmark?","What did the STCW 2010 Manila Amendments change, and what is the Chief Engineer's certificate benchmark?",1.0,OK,False
952,john,John,reported,/meoclass1/QB4_C.html#q15,QB4_C.html,q15,QB4_C#q15,True,True,True,RO Code?,RO Code?,1.0,OK,False
953,john,John,reported,/meoclass1/QB8_B.html#q3,QB8_B.html,q3,QB8_B#q3,True,True,True,Smart Bill of Lading / E-Bill of Lading — legal status and framework?,Smart Bill of Lading / E-Bill of Lading — legal status and framework?,1.0,OK,False
954,john,John,reported,/meoclass1/QB9_D.html#q10,QB9_D.html,q10,QB9_D#q10,True,True,True,Coastal state duties — obligations under UNCLOS?,Coastal state duties — obligations under UNCLOS?,1.0,OK,False
955,john,John,reported,/meoclass1/QB9_E.html#q4,QB9_E.html,q4,QB9_E#q4,True,True,True,CLC and its Explanation,CLC and its Explanation,1.0,OK,False
956,john,John,reported,/meoclass1/QB9_G.html#q7,QB9_G.html,q7,QB9_G#q7,True,True,True,What is the difference between General Average and Particular Average?,What is the difference between General Average and Particular Average?,1.0,OK,False
957,john,John,ce_tip,/meoclass1/QB1_A.html#q31,QB1_A.html,q31,QB1_A#q31,True,True,True,"Ballast Water Management Convention — present status, contents, and the G7, G8 and G9 Guidelines.","Ballast Water Management Convention — present status, contents, and the G7, G8 and G9 Guidelines.",1.0,OK,False
