canonical_question_id,url,examiner,in_ce_tip_block,assertive_phrasing,hedged_illustrative,comparative_phrasing,strength,already_in_index,context,question_text
QB10_A#q1,/meoclass1/QB10_A.html#q1,Nair,True,True,False,True,WEAK_COMPARATIVE_MENTION,True,"aintenance/risk assessment ISO 8217 Marine fuel specifications CE Oral Tip: State engine model and TEU capacity confidently rather than just 'container ship' — Nair typically follows up on torsional stress, reefer load calculation or electronic-engine troubleshooting. Deep-Dive: CE Relevance, Traps,",Describe the type of vessel you have sailed on and its key engineering features.
QB10_A#q2,/meoclass1/QB10_A.html#q2,Rajappan,True,False,False,False,SUPPORTED_CE_TIP_MENTION,False,"ility SOLAS Ch.VI Carriage of cargoes — stowage/securing ILO Convention 152 Lifting-gear testing/certification CSS Code Cargo stowage and securing CE Oral Tip: Rajappan tests crane safety devices, hydraulic-oil water-contamination checks, and anti-heeling pump failure response during a heavy lift — ",If asked about general cargo/multi-purpose vessels: describe their key engineering and stability features.
QB10_A#q3,/meoclass1/QB10_A.html#q3,Rajappan,False,True,False,False,WEAK_INCIDENTAL_MENTION,False,"— historically, lack of deep-draft ports forced transshipment via Colombo/Singapore, adding cost/legal exposure that Sagarmala aims to resolve. Examiner Chain: Rajappan values policy awareness tied to local hubs — expect a follow-up connecting Sagarmala to Vallarpadam ICTT or Vizhinjam port expansio",Explain the Sagarmala Programme in detail.
QB10_A#q4,/meoclass1/QB10_A.html#q4,Nair,True,False,False,False,SUPPORTED_CE_TIP_MENTION,True,"Safety for gas/low-flashpoint fuels MARPOL Annex VI Reg.26/28 SEEMP Part III data verification IMO Res. MSC.428(98) Maritime cyber risk management CE Oral Tip: Nair tests whether you understand the mechanics, not just the buzzwords — be ready to explain a methanol fuel-changeover fault sequence or h",Describe the latest technology deployed on your vessel.
QB10_A#q5,/meoclass1/QB10_A.html#q5,Rajappan,False,True,False,False,WEAK_INCIDENTAL_MENTION,False,"ial incidents (e.g. toxic vapour exposure during ammonia transfer trials) underscore why Amrit Kaal prioritises specialised workforce training. Examiner Chain: Rajappan tests current-affairs awareness — expect a request to distinguish this from Maritime India Vision 2030, then a follow-up on shipboa",Explain the Maritime Amrit Kaal Vision 2047.
QB10_A#q6,/meoclass1/QB10_A.html#q6,Simon,True,False,False,True,WEAK_COMPARATIVE_MENTION,True,"use BIMCO Bunker Quality Control Clause Shipboard responsibilities for off-spec fuel ISO 8217 (latest edition) Marine fuel specification standard CE Oral Tip: Simon uses this as a broad commercial-awareness check on tankers/general cargo. State the live geopolitical driver (Hormuz disruption, UAE's ",What is the latest development in OPEC and how does it affect shipping?
QB10_B#q1,/meoclass1/QB10_B.html#q1,Nair,True,False,False,False,SUPPORTED_CE_TIP_MENTION,False,"SC — IGC/IGF Code amendments ""One ship, one code"" alignment for gas-fuelled ships — expected eff. 1 Jul 2028, pending MSC 112 adoption (Dec 2026). CE Oral Tip: Nair will test whether you know it's now past the 2026 entry-into-force date and can quote at least two MSC resolution numbers verbatim — PF",Give a consolidated overview of SOLAS and MARPOL amendments entering into force from 2024 through 2028.
QB10_B#q1,/meoclass1/QB10_B.html#q1,Simon,True,True,False,False,STRONG_CE_TIP_ASSERTION,False,"date and can quote at least two MSC resolution numbers verbatim — PFOS ban (MSC.532(107)) and the fire safety upgrade (MSC.550(108)) are the two he asks most. Simon will pivot straight to what applies to YOUR ship: as a container vessel ≥3,000 GT, lead with the electronic inclinometer requirement (S",Give a consolidated overview of SOLAS and MARPOL amendments entering into force from 2024 through 2028.
QB10_B#q2,/meoclass1/QB10_B.html#q2,Nair,True,True,False,False,STRONG_CE_TIP_ASSERTION,False,"ft guidelines Generic alternative-fuel training base (MSC 110); methanol/ethanol & ammonia draft interim guidelines sent to MSC 111 (May 2026). CE Oral Tip: If Nair or Senthil asks ""what's new in STCW,"" lead with SASH — it's the one that's actually in force and testable right now. If pressed on ""wha","What STCW amendments are currently in force or coming, and why were they introduced?"
QB10_B#q2,/meoclass1/QB10_B.html#q2,Senthil,True,True,False,False,STRONG_CE_TIP_ASSERTION,False,"lines Generic alternative-fuel training base (MSC 110); methanol/ethanol & ammonia draft interim guidelines sent to MSC 111 (May 2026). CE Oral Tip: If Nair or Senthil asks ""what's new in STCW,"" lead with SASH — it's the one that's actually in force and testable right now. If pressed on ""what's comi","What STCW amendments are currently in force or coming, and why were they introduced?"
QB10_B#q3,/meoclass1/QB10_B.html#q3,Srivastava,True,False,False,False,SUPPORTED_CE_TIP_MENTION,False,n clarifications. Joint ILO/IMO Tripartite Working Group Body coordinating seafarer welfare/harassment provisions across MLC and STCW in parallel. CE Oral Tip: Srivastava and Senthil both like MLC because it crosses into welfare and ISM territory. Anchor your answer on the December 2024 / December 2,"What amendments to the MLC 2006 are in force or coming, and what problem does each one solve?"
QB10_B#q3,/meoclass1/QB10_B.html#q3,Senthil,True,False,False,False,SUPPORTED_CE_TIP_MENTION,False,s. Joint ILO/IMO Tripartite Working Group Body coordinating seafarer welfare/harassment provisions across MLC and STCW in parallel. CE Oral Tip: Srivastava and Senthil both like MLC because it crosses into welfare and ISM territory. Anchor your answer on the December 2024 / December 2027 date split ,"What amendments to the MLC 2006 are in force or coming, and what problem does each one solve?"
QB10_B#q4,/meoclass1/QB10_B.html#q4,Simon,True,True,False,False,STRONG_CE_TIP_ASSERTION,False,"ry eff. 1 Jan 2026. IMO GISIS database Central reporting point for confirmed container-loss incidents, alongside SOLAS V/31-32 notification chain. CE Oral Tip: Simon will expect you to connect the inclinometer requirement to your own vessel type immediately, without prompting — since you sail on Mae",Which of the recent/upcoming amendments apply specifically to container ships — and why does a boxship get singled out?
QB10_B#q6,/meoclass1/QB10_B.html#q6,Rajappan,True,True,False,False,STRONG_CE_TIP_ASSERTION,False,"ty-monitoring rationale. 2011 ESP Code amendment Remote Inspection Techniques for close-up surveys, bulk carriers & oil tankers — eff. 1 Jan 2028. CE Oral Tip: Rajappan will almost certainly ask you to name the casualty behind the inclinometer rule — say ""Jupiter, bauxite cargo shift"" immediately an",Which recent/upcoming amendments apply specifically to bulk carriers?
QB10_B#q7,/meoclass1/QB10_B.html#q7,Nair,True,True,False,False,STRONG_CE_TIP_ASSERTION,False,"f. 1 Sep 2027) separately from NZF. MEPC 85 / ES.2 resumption 30 Nov–4 Dec 2026 — next decision point on NZF adoption; earliest EIF 1 Mar 2028. CE Oral Tip: If Nair asks ""when does the Net-Zero Framework come into force,"" the honest, correct answer is that it hasn't been adopted yet — give the Decem","What is the current status of the IMO Net-Zero Framework, and what happened with the North-East Atlantic ECA?"
QB10_B#q8,/meoclass1/QB10_B.html#q8,Nair,False,False,False,False,WEAK_INCIDENTAL_MENTION,False,"n of DGMA advisories responding to the elevated ship security situation around the Strait of Hormuz through 2026. Why This Section Exists Kochi MMD examiners — Nair, Simon, Rajappan, Senthil, Srivastava — routinely blend IMO convention knowledge with awareness of current domestic DGS instruments. A ",What recent DG Shipping/DGMA (India) circulars should an Indian MEO Class 1 candidate know?
QB10_B#q8,/meoclass1/QB10_B.html#q8,Simon,False,False,False,False,WEAK_INCIDENTAL_MENTION,False,"GMA advisories responding to the elevated ship security situation around the Strait of Hormuz through 2026. Why This Section Exists Kochi MMD examiners — Nair, Simon, Rajappan, Senthil, Srivastava — routinely blend IMO convention knowledge with awareness of current domestic DGS instruments. A candid",What recent DG Shipping/DGMA (India) circulars should an Indian MEO Class 1 candidate know?
QB10_B#q8,/meoclass1/QB10_B.html#q8,Rajappan,False,False,False,False,WEAK_INCIDENTAL_MENTION,False,"isories responding to the elevated ship security situation around the Strait of Hormuz through 2026. Why This Section Exists Kochi MMD examiners — Nair, Simon, Rajappan, Senthil, Srivastava — routinely blend IMO convention knowledge with awareness of current domestic DGS instruments. A candidate who",What recent DG Shipping/DGMA (India) circulars should an Indian MEO Class 1 candidate know?
QB10_B#q8,/meoclass1/QB10_B.html#q8,Srivastava,False,False,False,False,WEAK_INCIDENTAL_MENTION,False,"to the elevated ship security situation around the Strait of Hormuz through 2026. Why This Section Exists Kochi MMD examiners — Nair, Simon, Rajappan, Senthil, Srivastava — routinely blend IMO convention knowledge with awareness of current domestic DGS instruments. A candidate who can quote IMO reso",What recent DG Shipping/DGMA (India) circulars should an Indian MEO Class 1 candidate know?
QB10_B#q8,/meoclass1/QB10_B.html#q8,Senthil,False,False,False,False,WEAK_INCIDENTAL_MENTION,False,"sponding to the elevated ship security situation around the Strait of Hormuz through 2026. Why This Section Exists Kochi MMD examiners — Nair, Simon, Rajappan, Senthil, Srivastava — routinely blend IMO convention knowledge with awareness of current domestic DGS instruments. A candidate who can quote",What recent DG Shipping/DGMA (India) circulars should an Indian MEO Class 1 candidate know?
QB1_A#q1,/meoclass1/QB1_A.html#q1,Nair,True,False,False,False,SUPPORTED_CE_TIP_MENTION,True,"Act, 2025, Part IX Ch III/IV In force 15 March 2026; compulsory insurance provisions for Indian-flag vessels (replaces the 1958 Act equivalents). CE Oral Tip (Nair): Nair links P&I directly to pollution incidents and MLC abandonment. Know the IG pool structure cold: individual club retention ~$10m →",P&I Club — What is Protection & Indemnity? How does it differ from other marine insurance?
QB1_A#q2,/meoclass1/QB1_A.html#q2,Nair,True,False,False,False,SUPPORTED_CE_TIP_MENTION,True,"r — shipowner liability, precedes Fund compensation IOPC Fund Secretariat London — administers Form A levy reporting and claims: www.iopcfunds.org CE Oral Tip (Nair): The examiner will probe the structure: ""Who pays into the Fund and why is it not the shipowner?"" Answer: cargo receivers pay the levy",Fund Convention — Explain in detail.
QB1_A#q3,/meoclass1/QB1_A.html#q3,Nair,True,False,False,False,SUPPORTED_CE_TIP_MENTION,True,"Sec 162–174) In force 15 March 2026; Indian domestic implementation of LLMC (replaces the 1958 Act, Part XB); wreck removal reservation continues. CE Oral Tip (Nair/Simon): Always state the 2012 amendment figures — not the 1996 Protocol values. Baseline for ships ≤ 2,000 GT: personal injury 3.02m SD",LLMC Convention — Who pays within and after the limits?
QB1_A#q3,/meoclass1/QB1_A.html#q3,Simon,True,False,False,False,SUPPORTED_CE_TIP_MENTION,True,"62–174) In force 15 March 2026; Indian domestic implementation of LLMC (replaces the 1958 Act, Part XB); wreck removal reservation continues. CE Oral Tip (Nair/Simon): Always state the 2012 amendment figures — not the 1996 Protocol values. Baseline for ships ≤ 2,000 GT: personal injury 3.02m SDR, pr",LLMC Convention — Who pays within and after the limits?
QB1_A#q4,/meoclass1/QB1_A.html#q4,Nair,True,True,False,False,STRONG_CE_TIP_ASSERTION,True,"ct, 2025, Part IX Ch IV (Sec 196–210) In force 15 March 2026; domestic implementation of the Bunker Convention (replaces the 1958 Act equivalent). CE Oral Tip (Nair): Nair asks ""Does CLC apply to your container ship?"" — the answer is No . Bunker Convention applies for HFO bunker spills from a Maersk",Bunker Convention 2001 — Explain in detail. Why was it required despite CLC?
QB1_A#q5,/meoclass1/QB1_A.html#q5,Nair,True,False,False,False,SUPPORTED_CE_TIP_MENTION,True,"t Merchant Shipping Act, 2025, Part IX Ch III (Sec 175–195) In force 15 March 2026; Indian implementation of CLC (replaces the 1958 Act, Part XB). CE Oral Tip (Nair): Know the tanker-in-ballast scenario: if a tanker in ballast (completely clean, no cargo residue) spills bunker fuel — Bunker Conventi",CLC — Civil Liability Convention. Explain in detail.
QB1_A#q6,/meoclass1/QB1_A.html#q6,Nair,True,True,False,False,STRONG_CE_TIP_ASSERTION,True,"ovember 2027 LLMC 1996 Fallback limitation regime for HNS claims until 29 Nov 2027 IMO — HNS www.imo.org/en/OurWork/Legal/Pages/HNSConvention.aspx CE Oral Tip (Nair): If asked ""what happens if HNS pollution occurs today?"" — answer: the HNS Convention is confirmed but not yet in force (29 November 20",HNS Convention — For whom does it apply? Is it in force? What is the HNS Protocol and HNS Fund?
QB1_A#q7,/meoclass1/QB1_A.html#q7,Nair,True,False,False,False,SUPPORTED_CE_TIP_MENTION,True,"for lien claims (replaces the 1958 Act equivalents). MLM Convention 1993 International Maritime Liens and Mortgages Convention — priority ranking CE Oral Tip (Nair): ""How is the CE related to the Admiralty Act?"" — the direct answer is: wage arrears. Under the Admiralty Act 2017, wages owed to the CE",Admiralty Law — Explain. How is the Chief Engineer related to the Admiralty Act?
QB1_A#q8,/meoclass1/QB1_A.html#q8,Nair,True,False,False,False,SUPPORTED_CE_TIP_MENTION,True,"hant Shipping Act, 2025, Part V (Sec 79, 86–90) In force 15 March 2026; crew wages — statutory basis for lien (replaces the 1958 Act equivalents). CE Oral Tip (Nair): The CE's wages rank first (highest) in lien priority — above bank mortgages and above salvage. If the company becomes insolvent and t",Maritime Lien — Explain.
QB1_A#q9,/meoclass1/QB1_A.html#q9,Nair,True,False,False,True,WEAK_COMPARATIVE_MENTION,True,"ng Act, 2025 — verify against current B/L terms rather than statute. Bills of Lading YAR incorporated by reference in most B/Ls and charterparties CE Oral Tip (Nair/Simon): Cross-link Q9 with Q27: an engine room fire handled by the CE can simultaneously trigger both GA (intentional flooding of a hol",General Average — Explain including act and procedure followed.
QB1_A#q9,/meoclass1/QB1_A.html#q9,Simon,True,False,False,True,WEAK_COMPARATIVE_MENTION,True,"t, 2025 — verify against current B/L terms rather than statute. Bills of Lading YAR incorporated by reference in most B/Ls and charterparties CE Oral Tip (Nair/Simon): Cross-link Q9 with Q27: an engine room fire handled by the CE can simultaneously trigger both GA (intentional flooding of a hold to ",General Average — Explain including act and procedure followed.
QB1_A#q10,/meoclass1/QB1_A.html#q10,Nair,True,False,False,False,SUPPORTED_CE_TIP_MENTION,True,ITC (Hulls) 1983/1995 — Cl.13 Duty of assured clause — sue and labour in hull policies ICC (A) — Cl.16 Duty of assured in Institute Cargo Clauses CE Oral Tip (Nair): The key distinction Nair tests: sue and labour is action by the insured — the CE directing his crew. Salvage is action by an independe,Sue and Labour Clause — Explain.
QB1_A#q11,/meoclass1/QB1_A.html#q11,Nair,True,False,False,False,SUPPORTED_CE_TIP_MENTION,True,SCOPIC 2014 Special Compensation P&I Clause — replaces Art. 14; tariff + 25% uplift Nairobi Convention 2007 Wreck removal — separate from salvage CE Oral Tip (Nair/Simon): SCOPIC must be invoked in writing by the salvor — it is not automatic. The master invokes it with P&I club agreement; the CE pro,Salvage and SCOPIC — Different types of salvage. What is SCOPIC?
QB1_A#q11,/meoclass1/QB1_A.html#q11,Simon,True,False,False,False,SUPPORTED_CE_TIP_MENTION,True,IC 2014 Special Compensation P&I Clause — replaces Art. 14; tariff + 25% uplift Nairobi Convention 2007 Wreck removal — separate from salvage CE Oral Tip (Nair/Simon): SCOPIC must be invoked in writing by the salvor — it is not automatic. The master invokes it with P&I club agreement; the CE provide,Salvage and SCOPIC — Different types of salvage. What is SCOPIC?
QB1_A#q12,/meoclass1/QB1_A.html#q12,Simon,True,False,False,False,SUPPORTED_CE_TIP_MENTION,True,t — legal basis for all ITC provisions Inchmaree Case 1887 Thames and Mersey Marine Insurance v Hamilton (1887) — origin of machinery peril clause CE Oral Tip (Simon): Simon focuses on Clause 6 — particularly the Inchmaree Clause. The test is due diligence : a CE's documented maintenance failure tha,ITC (Institute Time Clauses) — What are the clauses in it?
QB1_A#q13,/meoclass1/QB1_A.html#q13,Nair,True,False,False,False,SUPPORTED_CE_TIP_MENTION,True,"rom ship operations — related but separate regime MARPOL Annex VI Incinerator requirements — operational, governed by Annex VI not London Protocol CE Oral Tip (Nair): The London Convention/Protocol distinction from MARPOL is a classic Nair cross-question trap. The clean answer: ""MARPOL governs what ",London Convention — Explain with cross questions.
QB1_A#q14,/meoclass1/QB1_A.html#q14,Nair,True,False,False,False,SUPPORTED_CE_TIP_MENTION,True,"ory for ships ≥400 GT MARPOL Annex II — Reg.17 SMPEP — mandatory on NLS/HNS-carrying vessels MEPC.54(32) SOPEP Guidelines — structure and contents CE Oral Tip (Nair): Know the difference between SOPEP and SMPEP: SOPEP = oil pollution; SMPEP = NLS/HNS (chemical tankers, Annex II ships). A Maersk cont",OPRC Convention — Full form and explanation.
QB1_A#q15,/meoclass1/QB1_A.html#q15,Nair,True,False,False,False,SUPPORTED_CE_TIP_MENTION,True,"Annex I — Reg.37 SOPEP — shipboard component of NOSDCP response chain DGS Circulars Pollution reporting requirements for vessels in Indian waters CE Oral Tip (Nair): ""Who coordinates oil spill response in Indian waters?"" — Indian Coast Guard, not DGS. DGS handles flag state and certification matters",NOSDCP — Explain.
QB1_A#q16,/meoclass1/QB1_A.html#q16,Nair,True,False,False,False,SUPPORTED_CE_TIP_MENTION,True,e June 2025 — IHM mandatory; ship-recycling-specific Basel complement EU SRR EU Ship Recycling Regulation — parallel regime for EU-flagged vessels CE Oral Tip (Nair): HKC entered into force June 2025 — this is current and examiners will test it. IHM Part I is a living document that the CE must maint,Basel Convention — Explain. Certificates. PIC. ESM.
QB1_A#q17,/meoclass1/QB1_A.html#q17,Nair,True,False,False,False,SUPPORTED_CE_TIP_MENTION,True,"rce 28 July 2010; WMD, boarding provisions, 4-hour rule ISPS Code SOLAS Chapter XI-2 — preventive security measures; operational complement to SUA CE Oral Tip (Nair): SUA vs ISPS distinction: ISPS = preventive operational measures on ships and ports. SUA = criminal law convention defining offences a",SUA Convention — Details and new amendments.
QB1_A#q18,/meoclass1/QB1_A.html#q18,Nair,True,False,False,False,SUPPORTED_CE_TIP_MENTION,True,ity notification — security layer to FAL facilitation DGS MS Notice — PANS India: Pre-Arrival Notification of Security — 96-hour submission to DGS CE Oral Tip (Nair): IMO MSW mandatory from 1 January 2024 — know this date. FAL creates the data framework; ISPS uses that data for security screening. C,FAL Convention — Explanation and its effect on maritime security.
QB1_A#q19,/meoclass1/QB1_A.html#q19,Nair,True,True,False,False,STRONG_CE_TIP_ASSERTION,True,"ement of MARPOL discharge standards in EEZ UNCLOS Art. 90 Right of navigation — every State's right to sail ships flying its flag on the high seas CE Oral Tip (Nair): Nair asks ""under which provision does your ship sail?"" — have a zone-by-zone answer ready. The most important CE-specific point: in t",UNCLOS — Under which provision does your ship sail? EEZ and Continental Shelf explained.
QB1_A#q20,/meoclass1/QB1_A.html#q20,Nair,True,True,False,False,STRONG_CE_TIP_ASSERTION,True,"and subsoil UNCLOS Art. 92 High seas — flag state exclusive jurisdiction UNCLOS Art. 220 Coastal state enforcement jurisdiction over MARPOL in EEZ CE Oral Tip (Nair): This conceptual distinction is a favourite Nair cross-question after Q19. The clean answer: ""Sovereignty = all laws apply. Sovereign ",Difference between Sovereign Rights and Jurisdiction under UNCLOS.
QB1_A#q21,/meoclass1/QB1_A.html#q21,Nair,True,False,False,False,SUPPORTED_CE_TIP_MENTION,True,"it passage — stronger right through international straits MARPOL Wilful discharge in territorial sea = non-innocent act under UNCLOS Art. 19(2)(h) CE Oral Tip (Nair): Nair's key question: ""What makes a passage non-innocent?"" State all items from Art. 19(2) but always emphasise wilful and serious pol",Innocent Passage under UNCLOS — Explain.
QB1_A#q22,/meoclass1/QB1_A.html#q22,Nair,True,True,False,False,STRONG_CE_TIP_ASSERTION,True,c legislation defining maritime zones under UNCLOS coastal-state rights Paris MOU / Indian Ocean MOU PSC coordination among port state authorities CE Oral Tip (Nair): The matrix question — Nair may draw three columns (flag/port/coastal state) and ask you to fill in the zones. Know it cold. The key C,"Port State, Coastal State, Flag State — duties in each maritime zone."
QB1_A#q23,/meoclass1/QB1_A.html#q23,Nair,True,False,False,False,SUPPORTED_CE_TIP_MENTION,True,risdiction for piracy on the high seas — distinct from hot pursuit M/V Saiga (No.2) 1999 ITLOS — leading case on conditions for lawful hot pursuit CE Oral Tip (Nair): Hot pursuit is a coastal state right requiring all six conditions simultaneously . The critical CE point: if pursuit is interrupted —,Hot Pursuit — Definition and conditions required.
QB1_A#q24,/meoclass1/QB1_A.html#q24,Nair,True,False,False,False,SUPPORTED_CE_TIP_MENTION,True,ements UNCLOS Art. 94 Flag state duty to investigate casualties IMO GISIS Global Integrated Shipping Information System — casualty report database CE Oral Tip (Nair): The firewall is the Class 1 differentiator — safety investigation statements are not admissible in criminal proceedings (when flag st,Casualty Investigation Code — Why? How to report? Human elements to consider.
QB1_A#q25,/meoclass1/QB1_A.html#q25,Nair,True,True,False,False,STRONG_CE_TIP_ASSERTION,True,"DR data, digital evidence, consular access Vienna Convention 1963 Consular relations — right of foreign seafarers to consular access when detained CE Oral Tip (Nair): Nair expects you to name Resolution A.987(24) — not a vague reference to ""MLC"" alone. The examiner tests whether you know the joint I",Fair Treatment of Seafarers — Where is it mentioned?
QB1_A#q26,/meoclass1/QB1_A.html#q26,Nair,True,False,False,False,SUPPORTED_CE_TIP_MENTION,True,"Convention; ICG and port authority powers (replaces the 1958 Act equivalent). COLREGS 1972 Rule 28 — marking of wrecks; SOLAS distress provisions CE Oral Tip (Nair): If pressed on India's enforcement mechanism: ""India is a contracting state to the Nairobi Wreck Convention. Domestically, execution po","Wreck Convention — In open sea, who is responsible for a wreck?"
QB1_A#q27,/meoclass1/QB1_A.html#q27,Nair,True,False,False,False,SUPPORTED_CE_TIP_MENTION,True,"implementation of Hague Rules Hamburg Rules 1978 Shipper-friendly alternative — not adopted by major maritime nations; comparison reference CE Oral Tip (Simon/Nair): The nautical fault defence is the most CE-relevant clause — and the most misunderstood. ""Management of the vessel"" = engine room acts ",Hague-Visby Rules — Explain.
QB1_A#q27,/meoclass1/QB1_A.html#q27,Simon,True,False,False,False,SUPPORTED_CE_TIP_MENTION,True,"mestic implementation of Hague Rules Hamburg Rules 1978 Shipper-friendly alternative — not adopted by major maritime nations; comparison reference CE Oral Tip (Simon/Nair): The nautical fault defence is the most CE-relevant clause — and the most misunderstood. ""Management of the vessel"" = engine roo",Hague-Visby Rules — Explain.
QB1_A#q28,/meoclass1/QB1_A.html#q28,Nair,True,False,False,False,SUPPORTED_CE_TIP_MENTION,True,brogation provisions in hull policies P&I Club Rules Subrogation provisions vary by club — clubs generally waive against members for ordinary acts CE Oral Tip (Nair): Subrogation vs assignment: assignment = voluntary transfer of rights before payment (by agreement); subrogation = automatic legal rig,Subrogation — Explain in context of marine insurance.
QB1_A#q29,/meoclass1/QB1_A.html#q29,Nair,True,False,False,False,SUPPORTED_CE_TIP_MENTION,True,tional Group of P&I Clubs — pooling and reinsurance structure Lloyd's Act 1982 (UK) Lloyd's of London — marketplace where IG reinsurance is placed CE Oral Tip (Nair): The IG pool thresholds are frequently examined at Class 1 level — know all four tiers: $10m (club retention) → $100m (pool) → $2.35bn,Reinsurance — Types (Facultative and Obligatory).
QB1_A#q30,/meoclass1/QB1_A.html#q30,Nair,True,False,False,False,SUPPORTED_CE_TIP_MENTION,True,"et-zero 2050; 20–30% by 2030; 70–80% by 2040 IMO — MEPC https://www.imo.org/en/mediacentre/meetingsummaries/pages/temporary-mepc-84th-session.aspx CE Oral Tip (Nair): MEPC outcomes are live regulatory developments — Nair tests whether you read beyond textbooks and know the current status, not last y",MEPC 84 Outcomes — Explain with cross questions.
QB1_B#q1,/meoclass1/QB1_B.html#q1,Nair,True,False,False,False,SUPPORTED_CE_TIP_MENTION,True,"MARPOL Annex II/III / General Definitions of hazardous substances and noxious liquid substances in bulk/packages. CE Oral Tip: Kochi MMD surveyors (especially Nair/Rajappan) love to trap candidates on whether a container vessel faces HNS liability. Answer clearly: ""Yes, sir, for packaged dangerous g","Explain the HNS Convention — to whom does it apply, when does it enter into force, and until then what is the liability/compensation fallback (LLMC limits)?"
QB1_B#q1,/meoclass1/QB1_B.html#q1,Rajappan,True,False,False,False,SUPPORTED_CE_TIP_MENTION,False,"OL Annex II/III / General Definitions of hazardous substances and noxious liquid substances in bulk/packages. CE Oral Tip: Kochi MMD surveyors (especially Nair/Rajappan) love to trap candidates on whether a container vessel faces HNS liability. Answer clearly: ""Yes, sir, for packaged dangerous goods","Explain the HNS Convention — to whom does it apply, when does it enter into force, and until then what is the liability/compensation fallback (LLMC limits)?"
QB1_B#q3,/meoclass1/QB1_B.html#q3,Nair,True,True,True,False,SUPPORTED_ILLUSTRATIVE_CE_TIP,True,"amage on the shipowner. UNCLOS 1982 / Article 97 Penal jurisdiction in matters of collision or other incidents of navigation. CE Oral Tip: Examiners like Capt. Nair often ask: ""If the owner sells the ship, does the crew's claim for back-wages vanish?"" Your answer must be firm: ""No, sir. Crew wages c","Give an overview of Admiralty Law as it applies to a ship — cover Maritime Lien, Tort, and Statutory Liability"
QB1_B#q10,/meoclass1/QB1_B.html#q10,Nair,True,True,False,False,STRONG_CE_TIP_ASSERTION,True,"1992 / Article VII Mandatory financial security certificate (Blue Card) required onboard for bulk cargo oil. CE Oral Tip: Kochi MMD surveyors (especially Capt. Nair) love to ask: ""Your container ship has spilled 500 tons of fuel oil in port. How much money can the state claim from the CLC fund?"" Ans","Explain the CLC (Civil Liability Convention) — scope and application, including in the context of a bunker-spill incident"
QB1_B#q11,/meoclass1/QB1_B.html#q11,Nair,True,True,False,False,STRONG_CE_TIP_ASSERTION,True,"OLAS Chapter V / Regulation 33 Master’s authority to contract salvage services and command life-saving/property mitigation actions. CE Oral Tip: If Rajappan or Nair asks: ""Who pays for SCOPIC?"" state clearly: ""Sir, SCOPIC is funded entirely by the shipowner's P&I Club because it represents an expend","What is Salvage, and explain SCOPIC (Special Compensation P&I Clause)"
QB1_B#q11,/meoclass1/QB1_B.html#q11,Rajappan,True,True,False,False,STRONG_CE_TIP_ASSERTION,True,"asualties. SOLAS Chapter V / Regulation 33 Master’s authority to contract salvage services and command life-saving/property mitigation actions. CE Oral Tip: If Rajappan or Nair asks: ""Who pays for SCOPIC?"" state clearly: ""Sir, SCOPIC is funded entirely by the shipowner's P&I Club because it represen","What is Salvage, and explain SCOPIC (Special Compensation P&I Clause)"
QB1_B#q12,/meoclass1/QB1_B.html#q12,Simon,True,True,True,False,SUPPORTED_ILLUSTRATIVE_CE_TIP,False,"s. Supplementary Protocol / Article 4 Escalates the compensation ceiling to 750M SDR via the Tier 3 global asset pool. CE Oral Tip: When an examiner like Capt. Simon asks: ""Why do we need a Fund Convention if the shipowner already pays under the CLC?"" Answer like an expert: ""Sir, the CLC cap is base",Explain civil liability in the context of the CLC and the Fund Convention — how do they work together for oil pollution compensation?
QB1_B#q13,/meoclass1/QB1_B.html#q13,Nair,True,True,True,False,SUPPORTED_ILLUSTRATIVE_CE_TIP,True,"of the voyage. CLC 1992 / Article VII Requires mandatory P&I insurance backing for vessels carrying bulk oil cargo. CE Oral Tip: Kochi MMD examiners like Capt. Nair will ask: ""What does the 'Mutual' part of a P&I club mean?"" Answer clearly: ""Sir, mutuality means the shipowners are both the insurers ","What is marine insurance, and how does P&I Club cover differ from other forms of insurance?"
QB1_B#q14,/meoclass1/QB1_B.html#q14,Simon,True,True,False,False,STRONG_CE_TIP_ASSERTION,True,"protecting shipowners from liability for cargo damage resulting from fire or sea perils, enabling GA claims. CE Oral Tip: Kochi MMD surveyors (especially Capt. Simon) love to ask: ""If you burn extra diesel fuel to run fire pumps during a cargo hold fire, is that fuel cost paid by the shipowner?"" Ans","What is General Average, and what is the procedure followed onboard when GA is declared?"
QB1_B#q20,/meoclass1/QB1_B.html#q20,Simon,True,True,False,False,STRONG_CE_TIP_ASSERTION,True,"eral Subrogated claims are still subject to the general tonnage-based limitation caps of the defendant ship. CE Oral Tip: Kochi MMD examiners (especially Capt. Simon) may ask: ""Your ship was damaged by a negligent shipyard during drydock. Your insurance company paid you for repairs. Can you now sue ",What is subrogation in the context of marine insurance/P&I claims?
QB1_B#q4,/meoclass1/QB1_B.html#q4,Rajappan,True,True,False,False,STRONG_CE_TIP_ASSERTION,True,"hapter XI-2 / Regulation 4 Statutory obligation for ships to fully comply with the ISPS Code requirements. CE Oral Tip: Kochi MMD examiners (particularly Capt. Rajappan) will test your understanding of crew compliance. If asked: ""Can a wiper stand an anti-piracy bridge wing watch if they only have a",What does STSDSS stand for and what is it?
QB1_B#q5,/meoclass1/QB1_B.html#q5,Nair,True,False,True,False,SUPPORTED_ILLUSTRATIVE_CE_TIP,False,"h CSR entries. ISPS Code / Part A, Section 19 Verification requirements for ship certification that depend on valid CSR data. CE Oral Tip: Examiners like Capt. Nair often trap candidates by asking: ""If your ship changes flag tomorrow in the middle of the ocean, can you throw away the old CSR sheets?",What is a Continuous Synopsis Record (CSR) and what types/categories of CSR entries exist?
QB1_B#q6,/meoclass1/QB1_B.html#q6,Nair,True,True,False,False,STRONG_CE_TIP_ASSERTION,True,"ries. UNCLOS 1982 / Article 211(6) Framework allowing states to establish special mandatory measures in specific areas of their EEZ. CE Oral Tip: When Simon or Nair asks you about this, don't just say it's a ""clean area."" Use the exact legal terminology: ""Sir, a PSSA is an area designated by the IMO",Explain PSSA (Particularly Sensitive Sea Area) with examples
QB1_B#q6,/meoclass1/QB1_B.html#q6,Simon,True,True,False,False,STRONG_CE_TIP_ASSERTION,True,"SA boundaries. UNCLOS 1982 / Article 211(6) Framework allowing states to establish special mandatory measures in specific areas of their EEZ. CE Oral Tip: When Simon or Nair asks you about this, don't just say it's a ""clean area."" Use the exact legal terminology: ""Sir, a PSSA is an area designated b",Explain PSSA (Particularly Sensitive Sea Area) with examples
QB1_B#q7,/meoclass1/QB1_B.html#q7,Nair,True,True,True,False,SUPPORTED_ILLUSTRATIVE_CE_TIP,False,"13 Specific provisions allowing the Administration to entrust load line assignments to recognized technical bodies. CE Oral Tip: Kochi MMD examiners like Capt. Nair will ask: ""What is the difference between a Classification Society and an RO?"" Answer clearly: ""Sir, a Classification Society is a priv",What criteria must an organisation meet to become a Recognised Organisation (RO) under IMO/Flag State delegation?
QB1_B#q15,/meoclass1/QB1_B.html#q15,Nair,True,True,False,False,STRONG_CE_TIP_ASSERTION,True,"al requirement for flag states to conduct an inquiry into marine casualties causing loss of life or severe damage. CE Oral Tip: Kochi MMD examiners (especially Nair and Rajappan) will challenge you: ""If a marine safety inspector asks you for your engine logs under the Casualty Code, can you refuse t",Explain the IMO Casualty Investigation Code — scope and purpose
QB1_B#q15,/meoclass1/QB1_B.html#q15,Rajappan,True,True,False,False,STRONG_CE_TIP_ASSERTION,True,"ement for flag states to conduct an inquiry into marine casualties causing loss of life or severe damage. CE Oral Tip: Kochi MMD examiners (especially Nair and Rajappan) will challenge you: ""If a marine safety inspector asks you for your engine logs under the Casualty Code, can you refuse to give th",Explain the IMO Casualty Investigation Code — scope and purpose
QB1_B#q8,/meoclass1/QB1_B.html#q8,Simon,True,True,False,False,STRONG_CE_TIP_ASSERTION,True,"ancial Security Mandatory P&I/financial insurance covering crew abandonment and contractual claims. CE Oral Tip: Kochi MMD surveyors (especially Capt. Rajappan/Simon) love to ask: ""Can a shipowner hire crew through an un-licensed manning office?"" Your answer: ""No, sir. Under MLC 2006 Regulation 1.4,",How are MLC 2006 and RPSL (Recruitment and Placement Service Licence) related with respect to seafarer welfare and recruitment?
QB1_B#q8,/meoclass1/QB1_B.html#q8,Rajappan,True,True,False,False,STRONG_CE_TIP_ASSERTION,False,"2014 Financial Security Mandatory P&I/financial insurance covering crew abandonment and contractual claims. CE Oral Tip: Kochi MMD surveyors (especially Capt. Rajappan/Simon) love to ask: ""Can a shipowner hire crew through an un-licensed manning office?"" Your answer: ""No, sir. Under MLC 2006 Regulat",How are MLC 2006 and RPSL (Recruitment and Placement Service Licence) related with respect to seafarer welfare and recruitment?
QB1_B#q17,/meoclass1/QB1_B.html#q17,Nair,True,True,False,False,STRONG_CE_TIP_ASSERTION,True,"under a Time Charter. York-Antwerp Rules / General Provisions governing how general average costs are split between owner and charterer. CE Oral Tip: If Capt. Nair asks: ""If your main engine breaks down for 12 hours at sea under a Time Charter, who pays for the fuel during that breakdown?"" Answer cl","What type of charter party governs your vessel, and how does the shipowner represent the ship to maximise charter opportunities?"
QB1_B#q18,/meoclass1/QB1_B.html#q18,Nair,True,True,True,False,SUPPORTED_ILLUSTRATIVE_CE_TIP,True,"Line 1966 / Article 29 Incorporates the tacit mechanism via the 1988 Protocol updates to speed up stability revisions. CE Oral Tip: When an examiner like Capt. Nair or Simon asks: ""What is Tacit Acceptance?"" start with the definition: ""Sir, it is an accelerated IMO amendment procedure where an amend",What is the 'tacit acceptance' procedure in the IMO amendment process?
QB1_B#q18,/meoclass1/QB1_B.html#q18,Simon,True,True,True,False,SUPPORTED_ILLUSTRATIVE_CE_TIP,True,"6 / Article 29 Incorporates the tacit mechanism via the 1988 Protocol updates to speed up stability revisions. CE Oral Tip: When an examiner like Capt. Nair or Simon asks: ""What is Tacit Acceptance?"" start with the definition: ""Sir, it is an accelerated IMO amendment procedure where an amendment aut",What is the 'tacit acceptance' procedure in the IMO amendment process?
QB1_B#q21,/meoclass1/QB1_B.html#q21,Nair,True,True,True,False,SUPPORTED_ILLUSTRATIVE_CE_TIP,False,"n 4.3 Health and safety protection rules that incorporate the elimination of shipboard workplace harassment. CE Oral Tip: If an examiner like Capt. Rajappan or Nair asks: ""What is the IMO doing about gender equality, and how does it affect you as a Chief Engineer?"" Answer like a modern manager: ""Sir",What initiatives is IMO undertaking with respect to gender equality in the maritime industry?
QB1_B#q21,/meoclass1/QB1_B.html#q21,Rajappan,True,True,True,False,SUPPORTED_ILLUSTRATIVE_CE_TIP,True,"/ Regulation 4.3 Health and safety protection rules that incorporate the elimination of shipboard workplace harassment. CE Oral Tip: If an examiner like Capt. Rajappan or Nair asks: ""What is the IMO doing about gender equality, and how does it affect you as a Chief Engineer?"" Answer like a modern ma",What initiatives is IMO undertaking with respect to gender equality in the maritime industry?
QB1_C#q1,/meoclass1/QB1_C.html#q1,Nair,False,False,False,False,WEAK_INCIDENTAL_MENTION,False,"nd heavy weather rolling, water ingress quickly extinguished the remaining positive area under the GZ curve, leading to a rapid capsize. Examiner Chain Simon → Nair → Senthil. Simon starts with basic definitions (Reserve Buoyancy), Nair shifts to damage conditions (hole in the side hull, engine room",Reserve buoyancy and the GZ curve?
QB1_C#q1,/meoclass1/QB1_C.html#q1,Simon,True,False,False,False,SUPPORTED_CE_TIP_MENTION,True,"equate reserve buoyancy. SOLAS Chapter XII Additional bulk carrier safety requirements regarding damage stability and flooding alarms. CE Oral Tip (Kochi MMD): Simon heavily tests this topic in relation to bulk carriers loaded to maximum draft. Always state: ""At full tropical/summer draught, the fre",Reserve buoyancy and the GZ curve?
QB1_C#q1,/meoclass1/QB1_C.html#q1,Senthil,False,False,False,False,WEAK_INCIDENTAL_MENTION,False,"y weather rolling, water ingress quickly extinguished the remaining positive area under the GZ curve, leading to a rapid capsize. Examiner Chain Simon → Nair → Senthil. Simon starts with basic definitions (Reserve Buoyancy), Nair shifts to damage conditions (hole in the side hull, engine room floodi",Reserve buoyancy and the GZ curve?
QB1_C#q2,/meoclass1/QB1_C.html#q2,Nair,False,False,False,False,WEAK_INCIDENTAL_MENTION,False,"surface effects during the sequence left the vessel completely unable to resist dynamic wind forces, causing a massive list. Examiner Chain Simon → Rajappan → Nair. Simon establishes the fundamental physics (Static vs Dynamic), Rajappan links it to tanker cargo sloshing and free surface corrections ",Static vs dynamic stability?
QB1_C#q2,/meoclass1/QB1_C.html#q2,Simon,True,False,False,True,WEAK_COMPARATIVE_MENTION,True,"metric Rolling. IACS Unified Requirement (UR) L2 Harmonizes intact stability approvals across all major Classification Societies. CE Oral Tip (Kochi MMD): When Simon brings up the comparison, cleanly frame your opening sentence using the terms ""Moment vs Energy."" State clearly: ""Static stability rep",Static vs dynamic stability?
QB1_C#q2,/meoclass1/QB1_C.html#q2,Rajappan,False,False,False,False,WEAK_INCIDENTAL_MENTION,False,"due to free surface effects during the sequence left the vessel completely unable to resist dynamic wind forces, causing a massive list. Examiner Chain Simon → Rajappan → Nair. Simon establishes the fundamental physics (Static vs Dynamic), Rajappan links it to tanker cargo sloshing and free surface ",Static vs dynamic stability?
QB1_C#q3,/meoclass1/QB1_C.html#q3,Nair,False,False,False,False,WEAK_INCIDENTAL_MENTION,False,"vely stiff condition. The severe acceleration forces sheared the cargo securing points during heavy weather, which caused a sudden list. Examiner Chain Simon → Nair → Senthil. Simon starts on the theoretical definitions of GM and stiffness. Nair shifts to the structural consequences (cracking in fra",Tender vs stiff ship — problems of excessive stiffness?
QB1_C#q3,/meoclass1/QB1_C.html#q3,Simon,True,True,False,False,STRONG_CE_TIP_ASSERTION,True,"rt rolling periods. IACS Rec. No. 34 Provides standard engineering guidance on sea-keeping and managing severe rolling behaviors. CE Oral Tip (Kochi MMD): When Simon asks about the roll period formula, write down T ≈ 2B / √GM immediately. Explicitly emphasize that Beam (B) and GM are the sole geomet",Tender vs stiff ship — problems of excessive stiffness?
QB1_C#q3,/meoclass1/QB1_C.html#q3,Senthil,False,False,False,False,WEAK_INCIDENTAL_MENTION,False,"iff condition. The severe acceleration forces sheared the cargo securing points during heavy weather, which caused a sudden list. Examiner Chain Simon → Nair → Senthil. Simon starts on the theoretical definitions of GM and stiffness. Nair shifts to the structural consequences (cracking in frame brac",Tender vs stiff ship — problems of excessive stiffness?
QB1_C#q4,/meoclass1/QB1_C.html#q4,Nair,False,False,False,False,WEAK_INCIDENTAL_MENTION,True,"rames from the inner bottom. Under severe dynamic wave loading, this caused sudden shell plating failure and catastrophic hold flooding. Examiner Chain Simon → Nair → Senthil. Simon establishes the identification and role of the structural knee. Nair shifts to the inspection and repair protocol (wel",Structural knee — function and locations?
QB1_C#q4,/meoclass1/QB1_C.html#q4,Simon,True,True,False,False,STRONG_CE_TIP_ASSERTION,False,"ns. Enhanced Survey Programme (ESP Code) Dictates close-up inspection of highly stressed brackets and knees in tankers and bulkers. CE Oral Tip (Kochi MMD): If Simon asks about knees, clearly sketch a basic triangular bracket connecting a horizontal deck beam to a vertical frame. Point to the open e",Structural knee — function and locations?
QB1_C#q4,/meoclass1/QB1_C.html#q4,Senthil,False,False,False,False,WEAK_INCIDENTAL_MENTION,False,"rom the inner bottom. Under severe dynamic wave loading, this caused sudden shell plating failure and catastrophic hold flooding. Examiner Chain Simon → Nair → Senthil. Simon establishes the identification and role of the structural knee. Nair shifts to the inspection and repair protocol (welding cr",Structural knee — function and locations?
QB1_C#q5,/meoclass1/QB1_C.html#q5,Nair,True,True,False,False,STRONG_CE_TIP_ASSERTION,True,"live sensor data. ISO 19697:2016 Specifies the technical testing, construction, and operational criteria for digital inclinometers. CE Oral Tip (Kochi MMD): If Nair asks about this, emphasize the Class quarterly listing report . State: ""The electronic inclinometer logs continuous data that must be r",Electronic inclinometers — SOLAS mandate?
QB1_C#q5,/meoclass1/QB1_C.html#q5,Simon,False,True,False,False,WEAK_INCIDENTAL_MENTION,False,lling period shifts. Modern electronic inclinometers now feed live dynamic roll logs to prevent these structural over-stresses. Examiner Chain Nair → Senthil → Simon. Nair asks about the sensor technology and regulatory mandate; Senthil demands to know how the Chief Engineer signs off on the quarter,Electronic inclinometers — SOLAS mandate?
QB1_C#q5,/meoclass1/QB1_C.html#q5,Senthil,False,True,False,False,WEAK_INCIDENTAL_MENTION,False,ametric rolling period shifts. Modern electronic inclinometers now feed live dynamic roll logs to prevent these structural over-stresses. Examiner Chain Nair → Senthil → Simon. Nair asks about the sensor technology and regulatory mandate; Senthil demands to know how the Chief Engineer signs off on t,Electronic inclinometers — SOLAS mandate?
QB1_C#q6,/meoclass1/QB1_C.html#q6,Nair,False,False,False,False,WEAK_INCIDENTAL_MENTION,False,"uctural fractures and failing to seek class attendance can lead to catastrophic, sudden hull failures under dynamic open-ocean stresses. Examiner Chain Simon → Nair → Srivastava. Simon tests the emergency stability and structural concepts; Nair focuses on the physical repair execution (scantling pre",Hull hole found — CE actions and Condition of Class?
QB1_C#q6,/meoclass1/QB1_C.html#q6,Simon,True,True,False,False,STRONG_CE_TIP_ASSERTION,True,"hipping Act (India), Section 334 Classifies navigating an unseaworthy or structurally compromised vessel as a criminal liability. CE Oral Tip (Kochi MMD): When Simon asks this question, split your response into Technical Mitigation and Regulatory Protocol . State clearly: ""Technically, I will isolat",Hull hole found — CE actions and Condition of Class?
QB1_C#q6,/meoclass1/QB1_C.html#q6,Srivastava,False,False,False,False,WEAK_INCIDENTAL_MENTION,False,"fractures and failing to seek class attendance can lead to catastrophic, sudden hull failures under dynamic open-ocean stresses. Examiner Chain Simon → Nair → Srivastava. Simon tests the emergency stability and structural concepts; Nair focuses on the physical repair execution (scantling preparation",Hull hole found — CE actions and Condition of Class?
QB1_C#q7,/meoclass1/QB1_C.html#q7,Nair,True,True,False,False,STRONG_CE_TIP_ASSERTION,True,"ctural failures. IACS UR Z10 Establishes standardized survey parameters and close-up inspection requirements for hull structures. CE Oral Tip (Kochi MMD): When Nair asks this question, make sure to specifically quote the current Merchant Shipping Act, 2025 (in force since 15 March 2026), not the rep",Structural damage — assessment and reporting?
QB1_C#q7,/meoclass1/QB1_C.html#q7,Simon,False,True,False,False,WEAK_INCIDENTAL_MENTION,False,"ction of structural buckling or deformation, combined with proper reporting, is the only barrier against catastrophic structural failure. Examiner Chain Nair → Simon → Srivastava. Nair triggers the question focused on tanker or bulker structural damage and reporting; Simon intercepts to ask how this",Structural damage — assessment and reporting?
QB1_C#q7,/meoclass1/QB1_C.html#q7,Srivastava,False,True,False,False,WEAK_INCIDENTAL_MENTION,False,"structural buckling or deformation, combined with proper reporting, is the only barrier against catastrophic structural failure. Examiner Chain Nair → Simon → Srivastava. Nair triggers the question focused on tanker or bulker structural damage and reporting; Simon intercepts to ask how this damage a",Structural damage — assessment and reporting?
QB1_D#q1,/meoclass1/QB1_D.html#q1,Simon,True,False,False,False,SUPPORTED_CE_TIP_MENTION,True,"s 1969 SOLAS Applicability thresholds based on GT MARPOL Annex I/IV/VI Thresholds based on GT ITC 1969 International Tonnage Certificate CE Oral Tip (Senthil / Simon): Kochi MMD checks your vessel familiarity immediately. Have the exact GT, NT, DWT, Engine BHP, and Lightship weight of your last two ",What was the GRT and DWT of your last vessel?
QB1_D#q1,/meoclass1/QB1_D.html#q1,Senthil,True,False,False,False,SUPPORTED_CE_TIP_MENTION,True,"1 What was the GRT and DWT of your last vessel? Tonnage Senthil (Int) ⏱ 15-Second Answer ""My last vessel, a Maersk container ship, had a Gross Tonnage (GT) of approximately 95,000 and a Deadweight Tonnage (DWT) of 110,000 tonnes. GT is a dimensionless numb",What was the GRT and DWT of your last vessel?
QB1_D#q2,/meoclass1/QB1_D.html#q2,Paul,True,False,False,False,SUPPORTED_CE_TIP_MENTION,True,"2 Lifting appliance latest amendments — what changed and how were they previously checked? SOLAS Ref Paul (Ext) ⏱ 15-Second Answer ""SOLAS Chapter II-1 Regulation 3-13 mandates that all shipboard lifting appliances undergo mandatory statutory survey, including annual inspections and 5-yearly proof lo",Lifting appliance latest amendments — what changed and how were they previously checked?
QB1_D#q3,/meoclass1/QB1_D.html#q3,Paul,True,False,False,False,SUPPORTED_CE_TIP_MENTION,True,"3 Lifting appliance survey — how is it conducted and what are the requirements? Survey Paul (Ext) ⏱ 15-Second Answer ""A lifting appliance survey under SOLAS II-1/3-13 consists of an annual thorough examination and a 5-yearly proof load test witnessed by a Class surveyor. The CE must ens",Lifting appliance survey — how is it conducted and what are the requirements?
QB1_D#q4,/meoclass1/QB1_D.html#q4,Paul,True,False,False,False,SUPPORTED_CE_TIP_MENTION,True,"4 Loadline survey — which documents are required? Load Line Paul (Ext) ⏱ 15-Second Answer ""For a Load Line survey, the surveyor requires the International Load Line Certificate (ILLC), the 'Record of Conditions of Assignment,' the Approved Intact Stability Boo",Loadline survey — which documents are required?
QB1_E#q1,/meoclass1/QB1_E.html#q1,Simon,True,False,False,False,SUPPORTED_CE_TIP_MENTION,True,"1 SEQ (Safety Equipment) survey — documents required and how do you prepare for it? Survey Simon ⏱ 15-Second Answer The Safety Equipment (SEQ) Survey verifies the readiness of a ship's Life-Saving Appliances (LSA), Fire-Fighting Appliances (FFA), and navigational gear as per SOLAS Chapter I",SEQ (Safety Equipment) survey — documents required and how do you prepare for it?
QB1_E#q2,/meoclass1/QB1_E.html#q2,Simon,True,False,False,False,SUPPORTED_CE_TIP_MENTION,True,"2 Corrosion limits — what are the acceptable corrosion/diminution limits for hull structure? IACS / Class Simon ⏱ 15-Second Answer Hull corrosion limits are defined by IACS Unified Requirements and Class rules. Generally, a maximum diminution of 20% to 25% of the original as-built thickness is permi",Corrosion limits — what are the acceptable corrosion/diminution limits for hull structure?
QB1_F#q1,/meoclass1/QB1_F.html#q1,Nair,True,False,False,False,SUPPORTED_CE_TIP_MENTION,True,ne casualties and incidents to the administration. ISO 9001:2015 ISM Synergy — documented procedures for corrective and preventive actions (CAPA). CE Oral Tip (Nair): Kochi MMD Focus (Examiner Nair): Examiner Nair looks for structural leadership and emotional stability. Never state an incident where,Any incident on your ship
QB1_F#q2,/meoclass1/QB1_F.html#q2,Nair,True,False,False,False,SUPPORTED_CE_TIP_MENTION,True,ord books and entries in Indian waters. IMO Resolution MEPC.328(76) Revised amendments governing the mandatory operational CII and SEEMP Part III. CE Oral Tip (Nair): Kochi MMD Focus (Examiner Nair): Nair will test your precision on Annex VI and recent decarbonization mandates. Ensure you explicitly,All marpol related documents on your type of vessel
QB1_F#q3,/meoclass1/QB1_F.html#q3,Simon,True,True,False,False,STRONG_CE_TIP_ASSERTION,False,"tion (International Convention for Safe Containers) Governs the container's own tare mass declared on the Safety Approval Plate, used in Method 2. CE Oral Tip (Simon): Kochi MMD Focus (Examiner Simon): Examiner Simon expects you to state clearly that the shipper — not the carrier — carries the VGM o","VGM (Verified Gross Mass) — who issues, who verifies, where it is mentioned, and the two methods of determination"
QB1_F#q4,/meoclass1/QB1_F.html#q4,Nair,True,True,False,False,STRONG_CE_TIP_ASSERTION,True,al/Reefer Containers). DG Shipping MS Notice 04 of 2018 National implementation guidelines for the monitoring of ACEP and container safety plates. CE Oral Tip (Nair): Kochi MMD Focus (Examiner Nair): Examiner Nair will likely ask how you can tell a container is legally safe just by looking at it. Th,"Csc convention full explanation, including testing and certification, type of containers and difference in testing reefer containers"
QB1_F#q5,/meoclass1/QB1_F.html#q5,Nair,True,True,False,False,STRONG_CE_TIP_ASSERTION,True,"pping Engineering Circular 04 of 2022 Guidelines for approval and operational inspection of alternative fuel installations on Indian flag vessels. CE Oral Tip (Nair): Kochi MMD Focus (Examiner Nair): If Examiner Nair asks about technological changes, immediately connect your technical answer to glob",New technologies related to container ship and engine room machineries
QB1_F#q6,/meoclass1/QB1_F.html#q6,Senthil,True,False,False,False,SUPPORTED_CE_TIP_MENTION,True,ing Engineering Circular 01 of 2024 National framework directives regarding the recording and bunkering of alternative biofuels on Indian vessels. CE Oral Tip (Senthil): Kochi MMD Focus (Examiner Senthil): Examiner Senthil focuses heavily on modern environmental commercial realities. When answering ,Sustainable fuel certificates and who issues it contents of the certificate
QB1_F#q7,/meoclass1/QB1_F.html#q7,Nair,True,False,False,False,SUPPORTED_CE_TIP_MENTION,True,DG Shipping Engineering Circular 03 of 2022 Requirements for maintaining updated class status reports and survey logs onboard Indian flag vessels. CE Oral Tip (Nair): Kochi MMD Focus (Examiner Nair): Examiner Nair will look to see if you can manage the paperwork practically. Do not just list generic,Documents related to survey (for CE)
QB1_F#q8,/meoclass1/QB1_F.html#q8,Nair,True,False,False,False,SUPPORTED_CE_TIP_MENTION,True,"covers and coamings. HSSC Annual Survey Checklist 25% close-up survey extent for cargo hold side shell frames (bulk carriers/tankers). [reference] CE Oral Tip (Nair): Kochi MMD Focus (Examiner Nair): Examiner Nair may try to catch you off guard by asking, ""Why should a Chief Engineer care about a hu",Hull survey
QB1_F#q9,/meoclass1/QB1_F.html#q9,Nair,True,True,False,False,STRONG_CE_TIP_ASSERTION,True,"ial data. DG Shipping Engineering Circular 02 of 2023 Directives regarding fuel data collection reporting (IMO-DCS Compliance) for Indian vessels. CE Oral Tip (Nair): Kochi MMD Focus (Examiner Nair): If Examiner Nair stops you after you give basic operational points like ""slow steaming"" or ""switchin","As CE, how will you reduce fuel consumption? Told him many points but he what something related to"
QB1_F#q10,/meoclass1/QB1_F.html#q10,Nair,True,False,False,False,SUPPORTED_CE_TIP_MENTION,True,"areas. DG Shipping MS Notice 03 of 2021 Directives on security compliance and tracking protocols for Indian seafarers transiting vulnerable zones. CE Oral Tip (Nair): Kochi MMD Focus (Examiner Nair): Examiner Nair is looking for clear command structure and attention to detail. Do not just state, ""I ","Prior to entering war risk area, vsl conducts a security drill. How will you evaluate the drill?"
QB1_F#q11,/meoclass1/QB1_F.html#q11,Nair,True,True,False,False,STRONG_CE_TIP_ASSERTION,True,"Shipping MS Notice 14 of 2020 National directives establishing dedicated grievance procedures for Indian seafarers facing contractual abandonment. CE Oral Tip (Nair): Kochi MMD Focus (Examiner Nair): Examiner Nair will look for exact figures and timeline compliance. When asked to define abandonment,",Sea farer abodment lot of questions
QB1_F#q12,/meoclass1/QB1_F.html#q12,Nair,True,False,False,False,SUPPORTED_CE_TIP_MENTION,True,"s 1994. ILO Convention 147 (Merchant Shipping Minimum Standards) The overarching international treaty supporting national legislative enforcement. CE Oral Tip (Nair): Kochi MMD Focus (Examiner Nair): Examiner Nair will look to see if you can connect national laws with daily shipboard duties, and whe",seafarer ms act welfare requirement
QB1_F#q13,/meoclass1/QB1_F.html#q13,Simon,True,False,False,False,SUPPORTED_CE_TIP_MENTION,True,"nized organizations. DG Shipping Engineering Circular 04 of 2023 Statutory compliance tracking directives for surveyors operating in Indian ports. CE Oral Tip (Simon): Kochi MMD Focus (Examiner Simon): Examiner Simon looks for clear structural logic. Do not ramble. Start your answer by saying: ""Sir,","audit, survey,inspection,statutory suvery definitions and differences"
QB1_F#q14,/meoclass1/QB1_F.html#q14,Simon,True,False,False,False,SUPPORTED_CE_TIP_MENTION,True,"pproval. DG Shipping Engineering Circular 01 of 2022 Regulatory requirements for managing automated continuous survey items under the Indian flag. CE Oral Tip (Simon): Kochi MMD Focus (Examiner Simon): Examiner Simon will look for practical management awareness. When defining CSM, clearly state that",Types of survey and what is CSM survey
QB1_F#q15,/meoclass1/QB1_F.html#q15,Simon,True,True,False,False,STRONG_CE_TIP_ASSERTION,True,"Shipping Engineering Circular 03 of 2021 Directives concerning the scope and limitations of ship staff self-assessments for statutory validation. CE Oral Tip (Simon): Kochi MMD Focus (Examiner Simon): Examiner Simon wants to hear clear, technical groupings. Do not just mix minor parts with critical ",What all items cannot be credited by chief engineer in a CSM survey
QB1_F#q16,/meoclass1/QB1_F.html#q16,Rajappan,True,True,False,False,STRONG_CE_TIP_ASSERTION,True,"P on hull structures. DG Shipping Engineering Circular 05 of 2022 Directives for standardizing ESP reporting formats on Indian-registered vessels. CE Oral Tip (Rajappan): Kochi MMD Focus (Examiner Rajappan): Examiner Rajappan values precise regulatory titles. When asked about ESP, do not give a vagu",explain ESP..
QB1_F#q17,/meoclass1/QB1_F.html#q17,Nair,True,False,False,False,SUPPORTED_CE_TIP_MENTION,True,icates. DG Shipping Crew Circular 03 of 2023 Directives requiring mandatory electronic uploading and registration of SEAs on the e-migrate portal. CE Oral Tip (Nair): Kochi MMD Focus (Examiner Nair): Examiner Nair uses this question to test your management perspective. Do not focus solely on mechani,"You're allotted a ship to join, how do you identify it is safe. (Refer to SEA)"
QB1_F#q18,/meoclass1/QB1_F.html#q18,Nair,True,False,False,False,SUPPORTED_CE_TIP_MENTION,True,ations. DGMA MTO Registration Directives Rules governing the formal licensing and financial asset audits required to operate as an authorized MTO. CE Oral Tip (Nair): Kochi MMD Focus (Examiner Nair): Examiner Nair will look to see if you can analyze commercial risks effectively. When discussing the ,Multimodal Act? Same advantages and disadvantages for ship owner / charterer
QB1_F#q19,/meoclass1/QB1_F.html#q19,Rajappan,True,True,False,False,STRONG_CE_TIP_ASSERTION,True,2024 National regulatory frameworks managing the pilot testing and implementation of alternative green fuels on vessels trading in Indian waters. CE Oral Tip (Rajappan): Kochi MMD Focus (Examiner Rajappan): Examiner Rajappan wants an answer that covers both infrastructure and administrative policy. ,India government contribution in shipping
QB1_F#q20,/meoclass1/QB1_F.html#q20,Simon,True,True,False,False,STRONG_CE_TIP_ASSERTION,True,"ive fuel vehicles and concentrated cargo loads. SOLAS Chapter II-2, Regulation 10 Updated fire-fighting requirements for modern container vessels. CE Oral Tip (Simon): Kochi MMD Focus (Examiner Simon): Examiner Simon looks for clear operational links. When asked about container updates, your opening",container latest amendments
QB1_G#q21,/meoclass1/QB1_G.html#q21,Simon,True,True,False,False,STRONG_CE_TIP_ASSERTION,True,"ing Engineering Circular 02 of 2024 National directives standardizing environmental compliance tracking for energy indices on Indian flag vessels. CE Oral Tip (Simon): Kochi MMD Focus (Examiner Simon): If Examiner Simon asks about sustainable development, avoid giving a generic talk about ""planting ",sustainable development
QB1_G#q22,/meoclass1/QB1_G.html#q22,Simon,True,True,False,False,STRONG_CE_TIP_ASSERTION,True,"Circular 01 of 2025 National compliance directives standardizing reporting frameworks for carbon accounting under upcoming global market measures. CE Oral Tip (Simon): Kochi MMD Focus (Examiner Simon): Examiner Simon wants a precise, high-level structural breakdown. Do not ramble about generic effic",Midterm measures and technical elements
QB1_G#q23,/meoclass1/QB1_G.html#q23,Simon,True,False,False,False,SUPPORTED_CE_TIP_MENTION,True,"d ventilation damper profiles. The IGF Code, Section 13 Specialized ventilation requirements for ships utilizing low-flashpoint alternative fuels. CE Oral Tip (Simon): Kochi MMD Focus (Examiner Simon): Examiner Simon uses this cross-question to test your structural safety knowledge. Do not just talk",ER ventillation requirement and where its mentioned ( its a cross question by above qstn)
QB1_G#q24,/meoclass1/QB1_G.html#q24,Simon,True,False,False,False,SUPPORTED_CE_TIP_MENTION,True,"framework. DG Shipping MS Notice 08 of 2022 National guidelines tracking maximum crew capacities and riding crew clearances on commercial vessels. CE Oral Tip (Simon): Kochi MMD Focus (Examiner Simon): Examiner Simon looks for immediate precision. Do not just say ""the safety certificate."" Give the e","Total no of person can accomodate onboard , which certficate mentinong the same ."
QB1_G#q25,/meoclass1/QB1_G.html#q25,Nair,True,False,False,False,SUPPORTED_CE_TIP_MENTION,True,hipping Training Circular 02 of 2024 National directives standardizing the digital revalidation and biometric linking of Indian STCW certificates. CE Oral Tip (Nair): Kochi MMD Focus (Examiner Nair): Examiner Nair will look to see if you are keeping up with current changes. Do not just repeat basic ,Latest amendment in STCW
QB1_G#q26,/meoclass1/QB1_G.html#q26,Nair,True,True,False,False,STRONG_CE_TIP_ASSERTION,True,semblies. DG Shipping Engineering Circular 05 of 2021 Directives standardizing high-voltage simulator training and onboard safety management logs. CE Oral Tip (Nair): Kochi MMD Focus (Examiner Nair): Examiner Nair wants to hear the exact mechanical safety sequence. Your opening line must be a clear ,High voltage course done? - how vacuum breaker earthing is different.
QB1_G#q27,/meoclass1/QB1_G.html#q27,Simon,True,False,False,False,SUPPORTED_CE_TIP_MENTION,True,". DGMA Merchant Shipping (Tonnage Measurement) Rules The national legislative framework enforcing tonnage verification for Indian-flagged vessels. CE Oral Tip (Simon): Kochi MMD Focus (Examiner Simon): Examiner Simon will check if you know the exact equations. Do not just say tonnage is ""weight."" Em","GT, NT , Container ship calculation"
QB1_G#q28,/meoclass1/QB1_G.html#q28,Simon,True,False,False,False,SUPPORTED_CE_TIP_MENTION,True,"ing Engineering Circular 02 of 2021 Directives standardizing electronic certificate verification and electronic logbook controls in Indian waters. CE Oral Tip (Simon): Kochi MMD Focus (Examiner Simon): Examiner Simon will check your knowledge of the specific security features. Do not just say ""it's ",⁠electronic cert requirements
QB1_G#q29,/meoclass1/QB1_G.html#q29,Simon,True,True,False,False,STRONG_CE_TIP_ASSERTION,True,Merchant Shipping Notice 14 of 2020 National guidelines providing grievance and legal reporting structures for seafarers facing contract disputes. CE Oral Tip (Simon): Kochi MMD Focus (Examiner Simon): Examiner Simon wants to see that you understand modern international developments. Do not focus on,⁠LATEST AMENDMENT IN IMOLEGAL COMMITTEE
QB1_G#q30,/meoclass1/QB1_G.html#q30,Nair,True,True,False,False,STRONG_CE_TIP_ASSERTION,True,"n on tankers and bulkers. DG Shipping Engineering Circular 05 of 2022 Directives standardizing ESP reporting formats on Indian-registered vessels. CE Oral Tip (Nair): Kochi MMD Focus (Examiner Nair): Examiner Nair expects a formal, precise answer. Do not give a general description about ""checking fo",⁠Esp complete
QB1_G#q31,/meoclass1/QB1_G.html#q31,Rajappan,True,True,False,False,STRONG_CE_TIP_ASSERTION,True,"ys. DG Shipping Engineering Circular 03 of 2022 Directives standardizing underwater inspection protocols and diver certifications in Indian ports. CE Oral Tip (Rajappan): Kochi MMD Focus (Examiner Rajappan): Examiner Rajappan wants to hear about safety and design compliance. Do not just say ""divers ",In water survey details. Conditions
QB1_G#q32,/meoclass1/QB1_G.html#q32,Rajappan,True,True,False,False,STRONG_CE_TIP_ASSERTION,True,"Clause (Special Compensation P&I Club Clause) Regulates financial compensation for salvors preventing environmental damage, regardless of success. CE Oral Tip (Rajappan): Kochi MMD Focus (Examiner Rajappan): Examiner Rajappan is testing your corporate and legal safety awareness. If asked about the e",Empanelment of salvors. ( ms notice 1 of 202)
QB1_G#q33,/meoclass1/QB1_G.html#q33,Nair,True,True,False,False,STRONG_CE_TIP_ASSERTION,True,ar 04 of 2021 National compliance directives standardizing cargo tracking and safety certification for chemical carriers trading in Indian waters. CE Oral Tip (Nair): Kochi MMD Focus (Examiner Nair): Examiner Nair expects exact figures when evaluating construction types. Open your answer by stating:,Chemical tanker construction difference for each type
QB1_G#q34,/meoclass1/QB1_G.html#q34,Nair,True,True,False,False,STRONG_CE_TIP_ASSERTION,True,"L Annex II Regulation 9 (Surveys and Certification). DGMA MS Rules (Merchant Shipping Indian rules governing dangerous chemical carriage in bulk). CE Oral Tip (Nair): Examiner Nair often asks: ""What is the most critical attachment to the Certificate of Fitness?"" The answer is the Permitted Product L",Certificate of fitness details and content
QB1_G#q35,/meoclass1/QB1_G.html#q35,Senthil,True,False,False,False,SUPPORTED_CE_TIP_MENTION,True,"O 19662 Ships and marine technology — Electronic inclinometers. Class Rules (e.g., DNV/ABS) Rules for container lashing and monitoring interfaces. CE Oral Tip (Senthil): Examiner Senthil loves technology integration questions. Highlight that the digital inclinometer must be connected to an uninterru",Digital inclinometer requirements - need - speciality
QB1_G#q36,/meoclass1/QB1_G.html#q36,Senthil,True,False,False,False,SUPPORTED_CE_TIP_MENTION,True,"lassification Part 1 (Indian Register of Shipping provisions for survey tracking). ISM Code Clause 10 Ship and Equipment Maintenance requirements. CE Oral Tip (Senthil): Examiner Senthil will target your management skills here. Do not stop at explaining what the document is. State clearly: ""Sir, the",Class Quarterly listing report contents - significance - contents - what all actions you will take as chief engineer .
QB1_G#q37,/meoclass1/QB1_G.html#q37,Simon,True,False,False,False,SUPPORTED_CE_TIP_MENTION,True,"ard Tables). SOLAS Chapter II-1 Part B-1 (Stability). IRS Rules for Bulk Liquid Carriers Part 5 (Indian Register of Shipping structural criteria). CE Oral Tip (Simon): When Examiner Simon poses this, do not just say ""because they carry oil."" Use the exact technical phrases: ""Type A ship assignment,""",Why tankers have less freeboard.cross questions.
QB1_G#q38,/meoclass1/QB1_G.html#q38,Simon,True,True,False,False,STRONG_CE_TIP_ASSERTION,True,"nnex I & V Regulation for operational waste management. DGMA MS Notices Guidelines on IHM maintenance and recycling verification for Indian flags. CE Oral Tip (Simon): Examiner Simon's favorite trap is asking: ""If you pump engine room sludge to a shore tank in an international port, do you need a Ba",Basel convention.cross question
QB1_G#q39,/meoclass1/QB1_G.html#q39,Simon,True,True,False,False,STRONG_CE_TIP_ASSERTION,True,"esign Principles). SOLAS Chapter II-1 Part A-1 (Structure of Ships). IRS Rules for Steel Ships Part 3, Chapter 6 (Frame Connections and Brackets). CE Oral Tip (Simon): If Simon asks about the function, don't just say ""it joins two plates."" Use the term ""racking forces."" Explain that when the vessel ",Knee in ship structure — what is it and what is its function?
QB1_G#q40,/meoclass1/QB1_G.html#q40,Nair,True,False,False,False,SUPPORTED_CE_TIP_MENTION,True,"n Part 1, Chapter 2 (Indian Register of Shipping Continuous Machinery Survey rules). ISM Code Clause 10 Critical equipment maintenance validation. CE Oral Tip (Nair): Nair will immediately hit you with the follow-up: ""What items can the Chief Engineer NOT credit under CSM?"" (This directly ties to yo","CSM (Condition Survey Method) survey — explain the concept, when it applies, and what is assessed."
QB1_H#q1,/meoclass1/QB1_H.html#q1,Nair,True,True,False,False,STRONG_CE_TIP_ASSERTION,True,"nts for Recognized Organisations acting on behalf of Flag States SOLAS Ch. IX Management for the Safe Operation of Ships (statutory basis for ISM) CE Oral Tip: Nair tests the Class↔ISM interface directly. If asked what happens when a surveyor finds an illegal OWS bypass, name PR 17 explicitly and st",What is IACS Procedural Requirement (PR) 17 and when does it apply?
QB1_H#q2,/meoclass1/QB1_H.html#q2,Nair,True,False,False,False,SUPPORTED_CE_TIP_MENTION,True,"ification IMO Res. A.1118(30) Revised Guidelines on Implementation of the ISM Code IMO RO Code Requirements for Recognized Organisations CE Oral Tip: Simon and Nair both probe the NC/MNC distinction. Use the word ""downgrade"" precisely for how an MNC is cleared before sailing, and state both numbers ",What is IACS Procedural Requirement (PR) 9 and how does it standardise ISM Code certification?
QB1_H#q2,/meoclass1/QB1_H.html#q2,Simon,True,False,False,False,SUPPORTED_CE_TIP_MENTION,False,"odical verification IMO Res. A.1118(30) Revised Guidelines on Implementation of the ISM Code IMO RO Code Requirements for Recognized Organisations CE Oral Tip: Simon and Nair both probe the NC/MNC distinction. Use the word ""downgrade"" precisely for how an MNC is cleared before sailing, and state bot",What is IACS Procedural Requirement (PR) 9 and how does it standardise ISM Code certification?
QB1_H#q3,/meoclass1/QB1_H.html#q3,Simon,True,True,False,False,STRONG_CE_TIP_ASSERTION,False,"LAS Chapter I General provisions — statutory basis UIs typically clarify IMO RO Code Framework for Recognized Organisations acting for Flag States CE Oral Tip: Simon wants three crisp, distinct definitions — never blended. Prepare exactly one example each: UR M (machinery), PR 9 (ISM audits), UI SC ","Differentiate between an IACS Unified Requirement (UR), Procedural Requirement (PR), and Unified Interpretation (UI)."
QB1_H#q4,/meoclass1/QB1_H.html#q4,Rajappan,True,False,False,False,SUPPORTED_CE_TIP_MENTION,True,"Guidelines, 4th Ed. — winch brake render point (60% SDMBL). Ref: RightShip — What is Render Testing? ISO 3730:2012 Shipbuilding — mooring winches CE Oral Tip: Rajappan often frames this on an LNG carrier or large container vessel with extreme mooring forces. Emphasise you're checking the slip point,","Describe the windlass/mooring winch brake rendering test — purpose, calculation basis, and procedure."
QB1_H#q5,/meoclass1/QB1_H.html#q5,Nair,True,False,False,False,SUPPORTED_CE_TIP_MENTION,True,"nformation to be included in a Ship Construction File IACS Common Structural Rules (CSR) Tier IV class rules verified against GBS Tiers I–III CE Oral Tip: When Nair raises GBS, immediately state the scope limit — bulk carriers and tankers ≥150m only — before walking through the Five-Tier Hierarchy a",Explain the IMO Goal-Based Standards (GBS) framework — the five-tier hierarchy and its scope of application.
QB1_I#q1,/meoclass1/QB1_I.html#q1,Nair,True,False,False,False,SUPPORTED_CE_TIP_MENTION,False,"1 What is the ESP Code, in full? survey iacs Examiner: Nair 15-Second Answer The ESP Code is the International Code on the Enhanced Programme of Inspections during Surveys of Bulk Carriers and Oil Tankers, 2011 — IMO Res A.1049(27), mandatory under SOLAS","What is the ESP Code, in full?"
QB1_I#q2,/meoclass1/QB1_I.html#q2,Nair,True,False,False,False,SUPPORTED_CE_TIP_MENTION,False,"2 How will you register a second-hand ship acquisition in India? maritime law ship registration dgs order compliance Examiner: Nair 15-Second Answer Registering a second-hand vessel in India involves obtaining a Bill of Sale, securing an absolute release from the foreign registry, and ensuring the v",How will you register a second-hand ship acquisition in India?
QB1_I#q3,/meoclass1/QB1_I.html#q3,Simon,True,False,False,False,SUPPORTED_CE_TIP_MENTION,False,"3 Relation between DWT, NT, GT and lightweight — how are they related? naval architecture ship stability tonnage displacement Examiner: Simon 15-Second Answer Displacement represents the total weight of the ship, which is mathematically the sum of its Lightweight and Deadweight (DWT). Conversely, Gr","Relation between DWT, NT, GT and lightweight — how are they related?"
QB1_I#q4,/meoclass1/QB1_I.html#q4,Simon,True,False,False,False,SUPPORTED_CE_TIP_MENTION,False,4 Anniversary date of a certificate — how is it defined and used? certificates survey solas hssc Examiner: Simon 15-Second Answer The anniversary date is defined as the day and month of each year corresponding to the expiry date of the relevant permanent International Statutory Certificate. It estab,Anniversary date of a certificate — how is it defined and used?
QB1_I#q5,/meoclass1/QB1_I.html#q5,Nair,True,False,False,False,SUPPORTED_CE_TIP_MENTION,False,"5 Explain any renewal survey in detail as Chief Engineer. survey safety construction renewal compliance Examiner: Nair 15-Second Answer A renewal survey is a comprehensive statutory audit conducted every five years to verify that the vessel's hull, machinery, and critical safety systems fully comply",Explain any renewal survey in detail as Chief Engineer.
QB1_I#q6,/meoclass1/QB1_I.html#q6,Nair,True,False,False,False,SUPPORTED_CE_TIP_MENTION,False,6 IACS — what are its functions? class iacs international standards compliance Examiner: Nair 15-Second Answer The International Association of Classification Societies (IACS) acts as a technical advisory body that harmonizes the rules and standards established by its member societies. It,IACS — what are its functions?
QB1_K#q1,/meoclass1/QB1_K.html#q1,Simon,True,False,False,False,SUPPORTED_CE_TIP_MENTION,True,ining/authorization systems DGS/DGMA requirements (India) Flag-specific approval of ROs and their auditors for Indian-flag statutory certification CE Oral Tip (Simon): Simon likes the career-path framing — answer as the route you could take: management CoC + sea time → society training → ISO 19011 l,What qualifications are needed to become a Class auditor?
QB1_K#q2,/meoclass1/QB1_K.html#q2,Simon,True,False,False,False,SUPPORTED_CE_TIP_MENTION,True,"the statutory certificates it issued SOLAS I/11(c) Duty to report damage/defects affecting the ship — the trigger for the damage-related CoC route CE Oral Tip (Simon): Lead with the IACS harmonized definition — ""specific measures within a specific time limit to retain class"" — then the issuer (class","Condition of Class — who issues it, and when?"
QB1_K#q3,/meoclass1/QB1_K.html#q3,Simon,True,False,False,False,SUPPORTED_CE_TIP_MENTION,True,"egs and CII capacity MEPC CII guidelines (G1) Capacity = DWT for most ship types (GT for cruise ships and vehicle carriers) — the modern exam link CE Oral Tip (Simon): The one sentence that scores immediately: ""GT is a dimensionless volume index under the 1969 Tonnage Convention; DWT is a mass — dis",Difference between GT and DWT.
QB1_K#q4,/meoclass1/QB1_K.html#q4,Nair,True,True,False,False,STRONG_CE_TIP_ASSERTION,True,"e new tonnage SOLAS II-1 subdivision & II-2/10 (cargo) Safety framework scaling with ULCV size — subdivision and container-fire protection debates CE Oral Tip (Nair): Nair asked this on a container session — he wants the why in engineering-economic terms, not a list of ship names. Give the cube-squa","What is the recent trend in large container ship size, and why?"
QB1_K#q5,/meoclass1/QB1_K.html#q5,Simon,True,False,False,False,SUPPORTED_CE_TIP_MENTION,True,"th the IMO equipment classes IMCA M103 / MTS DP guidance Industry operational guidance — FMEA practice, annual DP trials, ASOG/CAM operating modes CE Oral Tip (Simon): The source session was a DP-2 vessel — answer as its engineer. Lead with the criterion, not the kit: ""DP-2 = no loss of position fro",Difference between DP-1 and DP-2.
QB1_K#q6,/meoclass1/QB1_K.html#q6,Paul,True,False,False,False,SUPPORTED_CE_TIP_MENTION,True,tability documentation basis Class Rules (loading manual/instrument) Approval of loading manual and loading instrument; permissible SWBM/SF limits CE Oral Tip (Paul): Don't machine-gun a flat list — give the five groups (arrangement / structure / strength / emergency / survey records) and one purpos,List the plans onboard related to ship structure.
QB1_K#q7,/meoclass1/QB1_K.html#q7,Paul,True,False,False,False,SUPPORTED_CE_TIP_MENTION,True,"ctice Maker's manual / approved PMS The governing document for brake-test values, maintenance intervals and safety-device settings — ship-specific CE Oral Tip (Paul): Open with the currency point — ""since 1 January 2026 this is directly SOLAS: new Reg. II-1/3-13"" — that alone signals an up-to-date c",What documents must be maintained for lifting appliances — and what does the CE check?
QB1_supplementary#q1,/meoclass1/QB1_supplementary.html#q1,Nair,False,False,False,False,WEAK_INCIDENTAL_MENTION,True,"l driver behind the ISM Code — a systemic failure of safety management, not a single mechanical fault, led to the Code's creation. 🔗 Examiner Chain (Kochi MMD) Nair: exact SOLAS chapter → define a Major Non-Conformity verbatim → how you handle a critical machinery breakdown under Section 10. 🚢 On My","As Chief Engineer, what are your ISM Survey duties in the Engine Room — beyond documentation and machinery checks?"
QB1_supplementary#q4,/meoclass1/QB1_supplementary.html#q4,Paul,False,False,False,False,WEAK_INCIDENTAL_MENTION,False,"agement is an overdue or uncredited item surfacing as a PSC deficiency or class condition of class, not a specific named casualty. 🔗 Examiner Chain (Kochi MMD) Paul: CMS vs Special Survey → items you're authorised to credit → what's excluded → what's currently overdue on your ship. 🚢 On My Vessel (M",Explain the CMS (Continuous Machinery Survey) scope. What can the CE survey? What must class surveyors survey? What is NOT covered by CMS?
QB1_supplementary#q5,/meoclass1/QB1_supplementary.html#q5,Rajappan,False,False,False,False,WEAK_INCIDENTAL_MENTION,True,"hertight closures is progressive downflooding in heavy weather, the exact scenario the ICLL closure requirements exist to prevent. 🔗 Examiner Chain (Kochi MMD) Rajappan: watertight vs weathertight definitions → how air pipe floats prevent progressive flooding → sketch a standard air pipe head closur",Load Line Survey preparations as Chief Engineer. What are your engine room responsibilities?
QB1_supplementary#q6,/meoclass1/QB1_supplementary.html#q6,Nair,False,False,False,False,WEAK_INCIDENTAL_MENTION,True,"of IOPP/OWS non-compliance is typically criminal prosecution and detention (magic-pipe cases), not a single named marine casualty. 🔗 Examiner Chain (Kochi MMD) Nair: IOPP Certificate Supplement contents (Form A) → 3-way valve response verification → audit an Oil Record Book entry. 🚢 On My Vessel (Ma",IOPP Survey preparation as Chief Engineer — complete checklist.
QB1_supplementary#q7,/meoclass1/QB1_supplementary.html#q7,Nair,False,False,False,False,WEAK_INCIDENTAL_MENTION,True,"ection-timing changes or tampering with abatement equipment — treat it as a compliance/enforcement risk, not a safety-of-life one. 🔗 Examiner Chain (Kochi MMD) Nair: NTF purpose → Tier applicability → EIAPP cross-check → NECA operation. Simon: engine cycle data → what settings are locked → consequen","NOx Technical File — what is it, what does it contain, and what does the surveyor check?"
QB1_supplementary#q7,/meoclass1/QB1_supplementary.html#q7,Simon,False,False,False,False,WEAK_INCIDENTAL_MENTION,False,"ompliance/enforcement risk, not a safety-of-life one. 🔗 Examiner Chain (Kochi MMD) Nair: NTF purpose → Tier applicability → EIAPP cross-check → NECA operation. Simon: engine cycle data → what settings are locked → consequence of unauthorised adjustment. 🚢 On My Vessel (Maersk Container) Confirm your","NOx Technical File — what is it, what does it contain, and what does the surveyor check?"
QB1_supplementary#q8,/meoclass1/QB1_supplementary.html#q8,Nair,False,False,False,False,WEAK_INCIDENTAL_MENTION,True,re quick-closing valves or remote FO shutdowns failed to operate) trace back directly to the systems SAFCON is designed to verify. 🔗 Examiner Chain (Kochi MMD) Nair: certificate name → issuing regulation → survey interval. Senthil: ER fire safety items → CO2 system checks → emergency shutdown testin,What is a SAFCON (Safety Construction) Survey? What does the surveyor check in the engine room?
QB1_supplementary#q8,/meoclass1/QB1_supplementary.html#q8,Senthil,False,False,False,False,WEAK_INCIDENTAL_MENTION,False,e) trace back directly to the systems SAFCON is designed to verify. 🔗 Examiner Chain (Kochi MMD) Nair: certificate name → issuing regulation → survey interval. Senthil: ER fire safety items → CO2 system checks → emergency shutdown testing. 🚢 On My Vessel (Maersk Container) Know the location and remo,What is a SAFCON (Safety Construction) Survey? What does the surveyor check in the engine room?
QB1_supplementary#q2,/meoclass1/QB1_supplementary.html#q2,Rajappan,False,False,False,False,WEAK_INCIDENTAL_MENTION,True,stability failure that stabilised near the angle of loll — a real-world illustration of what these six criteria exist to prevent. 🔗 Examiner Chain (Kochi MMD) Rajappan: recite all six criteria → draw the GZ curve marking each → weather criterion areas a/b → contents of the Stability Booklet. 🚢 On My,State the Intact Stability Criteria — IS Code 2008 (MSC.267(85)). Give all numerical values.
QB1_supplementary#q3,/meoclass1/QB1_supplementary.html#q3,Rajappan,False,False,False,False,WEAK_INCIDENTAL_MENTION,True,Ro survivability were major drivers behind the probabilistic method's development and harmonisation for passenger and cargo ships. 🔗 Examiner Chain (Kochi MMD) Rajappan: define A and R → the A formula and its three draughts → residual stability requirement in the final stage → contents of the Damage,State the Damage Stability Criteria for cargo ships under SOLAS 2009 amendments. What is A ≥ R?
QB1_supplementary#q9,/meoclass1/QB1_supplementary.html#q9,Rajappan,True,True,False,False,STRONG_CE_TIP_ASSERTION,True,"e safer the ship from flooding."" This one-sentence principle will satisfy most examiners — but be ready to pivot immediately to the probabilistic A≥R method if Rajappan asks which regime actually governs your vessel. ▶ Deep Dive 🔧 CE Relevance You won't calculate F operationally, but you must be abl",What is the Factor of Subdivision? How is it determined and what does a lower value indicate?
QB1_supplementary#q10,/meoclass1/QB1_supplementary.html#q10,Rajappan,False,False,False,False,WEAK_INCIDENTAL_MENTION,True,returns to zero and the ship can no longer right itself. GZ Curve — What It Represents All seven labelled features referenced below — draw this from memory for Rajappan. The GZ curve (righting lever curve) is the basic statical stability curve used in the IS Code 2008 to check compliance with intact,Draw and explain the GZ / Statical Stability Curve. Label all key points.
QB1_supplementary#q11,/meoclass1/QB1_supplementary.html#q11,Rajappan,False,False,False,False,WEAK_INCIDENTAL_MENTION,True,"correctly digitised hydrostatic dataset feeding a loading computer, producing an inaccurate GZ curve for a real loading condition. 🔗 Examiner Chain (Kochi MMD) Rajappan: what are cross curves → how constructed → formula to derive GZ → why calculated only once. 🚢 On My Vessel (Maersk Container) Your ",What are Cross Curves of Stability (KN Curves)? How are they constructed and used?
QB1_supplementary#q12,/meoclass1/QB1_supplementary.html#q12,Rajappan,False,False,False,False,WEAK_INCIDENTAL_MENTION,True,k created a massive free-surface effect that capsized the ferry within minutes — the standard casualty reference for FSE severity. 🔗 Examiner Chain (Kochi MMD) Rajappan: FSE definition → formula → effect on GM → three practical mitigation measures. 🚢 On My Vessel (Maersk Container) Know which ballas,"Explain Free Surface Effect — formula, effect on GM, and how to reduce it."
QB1_supplementary#q13,/meoclass1/QB1_supplementary.html#q13,Rajappan,False,False,False,False,WEAK_INCIDENTAL_MENTION,True,"ast exchange and stabilised at roughly 60° heel — recovery required careful, sequenced DB tank filling exactly per this procedure. 🔗 Examiner Chain (Kochi MMD) Rajappan: define loll → cause → GZ curve appearance → step-by-step corrective sequence → why not high tanks first. 🚢 On My Vessel (Maersk Co","What is Angle of Loll? Cause, recognition, and correct corrective actions — in full."
QB1_supplementary#q14,/meoclass1/QB1_supplementary.html#q14,Rajappan,False,False,False,False,WEAK_INCIDENTAL_MENTION,True,"ic (energy) effects, not a single static GZ snapshot, are what actually cause a vessel to reach dangerous heel angles in a seaway. 🔗 Examiner Chain (Kochi MMD) Rajappan: define dynamic stability → contrast with static → link to area criteria → link to weather criterion. 🚢 On My Vessel (Maersk Contai",What is Dynamic Stability? How does it differ from static stability and why does it matter?
QB1_supplementary#q15,/meoclass1/QB1_supplementary.html#q15,Rajappan,False,False,False,False,WEAK_INCIDENTAL_MENTION,True,factor in several stability-related casualty investigations where actual KG exceeded the booklet value used for loading decisions. 🔗 Examiner Chain (Kochi MMD) Rajappan: purpose → principle/formula → pre-test checks → conditions requiring repeat. 🚢 On My Vessel (Maersk Container) Locate your vessel',"What is an Inclining Experiment? Purpose, principle, pre-inclining checks, and when must it be repeated?"
QB1_supplementary#q16,/meoclass1/QB1_supplementary.html#q16,Senthil,False,False,False,False,WEAK_INCIDENTAL_MENTION,False,"highlights why clear, accessible damage control information and closure status awareness are safety-critical, not administrative. 🔗 Examiner Chain (Kochi MMD) Senthil: where the plan is kept → response to a continuous cargo hold bilge alarm → cross-referencing the booklet for cross-flooding. 🚢 On My","Contents of the Damage Control Plan. What must it contain per SOLAS, and where must it be kept?"
QB1_supplementary#q17,/meoclass1/QB1_supplementary.html#q17,Rajappan,False,False,False,False,WEAK_INCIDENTAL_MENTION,True,l risk is delayed or inaccurate damage assessment after a grounding or contact incident if the plan isn't available or understood. 🔗 Examiner Chain (Kochi MMD) Rajappan: hands you a drawing → define a strake → keel plate representation → locate Frame 0 and explain negative frames. 🚢 On My Vessel (Ma,"What is the Shell Expansion Plan? How is it used, and what is Frame Number 0?"
QB1_supplementary#q18,/meoclass1/QB1_supplementary.html#q18,Rajappan,False,False,False,False,WEAK_INCIDENTAL_MENTION,True,"(1912): the historical driver for subdivision and collision bulkhead requirements generally, following catastrophic bow flooding. 🔗 Examiner Chain (Kochi MMD) Rajappan: draw the forward region → define FP → calculate the permissible zone for a given ship length → permitted penetrations. 🚢 On My Vess","SOLAS requirements for the Collision Bulkhead: position from FP, height, and permitted openings."
QB1_supplementary#q19,/meoclass1/QB1_supplementary.html#q19,Simon,False,False,False,True,WEAK_COMPARATIVE_MENTION,False,ficiency indicator; its practical consequence is excess fuel consumption and engine overload risk rather than a specific casualty. 🔗 Examiner Chain (Kochi MMD) Simon: define pitch and slip mathematically → why zero slip is impossible in real water → link high slip to exhaust thermal limits and fuel ,What is Propeller Blade Pitch Ratio (P/D)? Effect on efficiency and what is positive slip?
QB1_supplementary#q20,/meoclass1/QB1_supplementary.html#q20,Paul,False,False,False,True,WEAK_COMPARATIVE_MENTION,False,"il shaft survey is undetected fatigue cracking, which risks catastrophic shaft failure at sea rather than a single named incident. 🔗 Examiner Chain (Kochi MMD) Paul: poker gauge reading procedure → wear-down checks → action if the aft seal leaks oil to sea → requirements for an extended condition-mo","Tail Shaft Survey — what is it, when is it due, and what is the complete procedure?"
QB2_A#q1,/meoclass1/QB2_A.html#q1,Nair,True,False,False,True,WEAK_COMPARATIVE_MENTION,False,"e of Cargo), aligned with DGMA circulars. Inspection Standards ISO 1496 Series (Series 1 freight containers — Specification and testing). CE Oral Tip: Examiner Nair frequently jumps from the CSC plate directly to the distinction between ACEP and PES. Do not confuse the two. Clearly state that ACEP d","CSC Convention — what it covers, container testing, approval methods, certification, and how reefer container testing differs."
QB2_A#q1,/meoclass1/QB2_A.html#q1,Simon,False,False,False,False,WEAK_INCIDENTAL_MENTION,True,"red container weights and containers with degraded structural integrity that collapsed down the stacks, altering dynamic loading calculations. 🔗 Examiner Chain Simon/Senthil usually follow this progression: CSC Plate contents → Difference between PES and ACEP → Reefer machinery protection frames → H","CSC Convention — what it covers, container testing, approval methods, certification, and how reefer container testing differs."
QB2_A#q1,/meoclass1/QB2_A.html#q1,Senthil,False,False,False,False,WEAK_INCIDENTAL_MENTION,True,"ntainer weights and containers with degraded structural integrity that collapsed down the stacks, altering dynamic loading calculations. 🔗 Examiner Chain Simon/Senthil usually follow this progression: CSC Plate contents → Difference between PES and ACEP → Reefer machinery protection frames → How to ","CSC Convention — what it covers, container testing, approval methods, certification, and how reefer container testing differs."
QB2_A#q2,/meoclass1/QB2_A.html#q2,Nair,False,False,False,False,WEAK_INCIDENTAL_MENTION,False,"ations due to systemic container weight misdeclarations, where actual weights exceeded the manifest by up to 50 tonnes across individual bays. 🔗 Examiner Chain Nair/Simon follow this track: Who signs the VGM? → Can the ship weigh it? → What happens to the lashing calculations if the bottom container","VGM — who is responsible, two certified methods, CE's verification duties, master's authority to reject, and dangers of misdeclaration."
QB2_A#q2,/meoclass1/QB2_A.html#q2,Simon,False,False,False,False,WEAK_INCIDENTAL_MENTION,True,"s due to systemic container weight misdeclarations, where actual weights exceeded the manifest by up to 50 tonnes across individual bays. 🔗 Examiner Chain Nair/Simon follow this track: Who signs the VGM? → Can the ship weigh it? → What happens to the lashing calculations if the bottom container is 5","VGM — who is responsible, two certified methods, CE's verification duties, master's authority to reject, and dangers of misdeclaration."
QB2_A#q2,/meoclass1/QB2_A.html#q2,Rajappan,True,True,False,False,STRONG_CE_TIP_ASSERTION,False,"hipping Notice on VGM compliance metrics. Port State Control Hard target parameter during structural and administrative safety audits. CE Oral Tip: If Examiner Rajappan asks: ""The terminal scale shows a weight 2 tonnes heavier than the shipper's signed Method 2 VGM document. Which one do you use?"" A","VGM — who is responsible, two certified methods, CE's verification duties, master's authority to reject, and dangers of misdeclaration."
QB2_A#q3,/meoclass1/QB2_A.html#q3,Simon,False,False,False,False,WEAK_INCIDENTAL_MENTION,True,"ner corner posts collapsed due to undetected localized corrosion, which reduced their original 6 mm thickness profile below safety thresholds. 🔗 Examiner Chain Simon/Rajappan trend: Corten material mechanics → Wall thicknesses → Structural repair limits → Hot work safety certificates inside containe","Container material — why Corten steel, key properties, wall thickness by component, and why corrugation is used."
QB2_A#q3,/meoclass1/QB2_A.html#q3,Rajappan,False,False,False,False,WEAK_INCIDENTAL_MENTION,False,"rner posts collapsed due to undetected localized corrosion, which reduced their original 6 mm thickness profile below safety thresholds. 🔗 Examiner Chain Simon/Rajappan trend: Corten material mechanics → Wall thicknesses → Structural repair limits → Hot work safety certificates inside container hold","Container material — why Corten steel, key properties, wall thickness by component, and why corrugation is used."
QB2_A#q3,/meoclass1/QB2_A.html#q3,Senthil,True,True,False,False,STRONG_CE_TIP_ASSERTION,True,"g and Hull Interface Stresses. Material Standard ASTM A588 / A242 (Standard specifications for high-strength low-alloy structural steel). CE Oral Tip: Examiner Senthil loves to ask: ""If Corten steel forms its own protective layer, why do we still paint containers?"" Your answer must be precise: The s","Container material — why Corten steel, key properties, wall thickness by component, and why corrugation is used."
QB2_A#q4,/meoclass1/QB2_A.html#q4,Nair,False,False,False,False,WEAK_INCIDENTAL_MENTION,True,"s or fraudulent container cloning allowed undeclared hazardous materials to bypass customs, resulting in subsequent shipboard hold explosions. 🔗 Examiner Chain Nair/Senthil usually follow this track: Explain ISO 6346 → What does 'U' stand for? → How does a terminal track container positions? → How d","Container tracking — who tracks them, for what purpose, and what technology is used including ISO 6346."
QB2_A#q4,/meoclass1/QB2_A.html#q4,Simon,True,True,False,False,STRONG_CE_TIP_ASSERTION,False,"omated manifest exchange). WCO Framework World Customs Organization SAFE Framework of Standards to secure and facilitate global trade. CE Oral Tip: If Examiner Simon asks you: ""What is the practical purpose of the Check Digit, and how does it affect you as Chief Engineer?"" state clearly: The check d","Container tracking — who tracks them, for what purpose, and what technology is used including ISO 6346."
QB2_A#q4,/meoclass1/QB2_A.html#q4,Senthil,False,False,False,False,WEAK_INCIDENTAL_MENTION,False,"fraudulent container cloning allowed undeclared hazardous materials to bypass customs, resulting in subsequent shipboard hold explosions. 🔗 Examiner Chain Nair/Senthil usually follow this track: Explain ISO 6346 → What does 'U' stand for? → How does a terminal track container positions? → How do sma","Container tracking — who tracks them, for what purpose, and what technology is used including ISO 6346."
QB2_A#q5,/meoclass1/QB2_A.html#q5,Nair,True,True,False,False,STRONG_CE_TIP_ASSERTION,True,"ding mandatory reporting systems for lost containers. ISM Code Section 8 (Emergency Preparedness guidelines and mandatory safety checklists). CE Oral Tip: When Nair or Senthil asks about a container loss, ensure you emphasize checking MARPOL Annex III items . You must demonstrate the awareness that ",Container lost at sea — what are all your actions as Chief Engineer?
QB2_A#q5,/meoclass1/QB2_A.html#q5,Simon,False,False,False,False,WEAK_INCIDENTAL_MENTION,False,"equiring extensive shipboard engineering stabilization, hold bilge monitoring, and structural evaluations before arriving at a safe port. 🔗 Examiner Chain Nair/Simon follow this line: Container falls overboard → Action as CE → Trap: Pumping ballast for list → Punctured fuel tank vent actions → Seawa",Container lost at sea — what are all your actions as Chief Engineer?
QB2_A#q5,/meoclass1/QB2_A.html#q5,Senthil,True,True,False,False,STRONG_CE_TIP_ASSERTION,False,"datory reporting systems for lost containers. ISM Code Section 8 (Emergency Preparedness guidelines and mandatory safety checklists). CE Oral Tip: When Nair or Senthil asks about a container loss, ensure you emphasize checking MARPOL Annex III items . You must demonstrate the awareness that if any o",Container lost at sea — what are all your actions as Chief Engineer?
QB2_A#q6,/meoclass1/QB2_A.html#q6,Nair,False,False,False,False,WEAK_INCIDENTAL_MENTION,False,"f traditional shipboard firefighting equipment, directly accelerating the IMO's implementation of water lances and enhanced monitor standards. 🔗 Examiner Chain Nair/Senthil follow this track: What are the latest SOLAS updates for containers? → Detail the lost container reporting rules → How do you t",Recent container vessel safety developments — latest SOLAS amendments and IMO guidance.
QB2_A#q6,/meoclass1/QB2_A.html#q6,Rajappan,True,True,False,False,STRONG_CE_TIP_ASSERTION,True,"y interfaces. IMDG Integration Regular biennial updates adding strict checking protocols for lithium-ion battery transport profiles. CE Oral Tip: When Examiner Rajappan asks: ""What is the latest firefighting amendment for container ships?"" do not just talk about hoses and fire pumps. Specifically fo",Recent container vessel safety developments — latest SOLAS amendments and IMO guidance.
QB2_A#q6,/meoclass1/QB2_A.html#q6,Senthil,False,False,False,False,WEAK_INCIDENTAL_MENTION,True,"ditional shipboard firefighting equipment, directly accelerating the IMO's implementation of water lances and enhanced monitor standards. 🔗 Examiner Chain Nair/Senthil follow this track: What are the latest SOLAS updates for containers? → Detail the lost container reporting rules → How do you test a",Recent container vessel safety developments — latest SOLAS amendments and IMO guidance.
QB2_A#q7,/meoclass1/QB2_A.html#q7,Nair,True,False,False,False,SUPPORTED_CE_TIP_MENTION,False,um battery fires). Emergency Schedules EmS Fire Schedule F-A (General Fire Schedule) and Spill Schedule S-I (Flammable Toxic Substances). CE Oral Tip: Examiner Nair often focuses on the toxicity of the smoke during Class 9 battery incidents. Always state that your engineering team preparing to assis,Li-ion battery fire on a container vessel — thermal runaway mechanism and CE's actions.
QB2_A#q7,/meoclass1/QB2_A.html#q7,Simon,False,False,False,False,WEAK_INCIDENTAL_MENTION,False,"exacerbated by numerous electric vehicles undergoing thermal runaway, ultimately leading to the total loss and sinking of the vessel. 🔗 Examiner Chain Senthil/Simon follow this sequence: Define thermal runaway → Why doesn't CO2 work? → Actions for hold ventilation → Managing stability and bilge wate",Li-ion battery fire on a container vessel — thermal runaway mechanism and CE's actions.
QB2_A#q7,/meoclass1/QB2_A.html#q7,Senthil,False,False,False,False,WEAK_INCIDENTAL_MENTION,False,"rgo fire exacerbated by numerous electric vehicles undergoing thermal runaway, ultimately leading to the total loss and sinking of the vessel. 🔗 Examiner Chain Senthil/Simon follow this sequence: Define thermal runaway → Why doesn't CO2 work? → Actions for hold ventilation → Managing stability and b",Li-ion battery fire on a container vessel — thermal runaway mechanism and CE's actions.
QB2_A#q8,/meoclass1/QB2_A.html#q8,Nair,False,False,False,False,WEAK_INCIDENTAL_MENTION,False,"s, resulting in a prolonged, multi-day firefighting operation that highlighted the extreme difficulty of tackling large-scale container fires. 🔗 Examiner Chain Nair/Rajappan follow this sequence: What causes deck fires? → Explain EmS breakdown → How do you handle a fire in a container stacked 5-high","Container deck fire — major reasons, EmS structure, and firefighting procedure."
QB2_A#q8,/meoclass1/QB2_A.html#q8,Simon,True,True,False,False,STRONG_CE_TIP_ASSERTION,False,"International Code for Fire Safety Systems (FSS Code). Safety Matrix Shipboard Fire Control Plan approved by Classification Societies. CE Oral Tip: If Examiner Simon asks: ""You have a deck fire on a container whose manifest is missing, and you cannot find its EmS code. What is your default firefight","Container deck fire — major reasons, EmS structure, and firefighting procedure."
QB2_A#q8,/meoclass1/QB2_A.html#q8,Rajappan,False,False,False,False,WEAK_INCIDENTAL_MENTION,True,"sulting in a prolonged, multi-day firefighting operation that highlighted the extreme difficulty of tackling large-scale container fires. 🔗 Examiner Chain Nair/Rajappan follow this sequence: What causes deck fires? → Explain EmS breakdown → How do you handle a fire in a container stacked 5-high? → S","Container deck fire — major reasons, EmS structure, and firefighting procedure."
QB2_A#q9,/meoclass1/QB2_A.html#q9,Nair,False,False,False,False,WEAK_INCIDENTAL_MENTION,True,"ainer stowed inside a cargo hold, resulting in extensive structural hull damage and demonstrating the danger of inaccurate IMDG documentation. 🔗 Examiner Chain Nair/Simon follow this track: What is the legal structure of the IMDG Code? → Differentiate between 'Away From' and 'Separated From' → What ","IMDG Code — documents, certificates, marking, labelling, UN numbers, segregation codes, and latest amendments."
QB2_A#q9,/meoclass1/QB2_A.html#q9,Simon,False,False,False,False,WEAK_INCIDENTAL_MENTION,False,"stowed inside a cargo hold, resulting in extensive structural hull damage and demonstrating the danger of inaccurate IMDG documentation. 🔗 Examiner Chain Nair/Simon follow this track: What is the legal structure of the IMDG Code? → Differentiate between 'Away From' and 'Separated From' → What is the","IMDG Code — documents, certificates, marking, labelling, UN numbers, segregation codes, and latest amendments."
QB2_A#q9,/meoclass1/QB2_A.html#q9,Senthil,True,True,False,False,STRONG_CE_TIP_ASSERTION,False,"nnial amendment cycles. National Enforcement Merchant Shipping (Carriage of Dangerous Goods) Rules, monitored by Port State Control. CE Oral Tip: When Examiner Senthil asks about the latest updates to the IMDG Code, emphasize that amendments follow a strict biennial cycle . Every even-numbered year ","IMDG Code — documents, certificates, marking, labelling, UN numbers, segregation codes, and latest amendments."
QB2_A#q10,/meoclass1/QB2_A.html#q10,Nair,True,True,False,False,STRONG_CE_TIP_ASSERTION,False,"ading and Unloading of Bulk Carriers (BLU Code). Structural Standard SOLAS Chapter XII (Additional safety measures for bulk carriers). CE Oral Tip: If Examiner Nair asks you: ""The shipper provides a moisture certificate that is 10 days old, but the cargo looks completely dry on the jetty. Will you l","IMSBC Code — BLU Code, Group A/B/C classification, TML and Moisture Certificate, codes applicable to bulk carriers."
QB2_A#q10,/meoclass1/QB2_A.html#q10,Simon,False,False,False,False,WEAK_INCIDENTAL_MENTION,True,"ew members due to catastrophic liquefaction of a nickel ore cargo, which caused a sudden, unrecoverable list that overwhelmed the vessel. 🔗 Examiner Chain Nair/Simon follow this track: Explain IMSBC Groups → Define TML vs. FMP → Show the mathematical relationship → Detail the 7-day moisture sampling","IMSBC Code — BLU Code, Group A/B/C classification, TML and Moisture Certificate, codes applicable to bulk carriers."
QB2_A#q11,/meoclass1/QB2_A.html#q11,Nair,False,False,False,False,WEAK_INCIDENTAL_MENTION,False,"ability degradation under severe weather, highlighting the necessity of strict compliance with grain loading codes and hull stress monitoring. 🔗 Examiner Chain Nair/Simon follow this track: Explain the grain void phenomenon → State the 3 stability rules → What is a Document of Authorisation? → How d","Grain Code — intact stability criteria, grain heeling moment mechanism, and Document of Authorisation."
QB2_A#q11,/meoclass1/QB2_A.html#q11,Simon,False,False,False,False,WEAK_INCIDENTAL_MENTION,True,"ty degradation under severe weather, highlighting the necessity of strict compliance with grain loading codes and hull stress monitoring. 🔗 Examiner Chain Nair/Simon follow this track: Explain the grain void phenomenon → State the 3 stability rules → What is a Document of Authorisation? → How do you","Grain Code — intact stability criteria, grain heeling moment mechanism, and Document of Authorisation."
QB2_A#q11,/meoclass1/QB2_A.html#q11,Senthil,True,True,False,False,STRONG_CE_TIP_ASSERTION,True,"y Document Document of Authorisation for the Carriage of Grain. Stability Standard International Code on Intact Stability (2008 IS Code). CE Oral Tip: Examiner Senthil frequently asks: ""What is the difference between a 'Filled' hold and a 'Partly Filled' hold in the Grain stability book?"" Ensure you","Grain Code — intact stability criteria, grain heeling moment mechanism, and Document of Authorisation."
QB2_A#q12,/meoclass1/QB2_A.html#q12,Nair,False,False,False,False,WEAK_INCIDENTAL_MENTION,False,ull failure and capsized in the South Atlantic due to catastrophic hull girder buckling under intense hydrodynamic and cargo loading stresses. 🔗 Examiner Chain Nair/Simon follow this line: Define high-density cargo thresholds → Differentiate local vs. global hull stress → Explain why alternate hold ,"High density cargo in IMSBC — definition, restriction criteria, and local vs global structural strength."
QB2_A#q12,/meoclass1/QB2_A.html#q12,Simon,False,False,False,False,WEAK_INCIDENTAL_MENTION,True,ailure and capsized in the South Atlantic due to catastrophic hull girder buckling under intense hydrodynamic and cargo loading stresses. 🔗 Examiner Chain Nair/Simon follow this line: Define high-density cargo thresholds → Differentiate local vs. global hull stress → Explain why alternate hold loadi,"High density cargo in IMSBC — definition, restriction criteria, and local vs global structural strength."
QB2_A#q12,/meoclass1/QB2_A.html#q12,Rajappan,True,True,False,False,STRONG_CE_TIP_ASSERTION,False,"S Common Structural Rules (CSR) for Bulk Carriers. Stability Interface Mandatory Loadicator verification under Class monitoring rules. CE Oral Tip: If Examiner Rajappan asks: ""How do you physically verify the density of a bulk cargo if you suspect the shipper's declaration is incorrect?"" Explain the","High density cargo in IMSBC — definition, restriction criteria, and local vs global structural strength."
QB2_A#q13,/meoclass1/QB2_A.html#q13,Nair,True,False,False,False,SUPPORTED_CE_TIP_MENTION,False,"rovisions for ships certified with Timber Load Lines). IMSBC Reference Definition boundaries for cohesive vs. non-cohesive bulk matrices. CE Oral Tip: Examiner Nair frequently tests candidates by asking: ""If a vessel carrying a heavy deck cargo of logs develops a persistent list mid-voyage due to wa",Cohesive cargo — definition. Can you carry logs in a bulk carrier and what are the precautions?
QB2_A#q13,/meoclass1/QB2_A.html#q13,Simon,False,False,False,False,WEAK_INCIDENTAL_MENTION,True,"ings snapped during heavy weather, allowing the shifting log stacks to break side stanchions and pull the vessel past its down-flooding angle. 🔗 Examiner Chain Simon/Senthil follow this track: Define cohesive bulk materials → Transition to timber cargo risks → Explain the 15% water absorption calcul",Cohesive cargo — definition. Can you carry logs in a bulk carrier and what are the precautions?
QB2_A#q13,/meoclass1/QB2_A.html#q13,Senthil,False,False,False,False,WEAK_INCIDENTAL_MENTION,False,"napped during heavy weather, allowing the shifting log stacks to break side stanchions and pull the vessel past its down-flooding angle. 🔗 Examiner Chain Simon/Senthil follow this track: Define cohesive bulk materials → Transition to timber cargo risks → Explain the 15% water absorption calculation ",Cohesive cargo — definition. Can you carry logs in a bulk carrier and what are the precautions?
QB2_A#q14,/meoclass1/QB2_A.html#q14,Nair,False,False,False,True,WEAK_COMPARATIVE_MENTION,False,"spills into coastal waters during low-speed impacts, whereas older single-skin configurations caused catastrophic local environmental damage. 🔗 Examiner Chain Nair/Rajappan follow this sequence: Explain IBC Code ship types → Detail the contents of Chapter 17 → Differentiate IBC from BCH → Review the","IBC Code — Chapters 17/18/19, ship types 1/2/3, and difference from BCH Code."
QB2_A#q14,/meoclass1/QB2_A.html#q14,Simon,True,True,False,False,STRONG_CE_TIP_ASSERTION,True,"cals in Bulk (IBC Code). Legacy Code Code for the Construction and Equipment of Ships Carrying Dangerous Chemicals in Bulk (BCH Code). CE Oral Tip: If Examiner Simon asks you: ""Can you carry a Chapter 17 Type 1 cargo inside a Type 2 or Type 3 chemical tanker tank?"" The answer is an absolute no. The ","IBC Code — Chapters 17/18/19, ship types 1/2/3, and difference from BCH Code."
QB2_A#q14,/meoclass1/QB2_A.html#q14,Rajappan,False,False,False,True,WEAK_COMPARATIVE_MENTION,False,"ls into coastal waters during low-speed impacts, whereas older single-skin configurations caused catastrophic local environmental damage. 🔗 Examiner Chain Nair/Rajappan follow this sequence: Explain IBC Code ship types → Detail the contents of Chapter 17 → Differentiate IBC from BCH → Review the eng","IBC Code — Chapters 17/18/19, ship types 1/2/3, and difference from BCH Code."
QB2_A#q15,/meoclass1/QB2_A.html#q15,Nair,False,False,False,False,WEAK_INCIDENTAL_MENTION,False,ions with updated listings on the ICOF attachment remains a leading cause of immediate commercial vessel detentions in major industrial ports. 🔗 Examiner Chain Nair/Simon follow this track: What is the full name of ICOF? → Detail its survey cycle under HSSC → What happens if you miss an annual surve,"ICOF — full name, who issues, contents, validity, and survey cycle."
QB2_A#q15,/meoclass1/QB2_A.html#q15,Simon,False,False,False,False,WEAK_INCIDENTAL_MENTION,True,with updated listings on the ICOF attachment remains a leading cause of immediate commercial vessel detentions in major industrial ports. 🔗 Examiner Chain Nair/Simon follow this track: What is the full name of ICOF? → Detail its survey cycle under HSSC → What happens if you miss an annual survey win,"ICOF — full name, who issues, contents, validity, and survey cycle."
QB2_A#q15,/meoclass1/QB2_A.html#q15,Senthil,True,True,False,False,STRONG_CE_TIP_ASSERTION,True,"e inspections. DGMA RO Authorization Legal basis for RO (e.g. IRS) issuance of ICOF on behalf of DGMA for Indian-flag chemical tankers CE Oral Tip: If Examiner Senthil asks you: ""You are the Chief Engineer on a chemical tanker, and the charterer wants to load a cargo that is perfectly safe but missi","ICOF — full name, who issues, contents, validity, and survey cycle."
QB2_A#q16,/meoclass1/QB2_A.html#q16,Nair,True,True,False,False,STRONG_CE_TIP_ASSERTION,False,"15 (Cargo Record Book entry criteria). Port State Control Hard baseline document verified against live cargo pump-room piping arrays. CE Oral Tip: If Examiner Nair asks you: ""The P&A Manual says a specific tank must have less than 75 liters of residue left after stripping, but your physical sounding","P&A Manual — purpose, who provides it, and what are its contents?"
QB2_A#q16,/meoclass1/QB2_A.html#q16,Simon,False,False,False,False,WEAK_INCIDENTAL_MENTION,True,k washing operations were executed using durations or temperatures that deviated from the minimum parameters set out in the ship's P&A Manual. 🔗 Examiner Chain Simon/Senthil follow this track: What is the purpose of the P&A Manual? → Who approves it? → Link to the Cargo Record Book entries → Enginee,"P&A Manual — purpose, who provides it, and what are its contents?"
QB2_A#q16,/meoclass1/QB2_A.html#q16,Senthil,False,False,False,False,WEAK_INCIDENTAL_MENTION,False,ing operations were executed using durations or temperatures that deviated from the minimum parameters set out in the ship's P&A Manual. 🔗 Examiner Chain Simon/Senthil follow this track: What is the purpose of the P&A Manual? → Who approves it? → Link to the Cargo Record Book entries → Engineering m,"P&A Manual — purpose, who provides it, and what are its contents?"
QB2_A#q17,/meoclass1/QB2_A.html#q17,Nair,False,False,False,False,WEAK_INCIDENTAL_MENTION,False,ers who attempted to bypass the underwater discharge system by pumping chemical or oil residues through deck-level fire lines while at anchor. 🔗 Examiner Chain Nair/Rajappan follow this sequence: Why does MARPOL Annex II use L/NM instead of ppm? → What is the minimum speed required? → Explain how UN,"Chemical tanker discharge control — why 50 NM in special areas, why instantaneous rate (not ppm), and UNCLOS link."
QB2_A#q17,/meoclass1/QB2_A.html#q17,Simon,True,False,False,False,SUPPORTED_CE_TIP_MENTION,True,"through the certified Underwater Discharge Outlet only. Enforcement Interface Port State Control tracking via automated log auditing. CE Oral Tip: If Examiner Simon traps you by asking: ""You are drifting with the main engine stopped, waiting for orders, and your slop tank is full. Can you discharge ","Chemical tanker discharge control — why 50 NM in special areas, why instantaneous rate (not ppm), and UNCLOS link."
QB2_A#q17,/meoclass1/QB2_A.html#q17,Rajappan,False,False,False,False,WEAK_INCIDENTAL_MENTION,False,ho attempted to bypass the underwater discharge system by pumping chemical or oil residues through deck-level fire lines while at anchor. 🔗 Examiner Chain Nair/Rajappan follow this sequence: Why does MARPOL Annex II use L/NM instead of ppm? → What is the minimum speed required? → Explain how UNCLOS ,"Chemical tanker discharge control — why 50 NM in special areas, why instantaneous rate (not ppm), and UNCLOS link."
QB2_A#q18,/meoclass1/QB2_A.html#q18,Nair,False,False,False,False,WEAK_INCIDENTAL_MENTION,False,ns entered in the Cargo Record Book and the actual steam or water volumetric totals logged in the engine room's boiler and flow meter records. 🔗 Examiner Chain Nair/Simon follow this track: What is a Category X cargo? → Walk through the mandatory port pre-wash sequence → State the maximum allowed ef,Type 1 chemical tanker — tank washing and discharge criteria for Category X cargo.
QB2_A#q18,/meoclass1/QB2_A.html#q18,Simon,False,False,False,False,WEAK_INCIDENTAL_MENTION,True,tered in the Cargo Record Book and the actual steam or water volumetric totals logged in the engine room's boiler and flow meter records. 🔗 Examiner Chain Nair/Simon follow this track: What is a Category X cargo? → Walk through the mandatory port pre-wash sequence → State the maximum allowed effluen,Type 1 chemical tanker — tank washing and discharge criteria for Category X cargo.
QB2_A#q18,/meoclass1/QB2_A.html#q18,Senthil,True,True,False,False,STRONG_CE_TIP_ASSERTION,False,"ntries verified by an independent authorized surveyor. Enforcement Body Port State Control and local Coast Guard environmental divisions. CE Oral Tip: Examiner Senthil often asks: ""Who pays for and verifies the Category X concentration test at the discharge berth?"" Your response must show an underst",Type 1 chemical tanker — tank washing and discharge criteria for Category X cargo.
QB2_A#q19,/meoclass1/QB2_A.html#q19,Nair,True,False,False,False,SUPPORTED_CE_TIP_MENTION,False,"odifications alter the ship's internal volume profiles. Enforcement Interface Port State Control tonnage validation under flag protocols. CE Oral Tip: Examiner Nair often presents this trick scenario: ""You add a new enclosed deck storage locker on top of the accommodation block. Does this change you","GT and NT — how are they calculated, why is GT always bigger, and what dues are based on each?"
QB2_A#q19,/meoclass1/QB2_A.html#q19,Simon,False,False,False,False,WEAK_INCIDENTAL_MENTION,True,have historically led to severe financial penalties and port detentions when custom authorities audit unlogged structural modifications. 🔗 Examiner Chain Nair/Simon follow this track: Define GT vs NT → Write down the GT formula variables → Explain the 30% floor rule → Identify which dues are calcula,"GT and NT — how are they calculated, why is GT always bigger, and what dues are based on each?"
QB2_A#q20,/meoclass1/QB2_A.html#q20,Nair,False,False,False,False,WEAK_INCIDENTAL_MENTION,False,"ered extreme parametric rolling, resulting in the loss of over 400 containers and catastrophic structural damage to the remaining deck stacks. 🔗 Examiner Chain Nair/Senthil follow this sequence: Define parametric rolling → Explain the waterplane variation mechanism → Why are container ships vulnerab","Parametric rolling — cause, mechanism, why container ships are susceptible, cargo consequences, and CE's correction."
QB2_A#q20,/meoclass1/QB2_A.html#q20,Simon,True,True,False,False,STRONG_CE_TIP_ASSERTION,True,"nal Code on Intact Stability, 2008 (Section addressing dynamic rolling). Safety Management ISM Code emergency weather response protocols. CE Oral Tip: Examiner Simon often asks: ""If you are running at high speed in head seas and parametric rolling starts, should you speed up or slow down?"" Your best","Parametric rolling — cause, mechanism, why container ships are susceptible, cargo consequences, and CE's correction."
QB2_A#q20,/meoclass1/QB2_A.html#q20,Senthil,False,False,False,False,WEAK_INCIDENTAL_MENTION,False,"extreme parametric rolling, resulting in the loss of over 400 containers and catastrophic structural damage to the remaining deck stacks. 🔗 Examiner Chain Nair/Senthil follow this sequence: Define parametric rolling → Explain the waterplane variation mechanism → Why are container ships vulnerable? →","Parametric rolling — cause, mechanism, why container ships are susceptible, cargo consequences, and CE's correction."
QB2_A#q21,/meoclass1/QB2_A.html#q21,Nair,False,False,False,False,WEAK_INCIDENTAL_MENTION,False,"nisms allowed water to overwhelm the weathertight car deck doors, leading to rapid accumulation of water and a catastrophic loss of stability. 🔗 Examiner Chain Nair/Simon follow this track: Define watertight vs. weathertight → State the technical hose test parameters → Explain how ultrasonic testing","Watertight vs weathertight — definitions, differences, and test methods."
QB2_A#q21,/meoclass1/QB2_A.html#q21,Simon,False,False,False,False,WEAK_INCIDENTAL_MENTION,True,"allowed water to overwhelm the weathertight car deck doors, leading to rapid accumulation of water and a catastrophic loss of stability. 🔗 Examiner Chain Nair/Simon follow this track: Define watertight vs. weathertight → State the technical hose test parameters → Explain how ultrasonic testing works","Watertight vs weathertight — definitions, differences, and test methods."
QB2_A#q21,/meoclass1/QB2_A.html#q21,Rajappan,True,False,False,False,SUPPORTED_CE_TIP_MENTION,False,"g procedures for watertight structures). Safety Ledger Standard Log Book records capturing routine inspections of watertight closures. CE Oral Tip: If Examiner Rajappan traps you by asking: ""Can you use a standard weathertight cargo hatch cover as a watertight division if you add extra heavy turnbuc","Watertight vs weathertight — definitions, differences, and test methods."
QB2_A#q22,/meoclass1/QB2_A.html#q22,Nair,True,True,False,False,STRONG_CE_TIP_ASSERTION,False,"k IACS Common Structural Rules (CSR) for Bulk Carriers and Oil Tankers. Auditing Authority Maritime Safety Committee (MSC) of the IMO. CE Oral Tip: If Examiner Nair asks you: ""What is the standard design life of a vessel under the GBS definition?"" Your answer must be exactly 25 years. Emphasize that","GBS — Goal-Based Ship Construction Standards. What is it, five-tier structure, and which ships does it apply to?"
QB2_A#q22,/meoclass1/QB2_A.html#q22,Simon,False,False,False,False,WEAK_INCIDENTAL_MENTION,True,"prompted the IMO to implement GBS, ensuring that future designs incorporate robust fatigue life and corrosion margins from the drawing board. 🔗 Examiner Chain Simon/Senthil follow this track: Define GBS → Break down the 5 tiers sequentially → Detail the purpose of the Ship Construction File → Identi","GBS — Goal-Based Ship Construction Standards. What is it, five-tier structure, and which ships does it apply to?"
QB2_A#q22,/meoclass1/QB2_A.html#q22,Senthil,False,False,False,False,WEAK_INCIDENTAL_MENTION,True,"ted the IMO to implement GBS, ensuring that future designs incorporate robust fatigue life and corrosion margins from the drawing board. 🔗 Examiner Chain Simon/Senthil follow this track: Define GBS → Break down the 5 tiers sequentially → Detail the purpose of the Ship Construction File → Identify si","GBS — Goal-Based Ship Construction Standards. What is it, five-tier structure, and which ships does it apply to?"
QB2_A#q23,/meoclass1/QB2_A.html#q23,Nair,False,False,False,False,WEAK_INCIDENTAL_MENTION,False,"chemical solvents without verifying that the cargo temperature limits exceeded the maximum threshold allowed by the tank coating manufacturer. 🔗 Examiner Chain Nair/Senthil follow this line: Charterer brings a new chemical, what are your steps? → Trap: Commercial trade names vs. shipping names → Rev","As CE, a charterer proposes a new chemical cargo — how do you confirm ship suitability?"
QB2_A#q23,/meoclass1/QB2_A.html#q23,Simon,True,True,False,False,STRONG_CE_TIP_ASSERTION,True,"er VII, Part B (Liquid chemical carrier compliance rules). MARPOL Link Annex II, Regulation 13 (Discharge and cargo handling parameters). CE Oral Tip: Examiner Simon often asks: ""The cargo is listed on your ICOF, but the Tank Coating Guide says 'Variable Resistance depending on temperature.' How do ","As CE, a charterer proposes a new chemical cargo — how do you confirm ship suitability?"
QB2_A#q23,/meoclass1/QB2_A.html#q23,Senthil,False,False,False,False,WEAK_INCIDENTAL_MENTION,True,"cal solvents without verifying that the cargo temperature limits exceeded the maximum threshold allowed by the tank coating manufacturer. 🔗 Examiner Chain Nair/Senthil follow this line: Charterer brings a new chemical, what are your steps? → Trap: Commercial trade names vs. shipping names → Review c","As CE, a charterer proposes a new chemical cargo — how do you confirm ship suitability?"
QB2_A#q24,/meoclass1/QB2_A.html#q24,Nair,False,False,False,False,WEAK_INCIDENTAL_MENTION,False,"nclinometers left no data logs, or their pendulum needles swung erratically due to centrifugal forces during the final moments of an accident. 🔗 Examiner Chain Nair/Simon follow this track: What is a digital inclinometer? → Explain MEMS technology → Differentiate it from traditional pendulums → Iden","Digital inclinometer — requirements, purpose, MEMS technology, and what makes it different from traditional inclinometers."
QB2_A#q24,/meoclass1/QB2_A.html#q24,Simon,False,False,False,False,WEAK_INCIDENTAL_MENTION,True,"ometers left no data logs, or their pendulum needles swung erratically due to centrifugal forces during the final moments of an accident. 🔗 Examiner Chain Nair/Simon follow this track: What is a digital inclinometer? → Explain MEMS technology → Differentiate it from traditional pendulums → Identify ","Digital inclinometer — requirements, purpose, MEMS technology, and what makes it different from traditional inclinometers."
QB2_A#q24,/meoclass1/QB2_A.html#q24,Rajappan,True,True,False,False,STRONG_CE_TIP_ASSERTION,False,"s for marine navigation and radio equipment). Class Notation Monitored and approved under centralized automation and navigation rules. CE Oral Tip: If Examiner Rajappan asks you: ""What happens to your digital inclinometer display during a complete vessel blackout, and how does it impact safety loggi","Digital inclinometer — requirements, purpose, MEMS technology, and what makes it different from traditional inclinometers."
QB2_A#q25,/meoclass1/QB2_A.html#q25,Nair,True,True,False,False,STRONG_CE_TIP_ASSERTION,False,"ags identifying persistent floating profiles). Associated Ledger Cargo Record Book entries validated by Port State Control inspectors. CE Oral Tip: If Examiner Nair asks you: ""Does a standard shipment of palm oil carried on a Type 2 chemical tanker require a mandatory pre-wash if you are discharging","Persistent floater — definition, GESAMP criteria, MARPOL significance."
QB2_A#q25,/meoclass1/QB2_A.html#q25,Simon,False,False,False,False,WEAK_INCIDENTAL_MENTION,True,id polyisobutylene blocks led directly to the IMO tightening MARPOL Annex II rules to enforce shore-side treatment of these floating residues. 🔗 Examiner Chain Simon/Senthil follow this track: Define a persistent floater → List the 4 GESAMP physical criteria parameters → Identify the target geograph,"Persistent floater — definition, GESAMP criteria, MARPOL significance."
QB2_A#q25,/meoclass1/QB2_A.html#q25,Senthil,False,False,False,False,WEAK_INCIDENTAL_MENTION,True,yisobutylene blocks led directly to the IMO tightening MARPOL Annex II rules to enforce shore-side treatment of these floating residues. 🔗 Examiner Chain Simon/Senthil follow this track: Define a persistent floater → List the 4 GESAMP physical criteria parameters → Identify the target geographical z,"Persistent floater — definition, GESAMP criteria, MARPOL significance."
QB2_A#q26,/meoclass1/QB2_A.html#q26,Nair,False,False,False,False,WEAK_INCIDENTAL_MENTION,False,"led to tighten the deck lashings daily, allowing the timber stack to loosen, absorb excessive water, and slide laterally during heavy weather. 🔗 Examiner Chain Nair/Rajappan follow this sequence: Explain Timber Load Line benefits → Detail the 15% weight gain factor → What is the minimum allowed GM u","Timber/log deck cargo — load line requirements, weight gain during voyage, and CE's stability and securing actions."
QB2_A#q26,/meoclass1/QB2_A.html#q26,Simon,True,True,False,False,STRONG_CE_TIP_ASSERTION,True,"gulation 5 (Stowage and securing controls). Safety Records Bridge and Engine Room logbooks tracking daily lashing tension adjustments. CE Oral Tip: If Examiner Simon asks you: ""Why does the Timber Code allow a minimum GM of only 0.10 meters, while a standard cargo vessel requires at least 0.15 meter","Timber/log deck cargo — load line requirements, weight gain during voyage, and CE's stability and securing actions."
QB2_A#q26,/meoclass1/QB2_A.html#q26,Rajappan,False,False,False,False,WEAK_INCIDENTAL_MENTION,False,"o tighten the deck lashings daily, allowing the timber stack to loosen, absorb excessive water, and slide laterally during heavy weather. 🔗 Examiner Chain Nair/Rajappan follow this sequence: Explain Timber Load Line benefits → Detail the 15% weight gain factor → What is the minimum allowed GM under ","Timber/log deck cargo — load line requirements, weight gain during voyage, and CE's stability and securing actions."
QB2_A#q27,/meoclass1/QB2_A.html#q27,Nair,True,False,False,False,SUPPORTED_CE_TIP_MENTION,False,"ion validation) & Regulation 3 (Oxygen depletion controls). Stability Standard International Code on Intact Stability, 2008 (IS Code). CE Oral Tip: If Examiner Nair traps you with this question: ""You are carrying a Group A cargo of iron ore fines, and you notice a layer of fluid water settling on to","Compare the failure mechanisms of liquefaction, cohesive cargo collapse, and grain shift — risk and control for each."
QB2_A#q27,/meoclass1/QB2_A.html#q27,Simon,False,False,False,False,WEAK_INCIDENTAL_MENTION,True,"unmanaged liquefaction or sudden cargo shifts, demonstrating the critical importance of strict compliance with the IMSBC and Grain Codes. 🔗 Examiner Chain Nair/Simon follow this track: Compare liquefaction vs grain shift mechanisms → What is a cohesive cargo? → Detail the regulatory stability limits","Compare the failure mechanisms of liquefaction, cohesive cargo collapse, and grain shift — risk and control for each."
QB2_A#q28,/meoclass1/QB2_A.html#q28,Nair,True,True,False,False,STRONG_CE_TIP_ASSERTION,False,"nd gas tracking) & Chapter XII (Bulk carrier structural rules). Safety Standard 2008 International Code on Intact Stability (IS Code). CE Oral Tip: If Examiner Nair asks you: ""You are carrying a coal cargo and notice the carbon monoxide (CO) levels are rising steadily inside Hold 3, but the deck off","Ore, coal and grain — what is the Chief Engineer's primary technical concern for each, and why do they differ?"
QB2_A#q28,/meoclass1/QB2_A.html#q28,Simon,False,False,False,False,WEAK_INCIDENTAL_MENTION,True,"girder failure from poorly managed ore weight distribution, or capsized due to unmanaged grain shifts during heavy transoceanic transits. 🔗 Examiner Chain Nair/Simon follow this track: Compare the hazards of Ore, Coal, and Grain → Detail the gas monitoring requirements for coal → State the statutory","Ore, coal and grain — what is the Chief Engineer's primary technical concern for each, and why do they differ?"
QB2_A#q29,/meoclass1/QB2_A.html#q29,Nair,False,False,False,False,WEAK_INCIDENTAL_MENTION,False,"because the terminal deviated from the agreed loading plan, overloading an individual hold while the ship's ballast operations lagged behind. 🔗 Examiner Chain Nair/Senthil follow this track: Define the relationship between the BLU Code and the IMSBC Code → Walk through the Ship-Shore Checklist requi","How do the BLU Code, IMSBC Code, and the loadicator work together during bulk cargo loading?"
QB2_A#q29,/meoclass1/QB2_A.html#q29,Simon,True,True,False,False,STRONG_CE_TIP_ASSERTION,True,"ge of solid bulk cargoes). IACS Rule Standard Unified Requirement (UR) L4 (Requirements for loading computers and stability software). CE Oral Tip: If Examiner Simon asks you: ""During the third loading pass, the terminal pours cargo faster than the agreed BLU plan, and your loadicator shows the shea","How do the BLU Code, IMSBC Code, and the loadicator work together during bulk cargo loading?"
QB2_A#q29,/meoclass1/QB2_A.html#q29,Senthil,False,False,False,False,WEAK_INCIDENTAL_MENTION,True,"use the terminal deviated from the agreed loading plan, overloading an individual hold while the ship's ballast operations lagged behind. 🔗 Examiner Chain Nair/Senthil follow this track: Define the relationship between the BLU Code and the IMSBC Code → Walk through the Ship-Shore Checklist requireme","How do the BLU Code, IMSBC Code, and the loadicator work together during bulk cargo loading?"
QB2_A#q30,/meoclass1/QB2_A.html#q30,Nair,True,True,False,False,STRONG_CE_TIP_ASSERTION,False,"otection IMO Resolution A.443(XI) (Ensuring technical and operational staff can exercise independent safety judgements). CE Oral Tip: When the Kochi MMD panel (Nair, Simon, Senthil, or Rajappan) asks you about your ""red lines,"" use confident, professional language and cite specific international reg","As Chief Engineer, what are your ""red lines"" — situations where you will not proceed with loading or carriage regardless of commercial pressure?"
QB2_A#q30,/meoclass1/QB2_A.html#q30,Simon,True,True,False,False,STRONG_CE_TIP_ASSERTION,True,"on IMO Resolution A.443(XI) (Ensuring technical and operational staff can exercise independent safety judgements). CE Oral Tip: When the Kochi MMD panel (Nair, Simon, Senthil, or Rajappan) asks you about your ""red lines,"" use confident, professional language and cite specific international regulatio","As Chief Engineer, what are your ""red lines"" — situations where you will not proceed with loading or carriage regardless of commercial pressure?"
QB2_A#q30,/meoclass1/QB2_A.html#q30,Rajappan,True,True,False,False,STRONG_CE_TIP_ASSERTION,False,".443(XI) (Ensuring technical and operational staff can exercise independent safety judgements). CE Oral Tip: When the Kochi MMD panel (Nair, Simon, Senthil, or Rajappan) asks you about your ""red lines,"" use confident, professional language and cite specific international regulations. Examiners want ","As Chief Engineer, what are your ""red lines"" — situations where you will not proceed with loading or carriage regardless of commercial pressure?"
QB2_A#q30,/meoclass1/QB2_A.html#q30,Senthil,True,True,False,False,STRONG_CE_TIP_ASSERTION,True,"Resolution A.443(XI) (Ensuring technical and operational staff can exercise independent safety judgements). CE Oral Tip: When the Kochi MMD panel (Nair, Simon, Senthil, or Rajappan) asks you about your ""red lines,"" use confident, professional language and cite specific international regulations. Exa","As Chief Engineer, what are your ""red lines"" — situations where you will not proceed with loading or carriage regardless of commercial pressure?"
QB2_B#q1,/meoclass1/QB2_B.html#q1,Nair,False,False,False,False,WEAK_INCIDENTAL_MENTION,True,"eclared DG cargo prevented correct EmS reference, leading to incorrect firefighting medium application and subsequent catastrophic total loss. 🔗 Examiner Chain Nair → Senthil → Simon. (Shifts from basic documentation names straight into structural requirements and specific fire-schedule codes). 🚢 On",What documents and certificates are required when carrying IMDG cargo? Where do you find firefighting details for IMDG cargo?
QB2_B#q1,/meoclass1/QB2_B.html#q1,Simon,False,False,False,False,WEAK_INCIDENTAL_MENTION,False,"prevented correct EmS reference, leading to incorrect firefighting medium application and subsequent catastrophic total loss. 🔗 Examiner Chain Nair → Senthil → Simon. (Shifts from basic documentation names straight into structural requirements and specific fire-schedule codes). 🚢 On My Vessel (Maers",What documents and certificates are required when carrying IMDG cargo? Where do you find firefighting details for IMDG cargo?
QB2_B#q1,/meoclass1/QB2_B.html#q1,Senthil,False,False,False,False,WEAK_INCIDENTAL_MENTION,False,"DG cargo prevented correct EmS reference, leading to incorrect firefighting medium application and subsequent catastrophic total loss. 🔗 Examiner Chain Nair → Senthil → Simon. (Shifts from basic documentation names straight into structural requirements and specific fire-schedule codes). 🚢 On My Vess",What documents and certificates are required when carrying IMDG cargo? Where do you find firefighting details for IMDG cargo?
QB2_B#q3,/meoclass1/QB2_B.html#q3,Nair,False,False,False,False,WEAK_INCIDENTAL_MENTION,True,"into common bilge paths, where poor labeling or unreadable markers led ship staff to treat dangerous chemicals as benign grey-water. 🔗 Examiner Chain Senthil → Nair → Rajappan. (Moves systematically from visual definitions to structural responsibilities and chemical exposure safety vectors). 🚢 On My","What are the IMDG Code requirements for marking, labelling, and numbering of dangerous goods packages?"
QB2_B#q3,/meoclass1/QB2_B.html#q3,Rajappan,False,False,False,False,WEAK_INCIDENTAL_MENTION,True,"mmon bilge paths, where poor labeling or unreadable markers led ship staff to treat dangerous chemicals as benign grey-water. 🔗 Examiner Chain Senthil → Nair → Rajappan. (Moves systematically from visual definitions to structural responsibilities and chemical exposure safety vectors). 🚢 On My Vessel","What are the IMDG Code requirements for marking, labelling, and numbering of dangerous goods packages?"
QB2_B#q3,/meoclass1/QB2_B.html#q3,Senthil,False,False,False,False,WEAK_INCIDENTAL_MENTION,True,"tracking into common bilge paths, where poor labeling or unreadable markers led ship staff to treat dangerous chemicals as benign grey-water. 🔗 Examiner Chain Senthil → Nair → Rajappan. (Moves systematically from visual definitions to structural responsibilities and chemical exposure safety vectors)","What are the IMDG Code requirements for marking, labelling, and numbering of dangerous goods packages?"
QB2_B#q4,/meoclass1/QB2_B.html#q4,Nair,False,False,False,False,WEAK_INCIDENTAL_MENTION,True,storical cargo hold explosions resulting from storing Class 3 flammable liquids near uninsulated structural heat boundaries or hot fuel tanks. 🔗 Examiner Chain Nair → Senthil → Simon. (Shifts from sorting codes directly into mechanical segregation rules on board). 🚢 On My Vessel (Maersk) Integrated ,"Give an overview of the IMDG Code — its structure, classes, and key features."
QB2_B#q4,/meoclass1/QB2_B.html#q4,Simon,False,False,False,False,WEAK_INCIDENTAL_MENTION,False,ld explosions resulting from storing Class 3 flammable liquids near uninsulated structural heat boundaries or hot fuel tanks. 🔗 Examiner Chain Nair → Senthil → Simon. (Shifts from sorting codes directly into mechanical segregation rules on board). 🚢 On My Vessel (Maersk) Integrated into cargo planni,"Give an overview of the IMDG Code — its structure, classes, and key features."
QB2_B#q4,/meoclass1/QB2_B.html#q4,Senthil,False,False,False,False,WEAK_INCIDENTAL_MENTION,False,l cargo hold explosions resulting from storing Class 3 flammable liquids near uninsulated structural heat boundaries or hot fuel tanks. 🔗 Examiner Chain Nair → Senthil → Simon. (Shifts from sorting codes directly into mechanical segregation rules on board). 🚢 On My Vessel (Maersk) Integrated into ca,"Give an overview of the IMDG Code — its structure, classes, and key features."
QB2_B#q5,/meoclass1/QB2_B.html#q5,Nair,False,False,False,False,WEAK_INCIDENTAL_MENTION,True,"declared pool chemicals or charcoal caught fire, tricking the crew into using inadequate or incorrect initial firefighting measures. 🔗 Examiner Chain Senthil → Nair → Simon. (Transitions from an unstructured local casualty scenario into formal stability and structural questions). 🚢 On My Vessel (Mae","A container is found to be wrongly labelled and catches fire. What actions do you take, and how do you fight the fire? Reference the Wan Hai vessel fire incident off Cochin."
QB2_B#q5,/meoclass1/QB2_B.html#q5,Simon,False,False,False,False,WEAK_INCIDENTAL_MENTION,False,"d pool chemicals or charcoal caught fire, tricking the crew into using inadequate or incorrect initial firefighting measures. 🔗 Examiner Chain Senthil → Nair → Simon. (Transitions from an unstructured local casualty scenario into formal stability and structural questions). 🚢 On My Vessel (Maersk) Dr","A container is found to be wrongly labelled and catches fire. What actions do you take, and how do you fight the fire? Reference the Wan Hai vessel fire incident off Cochin."
QB2_B#q5,/meoclass1/QB2_B.html#q5,Senthil,False,False,False,False,WEAK_INCIDENTAL_MENTION,False,"s where undeclared pool chemicals or charcoal caught fire, tricking the crew into using inadequate or incorrect initial firefighting measures. 🔗 Examiner Chain Senthil → Nair → Simon. (Transitions from an unstructured local casualty scenario into formal stability and structural questions). 🚢 On My V","A container is found to be wrongly labelled and catches fire. What actions do you take, and how do you fight the fire? Reference the Wan Hai vessel fire incident off Cochin."
QB2_B#q8,/meoclass1/QB2_B.html#q8,Nair,False,False,False,False,WEAK_INCIDENTAL_MENTION,True,"er to a zinc-dust or magnesium-based chemical container, triggering a massive hydrogen explosion that tore through the deck plating. 🔗 Examiner Chain Senthil → Nair → Simon. (Shifts from initial manifest tracking to chemical property analysis, then directly into engineering systems management). 🚢 On","When a container fire occurs, how do you use the UN number to identify cargo-specific hazard symptoms, and how does this affect your firefighting approach?"
QB2_B#q8,/meoclass1/QB2_B.html#q8,Simon,False,False,False,False,WEAK_INCIDENTAL_MENTION,False,"zinc-dust or magnesium-based chemical container, triggering a massive hydrogen explosion that tore through the deck plating. 🔗 Examiner Chain Senthil → Nair → Simon. (Shifts from initial manifest tracking to chemical property analysis, then directly into engineering systems management). 🚢 On My Vess","When a container fire occurs, how do you use the UN number to identify cargo-specific hazard symptoms, and how does this affect your firefighting approach?"
QB2_B#q8,/meoclass1/QB2_B.html#q8,Senthil,False,False,False,False,WEAK_INCIDENTAL_MENTION,False,"apply water to a zinc-dust or magnesium-based chemical container, triggering a massive hydrogen explosion that tore through the deck plating. 🔗 Examiner Chain Senthil → Nair → Simon. (Shifts from initial manifest tracking to chemical property analysis, then directly into engineering systems manageme","When a container fire occurs, how do you use the UN number to identify cargo-specific hazard symptoms, and how does this affect your firefighting approach?"
QB2_B#q6,/meoclass1/QB2_B.html#q6,Nair,False,False,False,False,WEAK_INCIDENTAL_MENTION,True,howing that secondary fuel systems or auxiliary machinery oversights can trigger catastrophic fire risks on specialized cargo vessels. 🔗 Examiner Chain Simon → Nair → Rajappan. (Moves from pure thermodynamic physics into mechanical breakdown risks and ESD safety loops). 🚢 On My Vessel (Maersk) Not d,What are the key hazards and handling risks associated with LPG cargo on a gas carrier? Draw on incident learnings from MAIB investigations.
QB2_B#q6,/meoclass1/QB2_B.html#q6,Simon,False,False,False,False,WEAK_INCIDENTAL_MENTION,True,) fire showing that secondary fuel systems or auxiliary machinery oversights can trigger catastrophic fire risks on specialized cargo vessels. 🔗 Examiner Chain Simon → Nair → Rajappan. (Moves from pure thermodynamic physics into mechanical breakdown risks and ESD safety loops). 🚢 On My Vessel (Maers,What are the key hazards and handling risks associated with LPG cargo on a gas carrier? Draw on incident learnings from MAIB investigations.
QB2_B#q6,/meoclass1/QB2_B.html#q6,Rajappan,False,False,False,False,WEAK_INCIDENTAL_MENTION,True,that secondary fuel systems or auxiliary machinery oversights can trigger catastrophic fire risks on specialized cargo vessels. 🔗 Examiner Chain Simon → Nair → Rajappan. (Moves from pure thermodynamic physics into mechanical breakdown risks and ESD safety loops). 🚢 On My Vessel (Maersk) Not directly,What are the key hazards and handling risks associated with LPG cargo on a gas carrier? Draw on incident learnings from MAIB investigations.
QB2_B#q14,/meoclass1/QB2_B.html#q14,Nair,False,False,False,False,WEAK_INCIDENTAL_MENTION,True,"that leaked toxic chemicals into public waterways, which led to the development of the double-hull and damage stability rules in the IBC Code. 🔗 Examiner Chain Nair → Senthil → Simon. (Shifts from basic legal definitions to detailed ship construction rules and pump room safety systems). 🚢 On My Vess","What is the difference between the IBC Code and the BCH Code for chemical tankers, and why do two separate codes exist?"
QB2_B#q14,/meoclass1/QB2_B.html#q14,Simon,False,False,False,False,WEAK_INCIDENTAL_MENTION,True,"chemicals into public waterways, which led to the development of the double-hull and damage stability rules in the IBC Code. 🔗 Examiner Chain Nair → Senthil → Simon. (Shifts from basic legal definitions to detailed ship construction rules and pump room safety systems). 🚢 On My Vessel (Maersk) Not di","What is the difference between the IBC Code and the BCH Code for chemical tankers, and why do two separate codes exist?"
QB2_B#q14,/meoclass1/QB2_B.html#q14,Senthil,False,False,False,False,WEAK_INCIDENTAL_MENTION,True,"aked toxic chemicals into public waterways, which led to the development of the double-hull and damage stability rules in the IBC Code. 🔗 Examiner Chain Nair → Senthil → Simon. (Shifts from basic legal definitions to detailed ship construction rules and pump room safety systems). 🚢 On My Vessel (Mae","What is the difference between the IBC Code and the BCH Code for chemical tankers, and why do two separate codes exist?"
QB2_B#q15,/meoclass1/QB2_B.html#q15,Nair,False,False,False,False,WEAK_INCIDENTAL_MENTION,True,"auxite fines, where cargo fluidization led to a sudden shift that capsized the ship before the crew could broadcast a distress call. 🔗 Examiner Chain Senthil → Nair → Simon. (Progresses from basic group sorting to moisture control details, then into hold bilge and ventilation systems). 🚢 On My Vesse","Give a full overview of the IMSBC Code — scope, cargo categories (A, B, C), schedule format, and key CE responsibilities."
QB2_B#q15,/meoclass1/QB2_B.html#q15,Simon,False,False,False,False,WEAK_INCIDENTAL_MENTION,False,"fines, where cargo fluidization led to a sudden shift that capsized the ship before the crew could broadcast a distress call. 🔗 Examiner Chain Senthil → Nair → Simon. (Progresses from basic group sorting to moisture control details, then into hold bilge and ventilation systems). 🚢 On My Vessel (Maer","Give a full overview of the IMSBC Code — scope, cargo categories (A, B, C), schedule format, and key CE responsibilities."
QB2_B#q15,/meoclass1/QB2_B.html#q15,Senthil,False,False,False,False,WEAK_INCIDENTAL_MENTION,False,"l ore or bauxite fines, where cargo fluidization led to a sudden shift that capsized the ship before the crew could broadcast a distress call. 🔗 Examiner Chain Senthil → Nair → Simon. (Progresses from basic group sorting to moisture control details, then into hold bilge and ventilation systems). 🚢 O","Give a full overview of the IMSBC Code — scope, cargo categories (A, B, C), schedule format, and key CE responsibilities."
QB2_B#q2,/meoclass1/QB2_B.html#q2,Nair,False,False,False,False,WEAK_INCIDENTAL_MENTION,True,"es at sea caused by structural failure of unmaintained turnbuckles or unauthorized deviation from the CSM loading envelope. 🔗 Examiner Chain Rajappan → Simon → Nair. (Progresses from physical components to regulatory rules, then straight into safety-at-work compliance). 🚢 On My Vessel (Maersk) Manag","What are the requirements for a container securing arrangement, and what is a Safe Access Plan on a container ship?"
QB2_B#q2,/meoclass1/QB2_B.html#q2,Simon,False,False,False,False,WEAK_INCIDENTAL_MENTION,False,"collapses at sea caused by structural failure of unmaintained turnbuckles or unauthorized deviation from the CSM loading envelope. 🔗 Examiner Chain Rajappan → Simon → Nair. (Progresses from physical components to regulatory rules, then straight into safety-at-work compliance). 🚢 On My Vessel (Maersk","What are the requirements for a container securing arrangement, and what is a Safe Access Plan on a container ship?"
QB2_B#q2,/meoclass1/QB2_B.html#q2,Rajappan,False,False,False,False,WEAK_INCIDENTAL_MENTION,False,"ainer stack collapses at sea caused by structural failure of unmaintained turnbuckles or unauthorized deviation from the CSM loading envelope. 🔗 Examiner Chain Rajappan → Simon → Nair. (Progresses from physical components to regulatory rules, then straight into safety-at-work compliance). 🚢 On My Ve","What are the requirements for a container securing arrangement, and what is a Safe Access Plan on a container ship?"
QB2_B#q7,/meoclass1/QB2_B.html#q7,Nair,True,True,False,False,STRONG_CE_TIP_ASSERTION,True,"-door container transport. SOLAS Ch V / Regulation 34 Mandates safe berth-to-berth passage planning, driving strict liner scheduling requirements. CE Oral Tip: Nair often pushes candidates to think past technical drawings: "" Why does the office demand that you maintain a precise charter speed even w","Explain the container shipping operational model: what is the difference between Liner, NVOCC, and VOCC, and what are the advantages/disadvantages of each?"
QB2_B#q7,/meoclass1/QB2_B.html#q7,Simon,False,False,False,False,WEAK_INCIDENTAL_MENTION,False,"ntainer led to chemical explosions, complicating insurance fault allocation between the physical ship operator and the space charterer. 🔗 Examiner Chain Nair → Simon → Senthil. (Moves from business concepts into technical hull maintenance and operational cargo care). 🚢 On My Vessel (Maersk) Executed","Explain the container shipping operational model: what is the difference between Liner, NVOCC, and VOCC, and what are the advantages/disadvantages of each?"
QB2_B#q7,/meoclass1/QB2_B.html#q7,Senthil,False,False,False,False,WEAK_INCIDENTAL_MENTION,False,"led to chemical explosions, complicating insurance fault allocation between the physical ship operator and the space charterer. 🔗 Examiner Chain Nair → Simon → Senthil. (Moves from business concepts into technical hull maintenance and operational cargo care). 🚢 On My Vessel (Maersk) Executed via str","Explain the container shipping operational model: what is the difference between Liner, NVOCC, and VOCC, and what are the advantages/disadvantages of each?"
QB2_B#q9,/meoclass1/QB2_B.html#q9,Nair,False,False,False,False,WEAK_INCIDENTAL_MENTION,True,"rroded floor crossmembers failed under load, causing an entire vertical stack to collapse inside the cargo hold during heavy pitching. 🔗 Examiner Chain Simon → Nair → Rajappan. (Moves from mechanical integrity details to document compliance, then directly into shipyard or depot repair parameters). 🚢","Explain the CSC (Container Safety Convention) inspection scheme in detail — covering the Periodic Examination Scheme (PES) and the Approved Continuous Examination Programme (ACEP), and what tests are carried out."
QB2_B#q9,/meoclass1/QB2_B.html#q9,Simon,False,False,False,False,WEAK_INCIDENTAL_MENTION,True,"erely corroded floor crossmembers failed under load, causing an entire vertical stack to collapse inside the cargo hold during heavy pitching. 🔗 Examiner Chain Simon → Nair → Rajappan. (Moves from mechanical integrity details to document compliance, then directly into shipyard or depot repair parame","Explain the CSC (Container Safety Convention) inspection scheme in detail — covering the Periodic Examination Scheme (PES) and the Approved Continuous Examination Programme (ACEP), and what tests are carried out."
QB2_B#q9,/meoclass1/QB2_B.html#q9,Rajappan,False,False,False,False,WEAK_INCIDENTAL_MENTION,True,"floor crossmembers failed under load, causing an entire vertical stack to collapse inside the cargo hold during heavy pitching. 🔗 Examiner Chain Simon → Nair → Rajappan. (Moves from mechanical integrity details to document compliance, then directly into shipyard or depot repair parameters). 🚢 On My ","Explain the CSC (Container Safety Convention) inspection scheme in detail — covering the Periodic Examination Scheme (PES) and the Approved Continuous Examination Programme (ACEP), and what tests are carried out."
QB2_B#q11,/meoclass1/QB2_B.html#q11,Nair,False,False,False,False,WEAK_INCIDENTAL_MENTION,True,"e of containers on board significantly exceeded their declared manifest weights, driving the development of the VGM mandate. 🔗 Examiner Chain Simon → Senthil → Nair. (Transitions from basic weight calculations to technical stability impacts and Master's legal authority). 🚢 On My Vessel (Maersk) Mana","What is the Verified Gross Mass (VGM) of a container? What information must it contain, how do you ensure the VGM is correct, and who is responsible for declaring and deciding the container weight?"
QB2_B#q11,/meoclass1/QB2_B.html#q11,Simon,False,False,False,False,WEAK_INCIDENTAL_MENTION,True,"t a high percentage of containers on board significantly exceeded their declared manifest weights, driving the development of the VGM mandate. 🔗 Examiner Chain Simon → Senthil → Nair. (Transitions from basic weight calculations to technical stability impacts and Master's legal authority). 🚢 On My Ve","What is the Verified Gross Mass (VGM) of a container? What information must it contain, how do you ensure the VGM is correct, and who is responsible for declaring and deciding the container weight?"
QB2_B#q11,/meoclass1/QB2_B.html#q11,Senthil,False,False,False,False,WEAK_INCIDENTAL_MENTION,False,"percentage of containers on board significantly exceeded their declared manifest weights, driving the development of the VGM mandate. 🔗 Examiner Chain Simon → Senthil → Nair. (Transitions from basic weight calculations to technical stability impacts and Master's legal authority). 🚢 On My Vessel (Mae","What is the Verified Gross Mass (VGM) of a container? What information must it contain, how do you ensure the VGM is correct, and who is responsible for declaring and deciding the container weight?"
QB2_B#q12,/meoclass1/QB2_B.html#q12,Nair,False,False,False,False,WEAK_INCIDENTAL_MENTION,False,"reduce their measured tonnage below safety thresholds, leading to the creation of the standardized 1969 convention to close layout loopholes. 🔗 Examiner Chain Nair → Simon → Rajappan. (Moves from mathematical formula structures to practical canal toll rules and official surveyor validation steps). 🚢",How are Gross Tonnage (GT) and Net Tonnage (NT) calculated for a container ship?
QB2_B#q12,/meoclass1/QB2_B.html#q12,Simon,False,False,False,False,WEAK_INCIDENTAL_MENTION,True,"their measured tonnage below safety thresholds, leading to the creation of the standardized 1969 convention to close layout loopholes. 🔗 Examiner Chain Nair → Simon → Rajappan. (Moves from mathematical formula structures to practical canal toll rules and official surveyor validation steps). 🚢 On My ",How are Gross Tonnage (GT) and Net Tonnage (NT) calculated for a container ship?
QB2_B#q12,/meoclass1/QB2_B.html#q12,Rajappan,False,False,False,False,WEAK_INCIDENTAL_MENTION,False,"easured tonnage below safety thresholds, leading to the creation of the standardized 1969 convention to close layout loopholes. 🔗 Examiner Chain Nair → Simon → Rajappan. (Moves from mathematical formula structures to practical canal toll rules and official surveyor validation steps). 🚢 On My Vessel ",How are Gross Tonnage (GT) and Net Tonnage (NT) calculated for a container ship?
QB2_B#q16,/meoclass1/QB2_B.html#q16,Nair,False,False,False,False,WEAK_INCIDENTAL_MENTION,False,"castings fractured under stacking loads at sea, causing progressive column collapses that damaged adjacent reefers and hull frames. 🔗 Examiner Chain Senthil → Nair → Simon. (Shifts from specific industrial test methods straight into structural cargo care and damage control stability vectors). 🚢 On M",What are the container test procedures? Do not limit the answer to the one-door-off test — describe the full range of structural and leakage tests carried out on containers.
QB2_B#q16,/meoclass1/QB2_B.html#q16,Simon,False,False,False,False,WEAK_INCIDENTAL_MENTION,False,"gs fractured under stacking loads at sea, causing progressive column collapses that damaged adjacent reefers and hull frames. 🔗 Examiner Chain Senthil → Nair → Simon. (Shifts from specific industrial test methods straight into structural cargo care and damage control stability vectors). 🚢 On My Vess",What are the container test procedures? Do not limit the answer to the one-door-off test — describe the full range of structural and leakage tests carried out on containers.
QB2_B#q16,/meoclass1/QB2_B.html#q16,Senthil,True,False,False,False,SUPPORTED_CE_TIP_MENTION,True,"uctural compliance. SOLAS Ch VI / Regulation 2 Mandates cargo units must be verified and packed in compliance with international design baselines. CE Oral Tip: Senthil explicitly checks if you can look past basic deck observations: "" Don't just give me the one-door-off test procedure; what structura",What are the container test procedures? Do not limit the answer to the one-door-off test — describe the full range of structural and leakage tests carried out on containers.
QB2_B#q10,/meoclass1/QB2_B.html#q10,Nair,True,False,False,False,SUPPORTED_CE_TIP_MENTION,True,"p throughput capacities. FSS Code / Chapter 2 Defines standard specifications for international shore connections, pipes, hydrants, and couplings. CE Oral Tip: Nair often tests your technical precision here: "" Does the portable monitor replace your standard fire hoses? "" Your answer must be No . Emp","What are the latest SOLAS amendments regarding safety on container ships, specifically relating to portable water monitors — how many are required, on what basis is the number determined, and is a portable water monitor used for firefighting?"
QB2_B#q10,/meoclass1/QB2_B.html#q10,Simon,False,True,False,False,WEAK_INCIDENTAL_MENTION,False,"manually for hours against high-stack container fires, leading to the regulatory development of hands-free portable monitors. 🔗 Examiner Chain Nair → Senthil → Simon. (Shifts from specific regulation dates to pump capacity calculations and safety configurations). 🚢 On My Vessel (Maersk) Included in ","What are the latest SOLAS amendments regarding safety on container ships, specifically relating to portable water monitors — how many are required, on what basis is the number determined, and is a portable water monitor used for firefighting?"
QB2_B#q10,/meoclass1/QB2_B.html#q10,Senthil,False,True,False,False,WEAK_INCIDENTAL_MENTION,False,"ire hoses manually for hours against high-stack container fires, leading to the regulatory development of hands-free portable monitors. 🔗 Examiner Chain Nair → Senthil → Simon. (Shifts from specific regulation dates to pump capacity calculations and safety configurations). 🚢 On My Vessel (Maersk) In","What are the latest SOLAS amendments regarding safety on container ships, specifically relating to portable water monitors — how many are required, on what basis is the number determined, and is a portable water monitor used for firefighting?"
QB2_B#q17,/meoclass1/QB2_B.html#q17,Nair,False,False,False,False,WEAK_INCIDENTAL_MENTION,False,"moisture had leaked into the storage tank over time, turning the powder into a solid block that choked the discharge manifold. 🔗 Examiner Chain Nixon → Simon → Nair. (Transitions from physical system testing to regulatory compliance and emergency deployment protocols). 🚢 On My Vessel (Maersk) Integr","What is the dry chemical powder (DCP) firefighting system fitted on the deck of a container ship, and what regulations govern it?"
QB2_B#q17,/meoclass1/QB2_B.html#q17,Simon,False,False,False,False,WEAK_INCIDENTAL_MENTION,False,"because moisture had leaked into the storage tank over time, turning the powder into a solid block that choked the discharge manifold. 🔗 Examiner Chain Nixon → Simon → Nair. (Transitions from physical system testing to regulatory compliance and emergency deployment protocols). 🚢 On My Vessel (Maersk","What is the dry chemical powder (DCP) firefighting system fitted on the deck of a container ship, and what regulations govern it?"
QB2_B#q18,/meoclass1/QB2_B.html#q18,Nair,False,True,False,False,WEAK_INCIDENTAL_MENTION,False,"because the crew delayed applying heavy water boundary cooling, allowing thermal energy to spread through adjacent stacks. 🔗 Examiner Chain Nixon → Rajappan → Nair. (Progresses from initial deck response actions to pump line physics and long-term vessel stability management). 🚢 On My Vessel (Maersk)",How is firefighting on deck carried out on a container ship when a container fire is suspected or confirmed?
QB2_B#q18,/meoclass1/QB2_B.html#q18,Rajappan,False,False,False,False,WEAK_INCIDENTAL_MENTION,True,"total loss because the crew delayed applying heavy water boundary cooling, allowing thermal energy to spread through adjacent stacks. 🔗 Examiner Chain Nixon → Rajappan → Nair. (Progresses from initial deck response actions to pump line physics and long-term vessel stability management). 🚢 On My Vess",How is firefighting on deck carried out on a container ship when a container fire is suspected or confirmed?
QB2_B#q19,/meoclass1/QB2_B.html#q19,Nair,False,False,False,False,WEAK_INCIDENTAL_MENTION,True,"oose electronics shipments triggered intense thermal runaway events, highlighting the need for proactive safety assessments. 🔗 Examiner Chain Senthil → Simon → Nair. (Progresses from structural methodology definitions to practical chemical fire physics and shipboard emergency checklists). 🚢 On My Ve",How would you apply Formal Safety Assessment (FSA) specifically in the context of Li-ion battery cargo carried in containers?
QB2_B#q19,/meoclass1/QB2_B.html#q19,Simon,False,False,False,False,WEAK_INCIDENTAL_MENTION,True,"les or loose electronics shipments triggered intense thermal runaway events, highlighting the need for proactive safety assessments. 🔗 Examiner Chain Senthil → Simon → Nair. (Progresses from structural methodology definitions to practical chemical fire physics and shipboard emergency checklists). 🚢 ",How would you apply Formal Safety Assessment (FSA) specifically in the context of Li-ion battery cargo carried in containers?
QB2_B#q19,/meoclass1/QB2_B.html#q19,Senthil,False,False,False,False,WEAK_INCIDENTAL_MENTION,True,"tric vehicles or loose electronics shipments triggered intense thermal runaway events, highlighting the need for proactive safety assessments. 🔗 Examiner Chain Senthil → Simon → Nair. (Progresses from structural methodology definitions to practical chemical fire physics and shipboard emergency check",How would you apply Formal Safety Assessment (FSA) specifically in the context of Li-ion battery cargo carried in containers?
QB2_B#q13,/meoclass1/QB2_B.html#q13,Nair,False,False,False,False,WEAK_INCIDENTAL_MENTION,True,"cture doors or leaking hatch gaskets allowed water entry during storms, eventually overwhelming the internal bilge systems. 🔗 Examiner Chain Simon → Rajappan → Nair. (Progresses from basic definitions to structural maintenance and regulatory compliance audits). 🚢 On My Vessel (Maersk) Tracked in the","What is the difference between watertight and weathertight on a ship, and what are the test methods for each?"
QB2_B#q13,/meoclass1/QB2_B.html#q13,Simon,False,False,False,False,WEAK_INCIDENTAL_MENTION,True,"aintained superstructure doors or leaking hatch gaskets allowed water entry during storms, eventually overwhelming the internal bilge systems. 🔗 Examiner Chain Simon → Rajappan → Nair. (Progresses from basic definitions to structural maintenance and regulatory compliance audits). 🚢 On My Vessel (Mae","What is the difference between watertight and weathertight on a ship, and what are the test methods for each?"
QB2_B#q13,/meoclass1/QB2_B.html#q13,Rajappan,False,False,False,False,WEAK_INCIDENTAL_MENTION,True,"d superstructure doors or leaking hatch gaskets allowed water entry during storms, eventually overwhelming the internal bilge systems. 🔗 Examiner Chain Simon → Rajappan → Nair. (Progresses from basic definitions to structural maintenance and regulatory compliance audits). 🚢 On My Vessel (Maersk) Tra","What is the difference between watertight and weathertight on a ship, and what are the test methods for each?"
QB2_C#q1,/meoclass1/QB2_C.html#q1,Nair,True,True,False,False,STRONG_CE_TIP_ASSERTION,False,"A formal Maker's Declaration or independent laboratory test report confirming a PFOS concentration under 10 mg/kg. Deep-Dive Analysis Trap Questions: Examiner Nair asks: ""If the BDN says 'Flashpoint: Compliant', is that acceptable under the 2026 amendments?"" Answer: No, it is not. The amended text e","EDITORIAL CORRECTION:** MSC.520(106) covers SOLAS Ch II-2 fire safety for container ships (water mist lance, portable wa"
QB2_C#q1,/meoclass1/QB2_C.html#q1,Simon,False,False,False,False,WEAK_INCIDENTAL_MENTION,True,"explosive vapors to leak from fuel tank air vents into the engine room, emphasizing why the IMO introduced Resolution MSC.520(106). Examiner Chain: Nair arrow Simon arrow Rajappan. Nair tests the specific amendment dates and numbers (MSC.520(106)). Simon pivots to verify how low-flashpoint fuel comp","EDITORIAL CORRECTION:** MSC.520(106) covers SOLAS Ch II-2 fire safety for container ships (water mist lance, portable wa"
QB2_C#q1,/meoclass1/QB2_C.html#q1,Rajappan,False,False,False,False,WEAK_INCIDENTAL_MENTION,False,"apors to leak from fuel tank air vents into the engine room, emphasizing why the IMO introduced Resolution MSC.520(106). Examiner Chain: Nair arrow Simon arrow Rajappan. Nair tests the specific amendment dates and numbers (MSC.520(106)). Simon pivots to verify how low-flashpoint fuel compromises the","EDITORIAL CORRECTION:** MSC.520(106) covers SOLAS Ch II-2 fire safety for container ships (water mist lance, portable wa"
QB2_C#q2,/meoclass1/QB2_C.html#q2,Nair,True,True,False,False,STRONG_CE_TIP_ASSERTION,False,"al Fire Schedule for standard shipboard responses. EmS Spillage Schedule S-A: Toxic substances handling guidelines. Deep-Dive Analysis Trap Questions: Examiner Nair asks: ""The fire team wants to flood the hold immediately with CO2. Do you authorize this for an unknown cargo fire?"" Answer: No, not bl",15-Second Answer (Elevator Pitch)**
QB2_C#q2,/meoclass1/QB2_C.html#q2,Simon,False,False,False,False,WEAK_INCIDENTAL_MENTION,True,"cked specific chemical data, leading to a massive explosion that breached the cargo holds and resulted in fatalities. Examiner Chain: Nair arrow Rajappan arrow Simon. Nair challenges the candidate on handling unknown container hazards. Rajappan evaluates compliance with the Document of Compliance fo",15-Second Answer (Elevator Pitch)**
QB2_C#q2,/meoclass1/QB2_C.html#q2,Rajappan,False,False,False,False,WEAK_INCIDENTAL_MENTION,False,"ing attempts lacked specific chemical data, leading to a massive explosion that breached the cargo holds and resulted in fatalities. Examiner Chain: Nair arrow Rajappan arrow Simon. Nair challenges the candidate on handling unknown container hazards. Rajappan evaluates compliance with the Document o",15-Second Answer (Elevator Pitch)**
QB2_C#q3,/meoclass1/QB2_C.html#q3,Nair,True,True,False,False,STRONG_CE_TIP_ASSERTION,False,"cracking, shift the crew entirely to a defensive boundary cooling posture and prepare the lifeboats. --- Extra Sub-Block: Trap Warning CRITICAL EXAMINER TRAP: Nair will ask: ""If you see smoke coming out of an unknown container, shouldn't you immediately use an axe to smash a hole in the side panel a",15-Second Answer (Elevator Pitch)**
QB2_C#q3,/meoclass1/QB2_C.html#q3,Simon,False,False,False,False,WEAK_INCIDENTAL_MENTION,True,"uickly scale out of control if boundary cooling is not established early, resulting in severe structural damage to the deck girders. Examiner Chain: Nair arrow Simon arrow Senthil. Nair tests the container firefighting approach and safety precautions. Simon pivots to verify how free surface water ge",15-Second Answer (Elevator Pitch)**
QB2_C#q3,/meoclass1/QB2_C.html#q3,Senthil,False,False,False,False,WEAK_INCIDENTAL_MENTION,True,"out of control if boundary cooling is not established early, resulting in severe structural damage to the deck girders. Examiner Chain: Nair arrow Simon arrow Senthil. Nair tests the container firefighting approach and safety precautions. Simon pivots to verify how free surface water generated by fi",15-Second Answer (Elevator Pitch)**
QB2_C#q4,/meoclass1/QB2_C.html#q4,Nair,True,True,False,False,STRONG_CE_TIP_ASSERTION,False,"ent: 2 Portable Water Monitors + 1 Water Mist Lance. Regulatory Reference: SOLAS Chapter II-2, Regulation 10.7.3.1. Deep-Dive Analysis Trap Questions: Examiner Nair asks: ""Where exactly in the FSS Code do you find the detailed layout for the water mist lance?"" Answer: The technical specifications fo",15-Second Answer (Elevator Pitch)**
QB2_C#q4,/meoclass1/QB2_C.html#q4,Simon,False,True,False,False,WEAK_INCIDENTAL_MENTION,True,"quirements for high-capacity portable monitors to allow continuous boundary cooling without keeping crew members in high-risk zones. Examiner Chain: Nair arrow Simon arrow Senthil. Nair tests the specific flow rates, drilling protocols, and construction requirements. Simon asks about the impact on t",15-Second Answer (Elevator Pitch)**
QB2_C#q4,/meoclass1/QB2_C.html#q4,Senthil,False,True,False,False,WEAK_INCIDENTAL_MENTION,True,"or high-capacity portable monitors to allow continuous boundary cooling without keeping crew members in high-risk zones. Examiner Chain: Nair arrow Simon arrow Senthil. Nair tests the specific flow rates, drilling protocols, and construction requirements. Simon asks about the impact on the vessel's ",15-Second Answer (Elevator Pitch)**
QB2_D#q1,/meoclass1/QB2_D.html#q1,Senthil,True,False,False,False,SUPPORTED_CE_TIP_MENTION,True,"9 Non-conformities — NCR raising and reporting MSC.1/Circ.1318-Rev.1 Maintenance & inspection guidelines for fixed CO2 fire-extinguishing systems CE Oral Tip (Senthil): Do NOT open with ""I will replace the bottle."" Senthil is testing ISM response sequencing. Lead with verification → threshold check ",CO2 bottle found empty — how will you plan your watch and what actions will you take?
QB2_D#q2,/meoclass1/QB2_D.html#q2,Simon,True,True,False,False,STRONG_CE_TIP_ASSERTION,True,utical search and rescue — the ICAO side of the joint manual SMCP — SAR section Standard Marine Communication Phrases used during SAR coordination CE Oral Tip (Simon): Simon expects exact terminology. The biggest trap is forgetting the ICAO joint-ownership — IAMSAR is the only major maritime manual ,"IAMSAR Manual — structure, volumes, and when do you use it?"
QB2_E#q1,/meoclass1/QB2_E.html#q1,Simon,True,False,False,False,SUPPORTED_CE_TIP_MENTION,True,"er to starboard (operational context only) COLREG Rule 15 Crossing situation — give-way vessel keeps clear to starboard (operational context only) CE Oral Tip (Simon): Open with the regulation-principle answer, not a seamanship generalisation: ""Rescue boat must be in continuous readiness, suitably s","Lifeboat and rescue boat — location, and why is the rescue boat often positioned on the starboard side?"
QB2_F#q1,/meoclass1/QB2_F.html#q1,Nair,True,False,False,False,SUPPORTED_CE_TIP_MENTION,True,108) MSC.1/Circ.1588/Rev.3 Revised EmS Guide aligned to Amdt. 42-24 DGS India MS Notice 09/2023 National directive on hazardous container handling CE Oral Tip: Nair frequently tests candidates on charcoal declarations. State clearly: an unverified non-hazardous certificate is not sufficient — the ca,What are the latest amendments governing carriage of IMDG cargo?
QB2_F#q2,/meoclass1/QB2_F.html#q2,Nair,True,False,False,False,SUPPORTED_CE_TIP_MENTION,False,"Guide Fire (F) and Spillage (S) emergency schedules keyed to UN number MSC.1/Circ.1458 Guidelines for open-deck container fire-fighting evaluation CE Oral Tip: Nair probes decision-making under EmS constraints. Show you prioritise hull integrity: never dump water onto a water-reactive fire, but neve",A container catches fire and the UN number shows different EmS symptoms — how do you approach and fight it?
QB2_F#q3,/meoclass1/QB2_F.html#q3,Nair,True,True,False,False,STRONG_CE_TIP_ASSERTION,True,ements MSC.1/Circ.1694 Unified interpretations of SOLAS II-2 PFOS amendments IACS UI SC309 Unified interpretation on PFOS fire-extinguishing media CE Oral Tip: Nair targets PFOS compliance evidence. If asked how you prove compliance: state that the flag/RO reviews the manufacturer's PFOS-free declar,What are the latest SOLAS Chapter II amendments and their key changes?
QB2_F#q4,/meoclass1/QB2_F.html#q4,Nair,True,False,False,False,SUPPORTED_CE_TIP_MENTION,False,"ency protocols for unmanifested/undeclared hazardous reactions MSC.1/Circ.1458 Evaluation guidelines for open-deck container fire-fighting systems CE Oral Tip: Nair pressures candidates on the water-lance decision for unknown cargo. If sparks and white smoke suggest a reactive metal fire, state clea",A fire breaks out in an undeclared dangerous goods container — how will you fight it?
QB2_F#q5,/meoclass1/QB2_F.html#q5,Nair,True,True,False,False,STRONG_CE_TIP_ASSERTION,False,"ships FSS Code Performance, testing and construction benchmarks MSC.1/Circ.1472 Design, performance, testing and approval of mobile water monitors CE Oral Tip: Nair often asks whether a monitor can connect to any standard hydrant. Confirm yes, but note both main and auxiliary fire pumps must run in ","Explain the water mist lance and mobile water monitor: how to use them, on which fires, where the requirement is mentioned, and the functional requirements."
QB2_F#q6,/meoclass1/QB2_F.html#q6,Simon,True,True,False,False,STRONG_CE_TIP_ASSERTION,True,"Adds ventilation system check to annual thorough examination of lifeboats SOLAS Reg. III/20 Maintenance and periodic inspection of survival craft CE Oral Tip: Simon expects the exact figure and resolution number together: ""5 cubic metres per hour per person, for 24 hours, under MSC.535(107)."" Follow",What are the ventilation requirements for a totally enclosed lifeboat?
QB2_H#q1,/meoclass1/QB2_H.html#q1,Nair,True,False,False,False,SUPPORTED_CE_TIP_MENTION,False,"1 What do the FSS Code and FTP Code contain? fire solas Examiner: Nair 15-Second Answer The FSS Code is the mandatory 15-chapter engineering-specification companion to SOLAS Ch II-2, covering every fixed fire-fighting/detection system from portable extinguishers to",What do the FSS Code and FTP Code contain?
QB2_H#q2,/meoclass1/QB2_H.html#q2,Simon,True,False,False,False,SUPPORTED_CE_TIP_MENTION,False,"ce and 'hydropen' for internal container firefighting, and use of water monitors. fss code ch 10 deck cargo fire container firefighting solas ii-2/10 Examiner: Simon 15-Second Answer The conventional water lance is a manually driven, physical probe used to pierce a container wall to discharge water ","Difference between water lance and 'hydropen' for internal container firefighting, and use of water monitors."
QB2_I#q1,/meoclass1/QB2_I.html#q1,Simon,True,False,False,False,SUPPORTED_CE_TIP_MENTION,True,"Maker's approved drawings The governing document for relief-valve set pressure and section design pressure — ship-specific, class-approved CE Oral Tip (Senthil/Simon): Do not quote a universal relief setting — the examiner is testing whether you know it is a design value from the approved drawings .","Fixed CO₂ fire system — what is the relief valve setting, and how is the line pressure tested?"
QB2_I#q1,/meoclass1/QB2_I.html#q1,Senthil,True,False,False,False,SUPPORTED_CE_TIP_MENTION,False,"chedule Maker's approved drawings The governing document for relief-valve set pressure and section design pressure — ship-specific, class-approved CE Oral Tip (Senthil/Simon): Do not quote a universal relief setting — the examiner is testing whether you know it is a design value from the approved dr","Fixed CO₂ fire system — what is the relief valve setting, and how is the line pressure tested?"
QB2_I#q2,/meoclass1/QB2_I.html#q2,Senthil,True,True,False,False,STRONG_CE_TIP_ASSERTION,True,it can be relied on again ISM Code Sec.8 Emergency preparedness — the drill scenario and contingency procedures covering loss of the fixed system CE Oral Tip (Senthil): The two keywords he is listening for: boundary cooling from outside and relief outlet on open deck . Say why entry is prohibited — ,"Fire in the CO₂ room — how do you fight it, and where is the relief valve outlet?"
QB2_I#q3,/meoclass1/QB2_I.html#q3,Simon,True,False,False,False,SUPPORTED_CE_TIP_MENTION,True,"ker's certificate Each disc carries a certified burst pressure ± tolerance at rated temperature — the governing figure for the fitted disc CE Oral Tip (Senthil/Simon): Answer the mechanism, not just the purpose: ""membrane stress exceeds ultimate strength at the rated pressure/temperature → tears alo",Bursting disc — how does it burst?
QB2_I#q3,/meoclass1/QB2_I.html#q3,Senthil,True,False,False,False,SUPPORTED_CE_TIP_MENTION,False,"ments Maker's certificate Each disc carries a certified burst pressure ± tolerance at rated temperature — the governing figure for the fitted disc CE Oral Tip (Senthil/Simon): Answer the mechanism, not just the purpose: ""membrane stress exceeds ultimate strength at the rated pressure/temperature → t",Bursting disc — how does it burst?
QB2_I#q4,/meoclass1/QB2_I.html#q4,Senthil,True,True,False,False,STRONG_CE_TIP_ASSERTION,True,"14.2) Flag circulars (e.g. DGS/DGMA, MPA) National implementation details and deadlines for the Rev.1 regime — verify your flag's current circular CE Oral Tip (Senthil): The examiner wants the escalation sequence verbatim: "" 10 years — at least 10%; a failure — 50%; further failures — all; before 20",CO₂ bottle pressure testing — what is the regime?
QB2_I#q5,/meoclass1/QB2_I.html#q5,Senthil,True,False,False,False,SUPPORTED_CE_TIP_MENTION,True,"ect is recorded Class Rules (e.g. IRS/DNV survey regs) Conditions/recommendations of class — imposition, time limits and deletion on rectification CE Oral Tip (Senthil): Structure as Technical → Class → SMS . Start with honest disclosure and the priming check (say ""prime"" early — it is the expected ",What actions do you take if the emergency fire pump is not working during a Class survey?
QB2_I#q6,/meoclass1/QB2_I.html#q6,Nair,True,False,False,False,SUPPORTED_CE_TIP_MENTION,False,"r Ship Certificate categories A/B/C MARPOL I/II/IV/V (Polar) Part II-A environmental provisions — zero oil/noxious discharge in polar waters CE Oral Tip (Simon/Nair): Name the resolution number and both dates first — MSC.538(107), in force 1 January 2026, grace to 1 January 2027 — then the one-line ","Polar Code — what is the latest amendment, and what is its CE relevance?"
QB2_I#q6,/meoclass1/QB2_I.html#q6,Simon,True,False,False,False,SUPPORTED_CE_TIP_MENTION,True,"; Polar Ship Certificate categories A/B/C MARPOL I/II/IV/V (Polar) Part II-A environmental provisions — zero oil/noxious discharge in polar waters CE Oral Tip (Simon/Nair): Name the resolution number and both dates first — MSC.538(107), in force 1 January 2026, grace to 1 January 2027 — then the one","Polar Code — what is the latest amendment, and what is its CE relevance?"
QB2_I#q7,/meoclass1/QB2_I.html#q7,Simon,True,False,False,False,SUPPORTED_CE_TIP_MENTION,True,"SC.566(109) Latest IGC amendment — in force 1 Jul 2026 IGC Code Ch.4 / Ch.19 Cargo containment tank types A/B/C & membrane; product carriage table CE Oral Tip (Simon): Expand the name exactly, anchor it to SOLAS Ch. VII, then show depth with the tank types — A (full secondary barrier), B (partial, c",What is the IGC Code?
QB3_A#q1,/meoclass1/QB3_A.html#q1,Nair,True,True,False,False,STRONG_CE_TIP_ASSERTION,True,er level detectors on multiple-hold cargo ships other than bulk carriers/tankers (≥1 Jan 2024) IACS UR S Common structural rules for bulk carriers CE Oral Tip: Nair/Srivastava expect you to immediately link SOLAS Ch XII Reg 12 to the WIDAS alarms you test under PMS — naming the exact alarm levels (0,"SOLAS Chapter XII — what does it cover, and why is it relevant to bulk carriers?"
QB3_A#q1,/meoclass1/QB3_A.html#q1,Srivastava,True,True,False,False,STRONG_CE_TIP_ASSERTION,True,"vel detectors on multiple-hold cargo ships other than bulk carriers/tankers (≥1 Jan 2024) IACS UR S Common structural rules for bulk carriers CE Oral Tip: Nair/Srivastava expect you to immediately link SOLAS Ch XII Reg 12 to the WIDAS alarms you test under PMS — naming the exact alarm levels (0.5m, ","SOLAS Chapter XII — what does it cover, and why is it relevant to bulk carriers?"
QB3_A#q2,/meoclass1/QB3_A.html#q2,Rajappan,True,False,False,False,SUPPORTED_CE_TIP_MENTION,False,"ents Ship's Trim & Stability Booklet Vessel-specific list correction tables IMO Res. A.749(18) (as amended) Intact stability code basis CE Oral Tip: Examiners (Rajappan especially) test whether candidates confuse the two — say ""heel is temporary/external, list is permanent/internal"" in the first sen","What is the difference between heel and list, and how is each corrected?"
QB3_A#q3,/meoclass1/QB3_A.html#q3,Nair,False,False,False,False,WEAK_INCIDENTAL_MENTION,True,link to the need to understand critical areas and original scantlings BEFORE evaluating UTM readings or planning steel renewals. Examiner Chain Likely chain if Nair starts with SCF: SCF → Critical Areas → ESP → UTM → Substantial Corrosion → Steel Renewal → Dry Dock planning. Have pivots ready: From ,"What is a Ship Construction File, and what does it contain?"
QB3_A#q3,/meoclass1/QB3_A.html#q3,Srivastava,True,True,False,False,STRONG_CE_TIP_ASSERTION,False,tion IMO Res. MSC.290(87) PSPC for dedicated seawater ballast tanks Classification Society Survey Status Documents cross-reference for SCF updates CE Oral Tip: Srivastava expects the SCF distinguished from the Ship's Stability Booklet and the Class Survey Status — three different documents commonly ,"What is a Ship Construction File, and what does it contain?"
QB3_A#q4,/meoclass1/QB3_A.html#q4,Nair,True,True,False,False,STRONG_CE_TIP_ASSERTION,True,"delegation (MS Act 2025 RO-delegation powers — formerly MS Act 1958 §7(3)/9(1-A); existing authorizations continue under the s.324(2)(a) savings) CE Oral Tip: Nair/Srivastava want actual notations from your last ship's certificate, not generic theory — keep a mental note of your vessel's class certi",Explain class notations using your last vessel as an example.
QB3_A#q4,/meoclass1/QB3_A.html#q4,Srivastava,True,True,False,False,STRONG_CE_TIP_ASSERTION,True,"gation (MS Act 2025 RO-delegation powers — formerly MS Act 1958 §7(3)/9(1-A); existing authorizations continue under the s.324(2)(a) savings) CE Oral Tip: Nair/Srivastava want actual notations from your last ship's certificate, not generic theory — keep a mental note of your vessel's class certifica",Explain class notations using your last vessel as an example.
QB3_A#q6,/meoclass1/QB3_A.html#q6,Srivastava,False,False,False,False,WEAK_INCIDENTAL_MENTION,True,"nd strengthened survey regimes. Use these to emphasise why enhanced, targeted surveys and CERs exist, not just “more paperwork.” Examiner Chain Likely chain if Srivastava starts on ESP: ESP → ESP File (CER, UTM, coatings) → UTM & Allowable Diminution (Q11) → Substantial Corrosion (Q12) → Steel Renew",Explain the Enhanced Survey Programme (ESP) — what does it cover and what does the ESP file contain?
QB3_B#q1,/meoclass1/QB3_B.html#q1,Simon,True,True,False,False,STRONG_CE_TIP_ASSERTION,False,"diminution criteria, and close-up survey requirements Load Line 1966 / Reg 14 Cargo ports and similar openings — watertight integrity CE Oral Tip: If asked by Simon, lead with watertight integrity and load line compliance . If Senthil asks, he will immediately pivot to how you prepare a ballast tank",What is a hull survey — what does it cover and what are the requirements?
QB3_B#q1,/meoclass1/QB3_B.html#q1,Senthil,True,True,False,False,STRONG_CE_TIP_ASSERTION,False,"6 / Reg 14 Cargo ports and similar openings — watertight integrity CE Oral Tip: If asked by Simon, lead with watertight integrity and load line compliance . If Senthil asks, he will immediately pivot to how you prepare a ballast tank for a surveyor — state the four elements of Safe Entry: isolation,",What is a hull survey — what does it cover and what are the requirements?
QB3_B#q2,/meoclass1/QB3_B.html#q2,Rajappan,True,True,False,False,STRONG_CE_TIP_ASSERTION,False,"an-flag ships are made by the DGMA-authorized RO conducting the survey; findings are logged in the CER and reportable to DGMA independent of Class CE Oral Tip: Rajappan will often ask: ""If you find 25% diminution on a deck plate out at sea, can you weld a doubler plate over it?"" Answer firmly: ""No, ",What are the criteria for steel plate renewal during a hull survey?
QB3_B#q3,/meoclass1/QB3_B.html#q3,Nair,True,True,False,False,STRONG_CE_TIP_ASSERTION,True,"ast tank inspections during statutory surveys on Indian-flag ships are conducted by the DGMA-authorized RO; findings feed the CER used by DGMA/PSC CE Oral Tip: Nair loves to ask: ""What will you do if the striking plate under the sounding pipe is completely corroded through or missing?"" Answer: ""Sir,",What do you specifically check during a ballast water tank inspection?
QB3_B#q4,/meoclass1/QB3_B.html#q4,Senthil,True,False,False,False,SUPPORTED_CE_TIP_MENTION,False,"tion Substantial corrosion findings are assessed by the DGMA-authorized RO during statutory survey; reportable to DGMA independent of Class action CE Oral Tip: Senthil frequently tests this: ""If the surveyor marks an area as substantial corrosion, can you wait until the next drydock in 3 years?"" Ans","What is the definition of 'substantial corrosion' in the context of hull surveys, and what criteria determine when it applies?"
QB3_B#q5,/meoclass1/QB3_B.html#q5,Simon,True,False,False,False,SUPPORTED_CE_TIP_MENTION,False,"1958 §7(3)/9(1-A); existing authorizations continue under the s.324(2)(a) savings); ESP File/CER findings reportable to DGMA independent of Class CE Oral Tip: Simon will try to trap you: ""On your last Maersk container ship, how did you prepare the ESP file for the surveyor?"" Do not fall into this tr","Give a full overview of the Enhanced Survey Programme (ESP) Code — scope, ship types covered, survey cycles, and key CE responsibilities."
QB3_B#q6,/meoclass1/QB3_B.html#q6,Simon,True,True,False,False,STRONG_CE_TIP_ASSERTION,False,"or application of Goal-Based Standards methodology IACS CSR Common Structural Rules — IACS unified rules built to comply with GBS Tier II criteria CE Oral Tip: Simon will ask: ""What is the core philosophical difference between old ship construction rules and GBS?"" Key phrase: ""Sir, traditional rules","Explain Goal-Based Standards (GBS) under SOLAS Chapter II-1 — what they are, how they work, and their significance for ship construction."
QB3_B#q7,/meoclass1/QB3_B.html#q7,Senthil,True,True,False,False,STRONG_CE_TIP_ASSERTION,False,"sition and security management of the SCF Class Rules — Survey/Docs Requirements for updating the SCF following significant structural alterations CE Oral Tip: Senthil will ask: ""If you carry out a major steel renewal in drydock, do you need to do anything with the Ship Construction File?"" Answer: ""","What is the Ship Construction File, what must it contain, and what is its purpose?"
QB3_B#q8,/meoclass1/QB3_B.html#q8,Rajappan,True,True,False,False,STRONG_CE_TIP_ASSERTION,False,"on Indian-flag ships are conducted by the DGMA-authorized RO; the survey outcome is reportable to DGMA independent of the yard/Class relationship CE Oral Tip: Rajappan will ask: ""What is the absolute last thing you do as CE before they flood the drydock?"" Response: ""Sir, I conduct a personal walk-ar","Describe the full drydocking process and requirements for a ship — including intervals, what inspections are carried out, and CE responsibilities."
QB3_B#q9,/meoclass1/QB3_B.html#q9,Nair,True,True,False,False,STRONG_CE_TIP_ASSERTION,True,"ry survey/certification to ROs (IRS and others) via bilateral RO Authorization Agreement, distinct from the RO's own class survey function CE Oral Tip: Simon / Nair will ask: ""What is the difference between a Class Survey and a Statutory Survey?"" Core answer: ""Sir, a Class Survey verifies compliance","Give an overview of the classification society survey system — types of surveys, periodicity, and the role of class in statutory survey delegation."
QB3_B#q9,/meoclass1/QB3_B.html#q9,Simon,True,True,False,False,STRONG_CE_TIP_ASSERTION,False,"statutory survey/certification to ROs (IRS and others) via bilateral RO Authorization Agreement, distinct from the RO's own class survey function CE Oral Tip: Simon / Nair will ask: ""What is the difference between a Class Survey and a Statutory Survey?"" Core answer: ""Sir, a Class Survey verifies com","Give an overview of the classification society survey system — types of surveys, periodicity, and the role of class in statutory survey delegation."
QB3_B#q10,/meoclass1/QB3_B.html#q10,Senthil,True,True,False,False,STRONG_CE_TIP_ASSERTION,False,"Class rules IACS CSR — Bulk Carriers Unified structural design specifications, corrosion additions, and fatigue benchmarks for bulk carriers ≥90 m CE Oral Tip: Senthil may ask: ""Why does SOLAS Chapter XII have specific rules for bulk carriers carrying cargo with a density of 1.78 g/cm³ and above?"" A","Under which rules is a bulk carrier built, and where is this referenced in SOLAS?"
QB3_B#q11,/meoclass1/QB3_B.html#q11,Senthil,True,False,False,False,SUPPORTED_CE_TIP_MENTION,True,"termediate surveys post-renewal is executed by the DGMA-authorized RO; missed windows are reportable to DGMA directly, independent of Class action CE Oral Tip: Senthil uses this as a technical trap: ""Since we completely renewed 50 tons of steel during the renewal survey six months ago, can I skip op","If a ship has already undergone a Renewal survey, what are the requirements for subsequent Annual and Intermediate surveys — do they still need to be carried out, and what do they cover?"
QB3_B#q12,/meoclass1/QB3_B.html#q12,Rajappan,True,True,False,False,STRONG_CE_TIP_ASSERTION,False,", and maintenance of IG systems (2019) Class Rules — Machinery/Safety Class testing parameters for automated engine room and IG control interfaces CE Oral Tip: Rajappan will ask: ""What happens if the scrubber water pump fails while operating the IG system?"" Answer: ""Sir, the low water flow sensor im",What are the alarms and trips fitted to an Inert Gas (IG) system on a tanker / container ship?
QB3_B#q13,/meoclass1/QB3_B.html#q13,Simon,True,True,False,False,STRONG_CE_TIP_ASSERTION,False,"guidelines for inert gas quality management Class Rules — Control Systems Automation matrices governing closure of gas regulating valve on high O₂ CE Oral Tip: Simon will ask: ""Does the IG blower trip if the oxygen level goes to 7%?"" Precise response: ""No, sir. The blower itself does not trip on hig","How do you check low and high oxygen levels on an O₂ analyser, and what are the limits?"
QB3_B#q14,/meoclass1/QB3_B.html#q14,Senthil,True,True,False,False,STRONG_CE_TIP_ASSERTION,False,"ing of shipboard oxygen analysers (2019) Class Rules — Instrumentation Testing requirements for instrumentation accuracy in hazardous environments CE Oral Tip: Senthil often asks: ""What will you do if your O₂ analyser reads 21% in air, but when you apply 1% span gas it shows 2.5% and won't adjust?"" ",How do you ensure an O₂ analyser is working satisfactorily onboard?
QB3_B#q15,/meoclass1/QB3_B.html#q15,Simon,True,True,False,False,STRONG_CE_TIP_ASSERTION,False,"g preparation and certification of calibration gases Class Rules — Safety Systems Verification rules for testing equipment used in hazardous areas CE Oral Tip: Simon may ask: ""Can I use pure CO₂ as my zero test gas for an O₂ analyser?"" Response: ""No, sir. Pure Nitrogen is the internationally accepte",What is span gas and what is test gas? How are they used in the calibration of an O₂ analyser?
QB3_B#q16,/meoclass1/QB3_B.html#q16,Senthil,True,False,False,False,SUPPORTED_CE_TIP_MENTION,False,"tank pressure profiles Class Rules — Machinery/Automation Design guidelines mapping interlocks between IG low-low pressure and cargo pump breakers CE Oral Tip: Senthil will test your units. If you say ""100 bar"" you fail instantly. Explicitly state: ""Sir, the low-low trip is 100 millimetres of water ","What are the alarm limits for IG main line pressure — specifically the low, low-low, and high pressure values?"
QB3_B#q17,/meoclass1/QB3_B.html#q17,Rajappan,True,True,False,False,STRONG_CE_TIP_ASSERTION,False,"ted safety loops on tankers Class Rules — Automation Tests Protocols defining mandatory physical simulation methods for safety sensor verification CE Oral Tip: Rajappan may ask: ""Can you test the low-low pressure alarm by simply opening a valve and venting the whole deck main to zero while dischargi",How do you test the high pressure and low-low pressure alarms on an IG system?
QB3_B#q18,/meoclass1/QB3_B.html#q18,Simon,True,False,False,False,SUPPORTED_CE_TIP_MENTION,True,"r manifest and documentation layout and storage IMDG Code / Chapter 2.10 Technical definition criteria and operational lists for Marine Pollutants CE Oral Tip: Simon likes to test the operational interface: ""During a storm, a container labeled as a Marine Pollutant is damaged on deck and leaking. Ca",What are marine pollutants and what is their ecosystem impact? How does MARPOL address this?
QB3_B#q19,/meoclass1/QB3_B.html#q19,Simon,True,True,False,False,STRONG_CE_TIP_ASSERTION,False,"classification for packaged substances UNCLOS / Art 200 Mandates states to promote scientific studies and exchange data regarding marine pollution CE Oral Tip: Simon will ask: ""Who decides if a chemical is a Category X or Category Y cargo under MARPOL Annex II?"" Do not say 'the surveyor' or 'the shi","What does GESAMP stand for, and what is its role in the maritime context?"
QB3_C#q1,/meoclass1/QB3_C.html#q1,Nair,True,False,False,False,SUPPORTED_CE_TIP_MENTION,True,"format for the Garbage Record Book. ISO 21070:2017 Outlines shipboard sorting, minimization, and storage standards for marine garbage. CE Oral Tip (Kochi MMD): Nair will probe whether you know the thresholds have converged. State clearly: ""Sir, the Garbage Management Plan is mandatory at 100 gross t",MARPOL Annex V latest amendments?
QB3_C#q1,/meoclass1/QB3_C.html#q1,Rajappan,False,False,False,False,WEAK_INCIDENTAL_MENTION,False,"tic cargo lashings or heavy plastic tarpaulins during storms, highlighting the strict enforcement of electronic and paper GRB compliance. Examiner Chain Nair → Rajappan → Senthil. Nair focuses on plastic bans and HME cargo hold washings. Rajappan shifts to the mechanical aspects of the galley garbag",MARPOL Annex V latest amendments?
QB3_C#q1,/meoclass1/QB3_C.html#q1,Senthil,False,False,False,False,WEAK_INCIDENTAL_MENTION,False,"ashings or heavy plastic tarpaulins during storms, highlighting the strict enforcement of electronic and paper GRB compliance. Examiner Chain Nair → Rajappan → Senthil. Nair focuses on plastic bans and HME cargo hold washings. Rajappan shifts to the mechanical aspects of the galley garbage comminute",MARPOL Annex V latest amendments?
QB3_C#q2,/meoclass1/QB3_C.html#q2,Nair,False,False,False,False,WEAK_INCIDENTAL_MENTION,False,"Class and Port State authorities scrutinize current MLC financial security and STCW management endorsements during structural audits. Examiner Chain Rajappan → Nair → Srivastava. Rajappan assesses tanker-specific codes, STCW endorsements, and SIRE vetting. Nair shifts to the structural and welding d",Oil tanker amendment package?
QB3_C#q2,/meoclass1/QB3_C.html#q2,Rajappan,True,True,False,False,STRONG_CE_TIP_ASSERTION,True,"ed tanker operations. MLC 2006 Standard A2.5.2 Establishes financial security requirements to protect seafarers from abandonment. CE Oral Tip (Kochi MMD): When Rajappan asks about tanker updates, structure your answer across multiple conventions: MARPOL for structural/carbon rules, SOLAS for flashpo",Oil tanker amendment package?
QB3_C#q2,/meoclass1/QB3_C.html#q2,Srivastava,False,False,False,False,WEAK_INCIDENTAL_MENTION,False,"nd Port State authorities scrutinize current MLC financial security and STCW management endorsements during structural audits. Examiner Chain Rajappan → Nair → Srivastava. Rajappan assesses tanker-specific codes, STCW endorsements, and SIRE vetting. Nair shifts to the structural and welding details ",Oil tanker amendment package?
QB3_C#q3,/meoclass1/QB3_C.html#q3,Nair,False,False,False,False,WEAK_INCIDENTAL_MENTION,False,"lobal mandate for the HKC and the IHM tracking system, ensuring yards know exactly where hazardous items reside before cutting steel. Examiner Chain Rajappan → Nair → Simon. Rajappan establishes the HKC purpose, IHM parts, and entry-into-force timeline. Nair shifts focus to operational hazardous was",Hong Kong Convention — IHM three parts and CE role?
QB3_C#q3,/meoclass1/QB3_C.html#q3,Simon,False,False,False,False,WEAK_INCIDENTAL_MENTION,False,"andate for the HKC and the IHM tracking system, ensuring yards know exactly where hazardous items reside before cutting steel. Examiner Chain Rajappan → Nair → Simon. Rajappan establishes the HKC purpose, IHM parts, and entry-into-force timeline. Nair shifts focus to operational hazardous waste hand",Hong Kong Convention — IHM three parts and CE role?
QB3_C#q3,/meoclass1/QB3_C.html#q3,Rajappan,True,False,False,False,SUPPORTED_CE_TIP_MENTION,True,"materials containing asbestos. EU SRR (Regulation 1257/2013) Implements European standards for IHMs and recycling facility approvals. CE Oral Tip (Kochi MMD): Rajappan focuses heavily on the date and tonnage. Be prepared to state clearly: ""Sir, the Hong Kong Convention entered into force on 26 June ",Hong Kong Convention — IHM three parts and CE role?
QB3_C#q4,/meoclass1/QB3_C.html#q4,Nair,False,True,False,False,WEAK_INCIDENTAL_MENTION,True,"ghted the need for a scientific evaluation of cargo hazards, leading to the integration of GESAMP's assessments into MARPOL Annex II. Examiner Chain Rajappan → Nair → Srivastava. Rajappan asks for the definition and role of GESAMP. Nair shifts focus to operational tank cleaning, stripping efficiency",GESAMP — role and MARPOL Annex II link?
QB3_C#q4,/meoclass1/QB3_C.html#q4,Rajappan,True,True,False,False,STRONG_CE_TIP_ASSERTION,False,"ate Control officers in verifying environmental certificates backed by UN standards — supersedes A.1185(33), in force 1 Jan 2026. CE Oral Tip (Kochi MMD): When Rajappan asks about this, emphasize that GESAMP is scientific, not legislative . State clearly: ""Sir, GESAMP provides the independent scient",GESAMP — role and MARPOL Annex II link?
QB3_C#q4,/meoclass1/QB3_C.html#q4,Srivastava,False,True,False,False,WEAK_INCIDENTAL_MENTION,True,"he need for a scientific evaluation of cargo hazards, leading to the integration of GESAMP's assessments into MARPOL Annex II. Examiner Chain Rajappan → Nair → Srivastava. Rajappan asks for the definition and role of GESAMP. Nair shifts focus to operational tank cleaning, stripping efficiency tests,",GESAMP — role and MARPOL Annex II link?
QB3_C#q5,/meoclass1/QB3_C.html#q5,Nair,True,True,False,False,STRONG_CE_TIP_ASSERTION,True,"to protect marine ecosystems. MARPOL Annex VI, Reg 12 Mandates strict tracking, containment, and recovery protocols for all ODS. CE Oral Tip (Kochi MMD): When Nair asks about this, use the term ""Basel Convention Article 2(8)"" right away. State clearly: ""Sir, Environmentally Sound Management stems fr",Environmentally Sound Management (ESM) in shipping?
QB3_C#q5,/meoclass1/QB3_C.html#q5,Rajappan,False,False,False,False,WEAK_INCIDENTAL_MENTION,False,"ector, these rules ensure that highly toxic residues from cargo tanks and older hull insulation are accounted for and disposed of safely. Examiner Chain Nair → Rajappan → Srivastava. Nair tests the definitions, cross-convention linkages, and practical implementation. Rajappan shifts focus to chemica",Environmentally Sound Management (ESM) in shipping?
QB3_C#q5,/meoclass1/QB3_C.html#q5,Srivastava,False,False,False,False,WEAK_INCIDENTAL_MENTION,False,"e rules ensure that highly toxic residues from cargo tanks and older hull insulation are accounted for and disposed of safely. Examiner Chain Nair → Rajappan → Srivastava. Nair tests the definitions, cross-convention linkages, and practical implementation. Rajappan shifts focus to chemical tanker ca",Environmentally Sound Management (ESM) in shipping?
QB3_D#q1,/meoclass1/QB3_D.html#q1,Nair,True,False,False,False,SUPPORTED_CE_TIP_MENTION,True,"lel EU-specific IHM requirement predating HKC entry into force SOLAS Reg II-1/3-5 Prohibition on new installation of asbestos-containing materials CE Oral Tip: Nair uses ""Green Passport"" as the trigger word — accept it, then immediately upgrade to the formal term: ""Sir, the Green Passport is formall","Green passport (Inventory of Hazardous Materials) — what is it, what does it contain, and which convention requires it?"
QB3_E#q1,/meoclass1/QB3_E.html#q1,Simon,True,False,False,False,SUPPORTED_CE_TIP_MENTION,True,"PC.320(74) 2019 Guidelines on consistent implementation of the 0.50% sulphur limit MEPC.321(74) 2019 PSC Guidelines for MARPOL Annex VI compliance CE Oral Tip (Simon): Open with: ""MARPOL Annex VI Regulation 14 — 0.50% globally, 0.10% in SOx ECA, above 0.50% only by approved equivalent arrangement."" ",Fuel sulphur limit — can you go beyond 0.5% S? How do you come to know the applicable sulphur limit?
QB3_E#q2,/meoclass1/QB3_E.html#q2,Simon,True,False,False,False,SUPPORTED_CE_TIP_MENTION,True,"— applies to pre-1 Jun 2022 contracted installations MEPC.1/Circ.883/Rev.1 Guidance on monitoring-instrument failure and EGCS malfunction response CE Oral Tip (Simon): Say early: ""Scrubber is not a fuel-treatment device; it is an exhaust-cleaning equivalent arrangement under MARPOL Annex VI."" Then g",EGCS (Exhaust Gas Cleaning System / scrubber) working principle — explain.
QB3_E#q3,/meoclass1/QB3_E.html#q3,Simon,True,False,False,False,SUPPORTED_CE_TIP_MENTION,True,"(24) Revised Guidelines for identification and designation of PSSAs IMO PSSA protective measures Includes Areas To Be Avoided and routeing systems CE Oral Tip (Simon): Give the two definitions first and only then discuss examples or operational effects. The common failure is mixing up Special Area, ",What is a Special Area under MARPOL? What is a PSSA (Particularly Sensitive Sea Area)?
QB3_F#q1,/meoclass1/QB3_F.html#q1,Simon,True,False,False,False,SUPPORTED_CE_TIP_MENTION,False,"MEPC.133(53) Extension of GBR PSSA to include Torres Strait (2005) SOLAS Ch. V, Reg. 10 &amp; 11 Ships' routing and reporting systems used as APMs CE Oral Tip: Simon probes the legal distinction directly — do not conflate the two. State plainly: Special Areas are MARPOL discharge-limit zones; PSSAs ","Define Special Area and PSSA under MARPOL/IMO, with examples."
QB3_F#q2,/meoclass1/QB3_F.html#q2,Nair,True,False,False,False,SUPPORTED_CE_TIP_MENTION,True,I NOx Technical Code 2008 Testing/certification of marine diesel engines DGS India MS Notice 04/2023 National guidance on SEEMP/CII implementation CE Oral Tip: Nair focuses on the IAPP Supplement content. Be ready to explain the SOx checkbox (low-sulphur fuel vs EGCS/scrubber) and NOx tier selection,What statutory certificates are required under MARPOL Annex VI?
QB3_F#q3,/meoclass1/QB3_F.html#q3,Simon,True,True,False,False,STRONG_CE_TIP_ASSERTION,False,"108(49) as amended Guidelines/specifications for ODME Merchant Shipping (Prevention of Pollution by Oil) Rules — India National implementing rules CE Oral Tip: Simon traps candidates on terminology — the cargo-space rate is 30 litres per nautical mile, not '30 ppm'. Be ready to write the ODME rate f",What is the discharge criteria for oil tankers under MARPOL Annex I?
QB3_F#q4,/meoclass1/QB3_F.html#q4,Nair,True,False,False,False,SUPPORTED_CE_TIP_MENTION,True,"wered to 100 GT, eff. 1 May 2024; Garbage Management Plan requirement MARPOL Annex V, Reg. 3-5 Discharge/disposal restrictions by garbage category CE Oral Tip: Nair checks whether candidates know the split between Part I and Part II, and whether every accidental loss (e.g. lost fishing gear) is a ma",Describe MARPOL Annex V record books and the procedure followed onboard.
QB3_F#q5,/meoclass1/QB3_F.html#q5,Simon,True,True,False,False,STRONG_CE_TIP_ASSERTION,True,"nded by MEPC.405(83) IHM guidelines and Hazardous Materials list SOLAS/MARPOL cross-reference IHM survey linked to statutory certification renewal CE Oral Tip: Simon wants the exact entry-into-force date, the 500 GT applicability threshold, and India's domestic instrument name. State all three preci",Discuss the Hong Kong Convention and India's perspective on ship recycling ratification and implementation.
QB3_F#q6,/meoclass1/QB3_F.html#q6,Simon,True,False,False,False,SUPPORTED_CE_TIP_MENTION,True,"cling facility for SCN eligibility BIMCO RECYCLECON Separate commercial sale contract for the recycling transaction itself — not the SCN mechanism CE Oral Tip: Simon is testing whether candidates conflate a government subsidy with a commercial settlement document. Lead with ""government financial inc",What is a ship-breaking credit note and how does it work?
QB3_G#q1,/meoclass1/QB3_G.html#q1,Simon,True,True,False,False,STRONG_CE_TIP_ASSERTION,True,of ongoing non-compliance and fuel non-availability DGMA / Merchant Shipping notices Statutory reporting mechanisms for Indian-flag vessels/waters CE Oral Tip: Simon drills the exact timing. Never say the FONAR is filed after arrival or during bunkering of non-compliant fuel — it must be sent immedi,What is a FONAR (Fuel Oil Non-Availability Report) and when must it be filed?
QB3_G#q2,/meoclass1/QB3_G.html#q2,Simon,True,False,False,False,SUPPORTED_CE_TIP_MENTION,True,"n during oil transfer between tankers at sea (STS) UNCLOS Art. 94 Flag State duties — administrative, technical and social jurisdiction over ships CE Oral Tip: Simon is testing awareness of current geopolitical/regulatory risk alongside classic navigation safety. Anchor the answer in safety-of-navig",What is the 'Dark Fleet' (Shadow Fleet) and what safety/environmental risks does it pose?
QB3_G#q3,/meoclass1/QB3_G.html#q3,Simon,True,False,False,False,SUPPORTED_CE_TIP_MENTION,False,"the vessel is EU-flagged or calls EU ports before recycling ISO 30003 / ISO 30005 Ships and marine technology — ship recycling management systems CE Oral Tip: Simon's stock question: ""What's the primary engine-department document required before a ship goes for scrap?"" Lead immediately with the IHM ","Describe the ship recycling procedure in India under the Recycling of Ships Act, 2019."
QB3_G#q4,/meoclass1/QB3_G.html#q4,Simon,True,False,False,False,SUPPORTED_CE_TIP_MENTION,False,", tank washing, and atmosphere monitoring guidance Hong Kong International Convention (2009) Underlying international framework for safe recycling CE Oral Tip: Simon's scenario trap: ""IHM says zero asbestos, but yard surveyors find asbestos gaskets in an auxiliary sea-chest valve during cutting — wh","Ship recycling cross-questions: what practical, safety-critical checks will an examiner probe beyond the standard procedure?"
QB3_H#q1,/meoclass1/QB3_H.html#q1,Simon,True,False,False,False,SUPPORTED_CE_TIP_MENTION,False,"1 What are a PSA and a PSSA? Give an example of each. marpol solas Examiner: Simon 15-Second Answer An Area to be Avoided (ATBA) and Special Area are routeing/discharge tools, but the only IMO-recognised term here is PSSA (Particularly Sensitive Sea Area) — an IMO-designated a",What are a PSA and a PSSA? Give an example of each.
QB3_H#q2,/meoclass1/QB3_H.html#q2,Simon,False,False,False,False,WEAK_INCIDENTAL_MENTION,False,"2 Explain the HNS Convention. Is it in force? Why not? What does the HNS Fund cover? marpol Examiner: Simon 15-Second Answer The HNS Convention (1996, revised by the 2010 Protocol) sets up a two-tier liability/compensation regime — shipowner liability plus an HNS Fund — for hazardous and noxious sub",Explain the HNS Convention. Is it in force? Why not? What does the HNS Fund cover?
QB3_H#q3,/meoclass1/QB3_H.html#q3,Rajappan,True,False,False,False,SUPPORTED_CE_TIP_MENTION,False,"3 How do you test the high and low-low level alarms on the Inert Gas system? marpol machinery Examiner: Rajappan 15-Second Answer IG alarms are tested by simulating the trip condition at the sensor — for O2 high, introducing certified calibration gas above 8% at the analyser; for pressure/temperatur",How do you test the high and low-low level alarms on the Inert Gas system?
QB3_H#q4,/meoclass1/QB3_H.html#q4,Simon,True,False,False,False,SUPPORTED_CE_TIP_MENTION,False,"4 Ship recycling procedure in India? ** ship recycling hkc recertification indian yards Examiner: Simon 15-Second Answer Ship recycling in India is regulated under the Recycling of Ships Act, 2019 , which implements the Hong Kong International Convention for the Safe and Environmentally Sound Recy",Ship recycling procedure in India?
QB3_H#q5,/meoclass1/QB3_H.html#q5,Simon,True,False,False,False,SUPPORTED_CE_TIP_MENTION,False,5 Ship recycling procedure. Cross questions. ** hkc ihm recycling survey certificate validity Examiner: Simon 15-Second Answer The international ship recycling procedure under the Hong Kong Convention (HKC) dictates that a ship must maintain an active Inventory of Hazardous Materials (IHM) throughou,Ship recycling procedure. Cross questions.
QB3_H#q6,/meoclass1/QB3_H.html#q6,Nair,True,False,False,False,SUPPORTED_CE_TIP_MENTION,False,6 MARPOL Annex II — contents and certificates required? ** marpol annex ii nls p&a manual cargo record book Examiner: Nair 15-Second Answer MARPOL Annex II regulates the control of pollution by Noxious Liquid Substances (NLS) carried in bulk. It classifies liquid chemical substances into four distin,MARPOL Annex II — contents and certificates required?
QB3_J#q1,/meoclass1/QB3_J.html#q1,Simon,True,True,False,False,STRONG_CE_TIP_ASSERTION,True,"CO₂ = 1 IMO GFI framework (DRAFT) Well-to-wake GHG fuel intensity — draft, not adopted; MEPC/ES.2 resumes 4 Dec 2026 — do not cite as current law CE Oral Tip (Simon): Simon wants the physics first — ""absorbs outgoing infrared and re-radiates it"" — then the comparison in two numbers: methane ~ 28–30×",Effects of CO₂ and methane on the atmosphere.
QB3_J#q2,/meoclass1/QB3_J.html#q2,Simon,True,True,False,False,STRONG_CE_TIP_ASSERTION,True,"t CO₂/t fuel EU Reg. 2015/757 (MRV) + EU ETS Per-voyage monitoring, reporting and verification for EU-scope voyages; allowance surrender from 2024 CE Oral Tip (Simon): Simon asked this on a container-ship session — answer with your own ship's chain: flowmeter/BDN data → CO₂ = fuel × Cf (say 3.114 fo","What is carbon footprint, and how do you check the carbon footprint of your ship?"
QB3_J#q3,/meoclass1/QB3_J.html#q3,Simon,True,False,False,False,SUPPORTED_CE_TIP_MENTION,True,"g Convention 2009 In force 26 Jun 2025 — IHM certification joins the statutory set (International Certificate on Inventory of Hazardous Materials) CE Oral Tip (Simon): The question came on an LNG-carrier session — so after the standard list, volunteer the gas-ship additions unprompted: Certificate o","Statutory certificates under SOLAS and MARPOL — give a comprehensive list, beyond just Annex VI."
QB3_J#q4,/meoclass1/QB3_J.html#q4,Simon,True,False,False,False,SUPPORTED_CE_TIP_MENTION,True,"ting Authority IMO/IPIECA guidance Tiered Preparedness and Response — the source of the Tier 1/2/3 classification used in national plans worldwide CE Oral Tip (Simon): Give the three tiers by capability , not by tonnage — ""local resources / regional-national resources / international assistance"" — a",What are the tiers under OPRC?
QB3_J#q5,/meoclass1/QB3_J.html#q5,Simon,True,False,False,False,SUPPORTED_CE_TIP_MENTION,True,In force 15 Mar 2026 — the statutory frame for pollution jurisdiction in Indian waters (Part-level citation; section mapping pending verification) CE Oral Tip (Simon): Expand the acronym instantly and correctly — National Oil Spill Disaster Contingency Plan — then give the two facts that show real k,What is NOS-DCP?
QB4_A#q1,/meoclass1/QB4_A.html#q1,Nair,True,True,False,False,STRONG_CE_TIP_ASSERTION,True,"rements of the SMS ISM Code §13 Certification, verification and control MSC-MEPC.7/Circ.8 Revised Guidelines on the implementation of the ISM Code CE Oral Tip: Nair asks for §1.2 verbatim — memorise it. He follows with the DOC vs SMC distinction: DOC → Company, SMC → Ship, and that loss of DOC inval",State the objective and functional requirements of the ISM Code. What must a Safety Management System contain?
QB4_A#q2,/meoclass1/QB4_A.html#q2,Simon,True,True,False,False,STRONG_CE_TIP_ASSERTION,False,"S, procedures ISM Code §9 Reports and analysis of non-conformities, accidents and hazardous occurrences ISM Code §4 Designated Person Ashore (DPA) CE Oral Tip: Simon tests whether the CE understands the boundary between the Master's overriding authority (§5.2) and the CE's delegated authority. Name ","As Chief Engineer, what are your specific roles and responsibilities as defined in the SMS manual?"
QB4_A#q3,/meoclass1/QB4_A.html#q3,Nair,True,False,False,False,SUPPORTED_CE_TIP_MENTION,True,"und during a DGMA/MMD-witnessed audit is reported to DGMA directly, which can suspend the DOC/SMC independent of the RO's own certification action CE Oral Tip: Nair's trap: a PSC ""deficiency"" is not the same as an ISM ""non-conformity."" State this distinction unprompted. Also don't conflate ""propose""",An ISM non-conformity or deficiency is raised during an audit. What are the timescales for corrective action and how does the process work?
QB4_A#q4,/meoclass1/QB4_A.html#q4,Nair,True,False,False,False,SUPPORTED_CE_TIP_MENTION,True,"ioning Verify ISM compliance for DOC/SMC Verify convention compliance Outcome Report, NCs, §12.2 input DOC/SMC endorsed or suspended Deficiencies, Action Codes Nair's trap: PSC is NOT an ISM audit. PSC raises ""deficiencies""; ISM audits raise ""non-conformities."" A serious PSC deficiency may prompt an","Describe the internal audit procedure under the ISM Code. Who conducts it, what is checked, and what is the outcome?"
QB4_A#q5,/meoclass1/QB4_A.html#q5,Nair,True,False,False,False,SUPPORTED_CE_TIP_MENTION,True,"rtment (MMD) offices under DGMA; IOCIS database shares code architecture with Paris/Tokyo MoU. India is a founding IOMOU signatory (Goa, Jan 1999) CE Oral Tip: Nair's classic angle: which MOU applies in Indian ports? Answer — the Indian Ocean MOU, executed on the ground by Mercantile Marine Departme","Describe how a PSC inspection is conducted — how do officers board, what are the types and levels of inspection, and how are deficiency codes used?"
QB4_A#q7,/meoclass1/QB4_A.html#q7,Nair,False,False,False,False,WEAK_INCIDENTAL_MENTION,True,") No (risk-targeted) Can issue certificates? YES NO Can cancel certificates? YES NO Outcome if defective Cert suspended/revoked Detention; report to Flag State Nair's classic trap: ""Can the PSCO cancel your IOPP Certificate?"" Answer: No. The PSCO can detain the ship and report to the Flag State. The",What is the difference between Flag State Inspection (FSI) and Port State Control (PSC)?
QB4_A#q8,/meoclass1/QB4_A.html#q8,Nair,True,True,False,False,STRONG_CE_TIP_ASSERTION,True,"Criteria and obligations for organisations recognised by Administrations IRS Indian Register of Shipping — RO for Indian-flagged vessels under DGS CE Oral Tip: Nair's favourite line is ""Flag State delegates functions, not responsibility"" — say this verbatim. Then immediately name IRS as the example ",What is the difference between a Flag State and a Recognised Organisation (RO)? What statutory authority does an RO carry?
QB4_A#q9,/meoclass1/QB4_A.html#q9,Nair,False,True,False,False,WEAK_INCIDENTAL_MENTION,True,"warranty under standard P&I Club Rules. Flag State is notified by the RO under IACS UR Z23 and SOLAS Ch I/Reg 6. The ship cannot legally trade internationally. Nair expects the consequence of suspension to be stated immediately and precisely. Stopping at ""class is suspended"" without articulating the","Explain Condition of Class — what triggers it, types, and what is Suspension of Class? What is the CE's obligation?"
QB4_A#q11,/meoclass1/QB4_A.html#q11,Senthil,True,False,False,False,SUPPORTED_CE_TIP_MENTION,False,"ral Tip: The exact MMD hot-button: state unprompted that ""only the Contracting Government sets the security level — never the ship."" This single line satisfies Senthil's most common ISPS trap. CE Relevance, Traps, Failures & Exam Strategy CE Relevance At elevated security levels, the CE's engine roo","Explain the ISPS Code — types of certificates, security levels, and the role of the SSO."
QB4_A#q12,/meoclass1/QB4_A.html#q12,Senthil,True,False,False,False,SUPPORTED_CE_TIP_MENTION,False,"and approval ISPS Code Part A §9.7 SSP confidentiality from inspection SOLAS Ch XI-2 / Reg 9 Control and compliance measures — PSCO scope re: SSP CE Oral Tip: Senthil's classic trap: ""Can a PSCO read your SSP?"" Answer No — confidential. They may check the ISSC and DoS, and verify implementation, but","What does the Ship Security Plan (SSP) contain, who approves it, and is it confidential?"
QB4_A#q13,/meoclass1/QB4_A.html#q13,Nair,False,False,False,False,WEAK_INCIDENTAL_MENTION,True,"by the IP Code (MSC.1/Circ.1405/Rev.3). No fixed IMO number of crew is mandated — the SSP and Company instructions determine which crew require this briefing. Nair's classic trap: ""How many crew must have AEOS training?"" Answer: No fixed IMO number. The IP Code requires training for those with a des","What STCW security training certificates exist, and how does AEOS training work for HRA transits?"
QB4_A#q13,/meoclass1/QB4_A.html#q13,Rajappan,False,False,False,False,WEAK_INCIDENTAL_MENTION,False,"for Seafarers with Designated Security Duties"") is the name commonly used for the approved training course leading to it, and is the term Kochi MMD examiners (Rajappan in particular) tend to use orally. Candidates should treat PDSD and STSDSS as the same requirement under A-VI/6-2 — do not present t","What STCW security training certificates exist, and how does AEOS training work for HRA transits?"
QB4_A#q14,/meoclass1/QB4_A.html#q14,Nair,True,True,False,True,WEAK_COMPARATIVE_MENTION,True,"DMLC Parts I and II as items 15 and 16. Modern MMD orals increasingly reference 16 inspectable DMLC items rather than the traditional 14 — know both framings. Nair asks: ""Name five MLC areas."" Give them from the list above, organised by group. If pushed on recent amendments, name items 15/16 (financ",Explain DMLC Part I and Part II under MLC 2006 — who issues each and what do they contain?
QB4_A#q16,/meoclass1/QB4_A.html#q16,Nair,False,False,False,False,WEAK_INCIDENTAL_MENTION,True,"ument Who Issues/Prepares PSC-Inspectable? MLC Certificate Flag State or RO YES DMLC Part I Flag State YES DMLC Part II Company (approved by Flag State/RO) YES Nair's trap: ""Is the DMLC the same as the MLC Certificate?"" — No. They are two distinct documents forming a complete package; the certificat","What is the Maritime Labour Certificate? Who is eligible, what is its validity, and what surveys are required?"
QB4_A#q19,/meoclass1/QB4_A.html#q19,Nair,False,False,False,False,WEAK_INCIDENTAL_MENTION,False,ng the GCAF metric 5 Recommendations FSA report submitted to IMO sub-committee/committee as evidence base for proposed amendment GCAF — The Cost-Benefit Metric Nair Tests GCAF = Net Cost of Implementing the RCO ÷ Number of Fatalities Averted over Rule Lifetime IMO benchmark: ~USD 3 million per fatal,Explain Formal Safety Assessment (FSA) and its application to Li-Ion battery fire risk.
QB4_B#q1,/meoclass1/QB4_B.html#q1,Nair,True,True,False,False,STRONG_CE_TIP_ASSERTION,True,"nt principles within the engineering watch SOLAS / Chapter V, Reg 14 Safe manning and establishment of a unified working language onboard CE Oral Tip: Examiner Nair frequently uses this as a springboard. If you mention ""communication,"" he will immediately follow up: ""Your Junior Engineer notices a f",What does 'communication' mean as a human element principle in the context of ISM and shipboard safety management?
QB4_B#q2,/meoclass1/QB4_B.html#q2,Simon,True,False,False,False,SUPPORTED_CE_TIP_MENTION,False,"ng and handover SOLAS / Chapter II-1, Reg 42–43 Emergency source of electrical power operational criteria to be verified during takeover CE Oral Tip: Examiners Simon and Rajappan will try the ""Discrepancy Trap"": ""What if the outgoing CE has a 50 m³ discrepancy in fuel oil or an illegal ORB entry, an",What are your responsibilities and what do you check when taking over as Chief Engineer on a new vessel?
QB4_B#q2,/meoclass1/QB4_B.html#q2,Rajappan,True,False,False,False,SUPPORTED_CE_TIP_MENTION,False,"dover SOLAS / Chapter II-1, Reg 42–43 Emergency source of electrical power operational criteria to be verified during takeover CE Oral Tip: Examiners Simon and Rajappan will try the ""Discrepancy Trap"": ""What if the outgoing CE has a 50 m³ discrepancy in fuel oil or an illegal ORB entry, and the vess",What are your responsibilities and what do you check when taking over as Chief Engineer on a new vessel?
QB4_B#q3,/meoclass1/QB4_B.html#q3,Nair,True,False,False,False,SUPPORTED_CE_TIP_MENTION,True,"critical shipboard systems SOLAS / Chapter II-1, Reg 31 Machinery controls and essential systems maintenance criteria for safe navigation CE Oral Tip: Examiner Nair routinely presents this curveball: ""The PMS shows the main engine turning gear interlock maintenance is overdue, but the charterer dema","As per the Safety Management System, how is planned maintenance carried out onboard? What does the SMS require?"
QB4_B#q4,/meoclass1/QB4_B.html#q4,Nair,True,True,False,False,STRONG_CE_TIP_ASSERTION,True,"e files for all fire safety systems ISM Code / Section 11 Outlines strict control and structural validity for all shipboard documentation CE Oral Tip: Examiner Nair frequently asks: ""The surveyor requests the OWS 15-ppm calibration certificate, but the shore team forgot to send the original hardcopy",What documents does a Chief Engineer need to have ready for class and statutory surveys?
QB4_B#q5,/meoclass1/QB4_B.html#q5,Nair,True,True,False,False,STRONG_CE_TIP_ASSERTION,True,"igate seafarer fatigue ISM Code / Section 6 Mandates that the company ensures every vessel is manned with qualified, certified seafarers CE Oral Tip: Examiners Nair and Simon frequently ask candidates to define the human element to see if they understand systemic safety. If you say ""Human element me","What is the human element in shipping? Explain its key dimensions — navigation, safety, fatigue, communication, and organisational factors."
QB4_B#q5,/meoclass1/QB4_B.html#q5,Simon,True,True,False,False,STRONG_CE_TIP_ASSERTION,False,"farer fatigue ISM Code / Section 6 Mandates that the company ensures every vessel is manned with qualified, certified seafarers CE Oral Tip: Examiners Nair and Simon frequently ask candidates to define the human element to see if they understand systemic safety. If you say ""Human element means preve","What is the human element in shipping? Explain its key dimensions — navigation, safety, fatigue, communication, and organisational factors."
QB4_B#q6,/meoclass1/QB4_B.html#q6,Nair,True,False,False,False,SUPPORTED_CE_TIP_MENTION,True,"nd non-conformities STCW Code / Section A-VIII/1 Details statutory fitness requirements and mandatory rest records checked post-casualty CE Oral Tip: Examiners Nair and Srivastava often test candidates on incident scenarios: ""An auxiliary engine throws a connecting rod shortly after a piston overhau",How does the human element feature in a marine casualty investigation? What HE factors are typically examined?
QB4_B#q6,/meoclass1/QB4_B.html#q6,Srivastava,True,False,False,False,SUPPORTED_CE_TIP_MENTION,True,"nformities STCW Code / Section A-VIII/1 Details statutory fitness requirements and mandatory rest records checked post-casualty CE Oral Tip: Examiners Nair and Srivastava often test candidates on incident scenarios: ""An auxiliary engine throws a connecting rod shortly after a piston overhaul by a Ju",How does the human element feature in a marine casualty investigation? What HE factors are typically examined?
QB4_B#q7,/meoclass1/QB4_B.html#q7,Simon,True,False,False,False,SUPPORTED_CE_TIP_MENTION,False,"ety of life and environment MLC 2006 / Regulation 1.3 Requires fair leadership regarding seafarer welfare, non-discrimination, and rights CE Oral Tip: Examiner Simon or Srivastava will test you with a behavioural question: ""You have an experienced fitter who refuses to wear a safety harness while wo",What leadership qualities are expected of a Chief Engineer?
QB4_B#q7,/meoclass1/QB4_B.html#q7,Srivastava,True,False,False,False,SUPPORTED_CE_TIP_MENTION,True,"fe and environment MLC 2006 / Regulation 1.3 Requires fair leadership regarding seafarer welfare, non-discrimination, and rights CE Oral Tip: Examiner Simon or Srivastava will test you with a behavioural question: ""You have an experienced fitter who refuses to wear a safety harness while working at ",What leadership qualities are expected of a Chief Engineer?
QB4_B#q8,/meoclass1/QB4_B.html#q8,Nair,True,False,False,False,SUPPORTED_CE_TIP_MENTION,False,"nal support to motivate the crew IMO Resolution A.858(20) Highlights the direct relationship between human motivation and maritime safety CE Oral Tip: Examiner Nair often presents this practical follow-up: ""The ship has been drifting outside a port for three weeks due to cargo delays and the crew ha",Explain the principles of crew motivation onboard a ship.
QB4_B#q9,/meoclass1/QB4_B.html#q9,Nair,True,True,False,False,STRONG_CE_TIP_ASSERTION,True,"s (Safety tier) MLC 2006 / Regulation 4.3 Focuses on health and safety protection, securing a safe operational environment (Safety tier) CE Oral Tip: Examiners Nair and Simon appreciate structured frameworks applied to real operations. If asked about Maslow, don't just list the five levels abstractl",Explain Maslow's Hierarchy of Needs and how it applies to crew motivation onboard.
QB4_B#q9,/meoclass1/QB4_B.html#q9,Simon,True,True,False,False,STRONG_CE_TIP_ASSERTION,False,"tier) MLC 2006 / Regulation 4.3 Focuses on health and safety protection, securing a safe operational environment (Safety tier) CE Oral Tip: Examiners Nair and Simon appreciate structured frameworks applied to real operations. If asked about Maslow, don't just list the five levels abstractly. Immedia",Explain Maslow's Hierarchy of Needs and how it applies to crew motivation onboard.
QB4_B#q10,/meoclass1/QB4_B.html#q10,Simon,True,True,False,False,STRONG_CE_TIP_ASSERTION,False,"t for personnel MLC 2006 / Regulation 1.3 Outlines seafarer training and professional development rights to secure future maritime labour CE Oral Tip: Examiner Simon raised this question specifically for JEs and frequently follows up: ""You notice your Second Engineer is constantly shouting at the ne",How do you specifically motivate Junior Engineers (JEs) onboard as Chief Engineer?
QB4_B#q11,/meoclass1/QB4_B.html#q11,Nair,True,True,False,False,STRONG_CE_TIP_ASSERTION,True,"y managed SOLAS / Chapter III, Reg 19 Sets requirements for training and participation in emergency drills, ensuring hands-on familiarity CE Oral Tip: Examiner Nair often asks: ""You have a heavy maintenance workload during a short port stay, and the Second Engineer wants the Junior Engineer to skip ",How do you train Junior Engineers onboard in practice as Chief Engineer?
QB4_B#q12,/meoclass1/QB4_B.html#q12,Simon,True,False,False,False,SUPPORTED_CE_TIP_MENTION,True,"dimensions to ensure tasks are legally compliant and technically sound. 60-Second Answer Good morning, Examiner. This is a vital distinction raised by Examiner Simon regarding shipboard resource management. 'Competent' labour is a legal definition under the STCW Convention. A competent person holds ",What is the difference between competent and skilled labour in the context of STCW and shipboard operations?
QB4_B#q13,/meoclass1/QB4_B.html#q13,Nair,True,True,False,False,STRONG_CE_TIP_ASSERTION,True,"/7d) ISM Code / Section 6.5 Requires the company to ensure all crew members receive essential training to support the SMS CE Oral Tip: Examiners Srivastava and Nair will often ask a sharp follow-up: ""You have a Junior Engineer whose TRB is completely filled out and signed by the Second Engineer, but",What are the STCW training requirements for Junior Engineers (ratings and junior officer level) onboard?
QB4_B#q13,/meoclass1/QB4_B.html#q13,Srivastava,True,True,False,False,STRONG_CE_TIP_ASSERTION,False,"y (10h/24h; 77h/7d) ISM Code / Section 6.5 Requires the company to ensure all crew members receive essential training to support the SMS CE Oral Tip: Examiners Srivastava and Nair will often ask a sharp follow-up: ""You have a Junior Engineer whose TRB is completely filled out and signed by the Secon",What are the STCW training requirements for Junior Engineers (ratings and junior officer level) onboard?
QB4_B#q14,/meoclass1/QB4_B.html#q14,Nair,True,True,False,False,STRONG_CE_TIP_ASSERTION,True,"hroughout SOLAS / Chapter III, Reg 19 Sets requirements for training and participation in emergency drills, ensuring hands-on familiarity CE Oral Tip: Examiner Nair often asks: ""You have a heavy maintenance workload during a short port stay, and the Second Engineer wants the Junior Engineer to skip ",How do you approach mentoring a Junior Engineer throughout a voyage? What specific methods do you use?
QB4_B#q15,/meoclass1/QB4_B.html#q15,Nair,True,False,False,False,SUPPORTED_CE_TIP_MENTION,True,"security measures ISM Code / Section 5 Confirms the Master's overriding authority to make crucial decisions regarding safety and security CE Oral Tip: Examiner Nair routinely tests your understanding of safety priorities with this follow-up: ""You are at ISPS Security Level 2 in the Persian Gulf, and","Which ISPS security level do you apply when transiting the Persian Gulf area, and why? What are your responsibilities as CE at that level?"
QB4_B#q16,/meoclass1/QB4_B.html#q16,Nair,True,False,False,False,SUPPORTED_CE_TIP_MENTION,True,"shipboard emergencies STCW Code / Section A-VI/6 Outlines mandatory security familiarisation and security awareness training for all crew CE Oral Tip: Examiner Nair or Simon will often test your operational judgment: ""You are transiting an HRA and pirates are actively attempting to board. The Master","What are the Best Management Practices (BMP5) for piracy prevention, and what are the Chief Engineer's responsibilities under BMP5?"
QB4_B#q16,/meoclass1/QB4_B.html#q16,Simon,True,False,False,False,SUPPORTED_CE_TIP_MENTION,False,"d emergencies STCW Code / Section A-VI/6 Outlines mandatory security familiarisation and security awareness training for all crew CE Oral Tip: Examiner Nair or Simon will often test your operational judgment: ""You are transiting an HRA and pirates are actively attempting to board. The Master calls f","What are the Best Management Practices (BMP5) for piracy prevention, and what are the Chief Engineer's responsibilities under BMP5?"
QB4_B#q17,/meoclass1/QB4_B.html#q17,Nair,True,True,False,False,STRONG_CE_TIP_ASSERTION,True,"ards SOLAS / Chapter II-1, Reg 26 Details mandatory redundancy and steering safety requirements for machinery installations CE Oral Tip: Examiner Srivastava or Nair will often ask a direct technical follow-up: ""You are transiting a war risk area at night and your engine room bilge high-level alarm s",What actions and precautions do you take as Chief Engineer when sailing through a war risk area (e.g. Persian Gulf)?
QB4_B#q17,/meoclass1/QB4_B.html#q17,Srivastava,True,True,False,False,STRONG_CE_TIP_ASSERTION,False,"shipboard hazards SOLAS / Chapter II-1, Reg 26 Details mandatory redundancy and steering safety requirements for machinery installations CE Oral Tip: Examiner Srivastava or Nair will often ask a direct technical follow-up: ""You are transiting a war risk area at night and your engine room bilge high-",What actions and precautions do you take as Chief Engineer when sailing through a war risk area (e.g. Persian Gulf)?
QB4_B#q18,/meoclass1/QB4_B.html#q18,Nair,True,False,False,False,SUPPORTED_CE_TIP_MENTION,True,"rational fatigue IMO Resolution A.858(20) Details how human motivation and emotional stability directly impact shipboard safety barriers CE Oral Tip: Examiners Nair and Srivastava often evaluate your management limits with this question: ""Your ship is anchored near a conflict zone, shellfire is audi","Your ship is stranded in the Persian Gulf / Strait of Hormuz due to active conflict. As Chief Engineer, how do you motivate and manage the crew?"
QB4_B#q18,/meoclass1/QB4_B.html#q18,Srivastava,True,False,False,False,SUPPORTED_CE_TIP_MENTION,True,"fatigue IMO Resolution A.858(20) Details how human motivation and emotional stability directly impact shipboard safety barriers CE Oral Tip: Examiners Nair and Srivastava often evaluate your management limits with this question: ""Your ship is anchored near a conflict zone, shellfire is audible in th","Your ship is stranded in the Persian Gulf / Strait of Hormuz due to active conflict. As Chief Engineer, how do you motivate and manage the crew?"
QB4_B#q19,/meoclass1/QB4_B.html#q19,Nair,True,False,False,False,SUPPORTED_CE_TIP_MENTION,False,"l security threats ISM Code / Section 5 Reinforces the Master's overriding authority over all technical and navigational safety decisions CE Oral Tip: Examiner Nair will often use this question as an authority trap: ""You are entering the Strait of Hormuz at night. You believe that keeping the AIS on","In what circumstances would you switch off AIS, and who authorises this decision? How does this apply in a war zone scenario?"
QB4_C#q1,/meoclass1/QB4_C.html#q1,Nair,True,True,False,False,STRONG_CE_TIP_ASSERTION,True,"g adequate provisioning of fuel. ISO 8217:2024 Specifies parameters for marine fuel oil specifications and operational standards. CE Oral Tip (Kochi MMD): When Nair asks this question, explicitly open your response by separating the technical response from the administrative track. State clearly: ""S",Bunker shortage — CE step-by-step actions?
QB4_C#q1,/meoclass1/QB4_C.html#q1,Simon,False,True,False,False,WEAK_INCIDENTAL_MENTION,False,"avy weather because they were operating with critically low settling tank levels, underscoring the importance of strict reserve controls. Examiner Chain Nair → Simon → Senthil. Nair tests the emergency technical and ISM actions. Simon pivots to ask how a critical low-fuel volume alters the vessel's ",Bunker shortage — CE step-by-step actions?
QB4_C#q1,/meoclass1/QB4_C.html#q1,Senthil,False,True,False,False,WEAK_INCIDENTAL_MENTION,False,"her because they were operating with critically low settling tank levels, underscoring the importance of strict reserve controls. Examiner Chain Nair → Simon → Senthil. Nair tests the emergency technical and ISM actions. Simon pivots to ask how a critical low-fuel volume alters the vessel's trim, dr",Bunker shortage — CE step-by-step actions?
QB4_C#q2,/meoclass1/QB4_C.html#q2,Nair,True,True,False,False,STRONG_CE_TIP_ASSERTION,True,"e ISM Code. SOLAS Regulation IX/4 Mandates strict compliance with the International Safety Management Code for all cargo vessels. CE Oral Tip (Kochi MMD): When Nair asks about this, emphasize the Independence Rule under Element 12. State clearly: ""Sir, an internal audit must follow a strict 8-step p",Internal ISM audit — how to conduct step by step?
QB4_C#q2,/meoclass1/QB4_C.html#q2,Simon,False,False,False,False,WEAK_INCIDENTAL_MENTION,False,receded by a series of uncorrected minor Non-Conformities that points to a systemic breakdown of the internal audit process. Examiner Chain Nair → Srivastava → Simon. Nair tests the step-by-step internal audit flow and definition of an MNC. Srivastava probes the administrative impact of an unclosed ,Internal ISM audit — how to conduct step by step?
QB4_C#q2,/meoclass1/QB4_C.html#q2,Srivastava,False,False,False,False,WEAK_INCIDENTAL_MENTION,False,lations are preceded by a series of uncorrected minor Non-Conformities that points to a systemic breakdown of the internal audit process. Examiner Chain Nair → Srivastava → Simon. Nair tests the step-by-step internal audit flow and definition of an MNC. Srivastava probes the administrative impact of,Internal ISM audit — how to conduct step by step?
QB4_C#q3,/meoclass1/QB4_C.html#q3,Nair,True,False,False,False,SUPPORTED_CE_TIP_MENTION,True,"ding discretion for ship safety and security. ISPS Code Part A Mandatory international ship and port facility security framework. CE Oral Tip (Kochi MMD): When Nair brings up this topic, start by separating the parts, then be precise on SSAS: ""Sir, SOLAS Chapter XI is split into two parts: Chapter X",SOLAS Chapter XI — what does it cover?
QB4_C#q3,/meoclass1/QB4_C.html#q3,Simon,False,False,False,False,WEAK_INCIDENTAL_MENTION,False,"ks, in response to concerns over the vulnerability of shipping and port facilities to terrorism; the Code entered into force 1 July 2004. Examiner Chain Nair → Simon → Srivastava. Nair tests the structural layout of Chapter XI and its specific regulation numbers (including the Reg 3 vs Reg 6 SSAS tr",SOLAS Chapter XI — what does it cover?
QB4_C#q3,/meoclass1/QB4_C.html#q3,Srivastava,False,False,False,False,WEAK_INCIDENTAL_MENTION,False,esponse to concerns over the vulnerability of shipping and port facilities to terrorism; the Code entered into force 1 July 2004. Examiner Chain Nair → Simon → Srivastava. Nair tests the structural layout of Chapter XI and its specific regulation numbers (including the Reg 3 vs Reg 6 SSAS trap). Sim,SOLAS Chapter XI — what does it cover?
QB4_C#q4,/meoclass1/QB4_C.html#q4,Nair,True,True,False,False,STRONG_CE_TIP_ASSERTION,True,"nker designs. FAL Convention Framework Supports the digitization and acceptance of electronic certificates like the E-CSR. CE Oral Tip (Kochi MMD): If Simon or Nair asks you to define ""CSR,"" provide a structured opening response. State clearly: ""Sir, that acronym can refer to either the Continuous S",CSR and E-CSR — contents?
QB4_C#q4,/meoclass1/QB4_C.html#q4,Simon,True,True,False,False,STRONG_CE_TIP_ASSERTION,False,"er and tanker designs. FAL Convention Framework Supports the digitization and acceptance of electronic certificates like the E-CSR. CE Oral Tip (Kochi MMD): If Simon or Nair asks you to define ""CSR,"" provide a structured opening response. State clearly: ""Sir, that acronym can refer to either the Con",CSR and E-CSR — contents?
QB4_C#q4,/meoclass1/QB4_C.html#q4,Srivastava,False,False,False,False,WEAK_INCIDENTAL_MENTION,False,", making it impossible for a vessel to simply wipe its safety and inspection history when shifting flags or management companies. Examiner Chain Nair → Simon → Srivastava. Nair quizzes on the administrative entries and E-CSR transitions. Simon intercepts to switch definitions, demanding to know how ",CSR and E-CSR — contents?
QB4_C#q5,/meoclass1/QB4_C.html#q5,Nair,False,False,False,False,WEAK_INCIDENTAL_MENTION,False,e automatic invalidation of their statutory certificates and leaving the crew exposed on structurally compromised hulls. Examiner Chain Srivastava → Rajappan → Nair. Srivastava focuses on the legal and administrative definitions of class status. Rajappan shifts to how a suspension affects tanker vet,Suspension vs withdrawal of class?
QB4_C#q5,/meoclass1/QB4_C.html#q5,Rajappan,False,False,False,False,WEAK_INCIDENTAL_MENTION,True,lting in the automatic invalidation of their statutory certificates and leaving the crew exposed on structurally compromised hulls. Examiner Chain Srivastava → Rajappan → Nair. Srivastava focuses on the legal and administrative definitions of class status. Rajappan shifts to how a suspension affects,Suspension vs withdrawal of class?
QB4_C#q5,/meoclass1/QB4_C.html#q5,Srivastava,True,False,False,False,SUPPORTED_CE_TIP_MENTION,False,"1958 Act, Sec 334). ISM Code Section 10.2 Requires the Company to ensure all technical defects and non-conformities are tracked. CE Oral Tip (Kochi MMD): When Srivastava brings up this topic, connect it directly to liability. State clearly: ""Sir, suspension is a temporary hold due to an unrectified ",Suspension vs withdrawal of class?
QB4_C#q6,/meoclass1/QB4_C.html#q6,Nair,False,True,False,False,WEAK_INCIDENTAL_MENTION,False,"introduction of the mandatory financial security amendments to MLC, establishing a clear mechanism to guarantee seafarer protection. Examiner Chain Rajappan → Nair → Srivastava. Rajappan asks for the titles, flag/port state splits, and documentation parameters. Nair shifts focus to engine room rest ",MLC 2006 — 5 Titles and flag/port state duties?
QB4_C#q6,/meoclass1/QB4_C.html#q6,Rajappan,True,True,False,False,STRONG_CE_TIP_ASSERTION,True,"etention procedures. STCW Regulation I/10 Aligns seafarer rest hour requirements with the baseline parameters set out in the MLC. CE Oral Tip (Kochi MMD): When Rajappan asks about the MLC structure, state clearly: ""Sir, the convention is based on 5 main titles. The Flag State is responsible for insp",MLC 2006 — 5 Titles and flag/port state duties?
QB4_C#q6,/meoclass1/QB4_C.html#q6,Srivastava,False,True,False,False,WEAK_INCIDENTAL_MENTION,False,"uction of the mandatory financial security amendments to MLC, establishing a clear mechanism to guarantee seafarer protection. Examiner Chain Rajappan → Nair → Srivastava. Rajappan asks for the titles, flag/port state splits, and documentation parameters. Nair shifts focus to engine room rest hour l",MLC 2006 — 5 Titles and flag/port state duties?
QB4_C#q7,/meoclass1/QB4_C.html#q7,Nair,False,False,False,False,WEAK_INCIDENTAL_MENTION,False,"lect, entire fleets are brought to an immediate standstill in international ports due to the concurrent invalidation of their SMCs. Examiner Chain Srivastava → Nair → Senthil. Srivastava tests the administrative triggers for DOC and SMC validity. Nair shifts to how shipboard engineering maintenance ",DOC cancellation — grounds?
QB4_C#q7,/meoclass1/QB4_C.html#q7,Srivastava,True,True,False,False,STRONG_CE_TIP_ASSERTION,True,"ISM Code. IACS Procedural Requirement PR 10 Establishes harmonized procedures for the auditing and revoking of ISM certificates. CE Oral Tip (Kochi MMD): When Srivastava asks about this, emphasize the cascading effect . State clearly: ""Sir, under ISM Section 13, a DOC can be cancelled due to an unco",DOC cancellation — grounds?
QB4_C#q7,/meoclass1/QB4_C.html#q7,Senthil,False,False,False,False,WEAK_INCIDENTAL_MENTION,False,ntire fleets are brought to an immediate standstill in international ports due to the concurrent invalidation of their SMCs. Examiner Chain Srivastava → Nair → Senthil. Srivastava tests the administrative triggers for DOC and SMC validity. Nair shifts to how shipboard engineering maintenance defects,DOC cancellation — grounds?
QB4_C#q8,/meoclass1/QB4_C.html#q8,Nair,True,True,False,False,STRONG_CE_TIP_ASSERTION,True,"stems. IMO MSC.1/Circ.1432 Provides detailed international guidelines for the testing and maintenance of fire protection systems. CE Oral Tip (Kochi MMD): When Nair asks about this, emphasize Critical Equipment . State clearly: ""Sir, under ISM Section 10, my primary obligation is to maintain a struc",Maintenance under the ISM Code?
QB4_C#q8,/meoclass1/QB4_C.html#q8,Simon,False,False,False,False,WEAK_INCIDENTAL_MENTION,False,"a neglected steering gear hydraulic line—is a frequent cause of major marine accidents, highlighting why Section 10 is strictly audited. Examiner Chain Nair → Simon → Senthil. Nair focuses on the Chief Engineer's legal obligations and critical equipment identification under Section 10. Simon pivots ",Maintenance under the ISM Code?
QB4_C#q8,/meoclass1/QB4_C.html#q8,Senthil,False,False,False,False,WEAK_INCIDENTAL_MENTION,False,"cted steering gear hydraulic line—is a frequent cause of major marine accidents, highlighting why Section 10 is strictly audited. Examiner Chain Nair → Simon → Senthil. Nair focuses on the Chief Engineer's legal obligations and critical equipment identification under Section 10. Simon pivots to veri",Maintenance under the ISM Code?
QB4_C#q9,/meoclass1/QB4_C.html#q9,Nair,True,True,False,False,STRONG_CE_TIP_ASSERTION,True,"ering gear configurations. IMO MSC.1/Circ.1548 Outlines updated safety recommendations for conducting realistic emergency drills. CE Oral Tip (Kochi MMD): When Nair asks about this, emphasize that drills convert training into muscle memory . State clearly: ""Sir, under ISM Element 8 and SOLAS Chapter",Emergency drills — ISM and SOLAS?
QB4_C#q9,/meoclass1/QB4_C.html#q9,Simon,False,True,False,False,WEAK_INCIDENTAL_MENTION,False,"break down, leading to delays in isolating fuel lines or deploying fixed firefighting systems, often resulting in the loss of the vessel. Examiner Chain Nair → Simon → Senthil. Nair tests the statutory drill frequencies, ISM links, and engineering responsibilities. Simon shifts to check how the emer",Emergency drills — ISM and SOLAS?
QB4_C#q9,/meoclass1/QB4_C.html#q9,Senthil,False,True,False,False,WEAK_INCIDENTAL_MENTION,False,"wn, leading to delays in isolating fuel lines or deploying fixed firefighting systems, often resulting in the loss of the vessel. Examiner Chain Nair → Simon → Senthil. Nair tests the statutory drill frequencies, ISM links, and engineering responsibilities. Simon shifts to check how the emergency bi",Emergency drills — ISM and SOLAS?
QB4_C#q10,/meoclass1/QB4_C.html#q10,Nair,False,False,False,False,WEAK_INCIDENTAL_MENTION,False,"ged as internal Non-Conformities, they can combine into systemic failures that can lead to power losses or blackouts in critical waters. Examiner Chain Simon → Nair → Srivastava. Simon tests the core definitions and the process for grouping minor findings into an MNC. Nair shifts focus to identifyin",NC vs MNC?
QB4_C#q10,/meoclass1/QB4_C.html#q10,Simon,True,True,False,True,WEAK_COMPARATIVE_MENTION,True,"ngrading safety findings. SOLAS Regulation IX/4 Regulates international safety certification requirements for commercial vessels. CE Oral Tip (Kochi MMD): When Simon asks this question, highlight risk and systemic failure . State clearly: ""Sir, an NC is an isolated operational lapse that can be corr",NC vs MNC?
QB4_C#q10,/meoclass1/QB4_C.html#q10,Srivastava,False,False,False,False,WEAK_INCIDENTAL_MENTION,False,"internal Non-Conformities, they can combine into systemic failures that can lead to power losses or blackouts in critical waters. Examiner Chain Simon → Nair → Srivastava. Simon tests the core definitions and the process for grouping minor findings into an MNC. Nair shifts focus to identifying engin",NC vs MNC?
QB4_C#q11,/meoclass1/QB4_C.html#q11,Nair,True,True,False,False,STRONG_CE_TIP_ASSERTION,True,"6 / QB4_E Q8 Full appeal escalation chain once a Code 30 detention is issued (IOMOU 90-day vs Paris MOU 120-day review deadlines) CE Oral Tip (Kochi MMD): When Nair asks about codes, be precise about the detention trigger. State clearly: ""Sir, PSC procedures are governed by IMO Resolution A.1206(34)",PSC deficiency action codes?
QB4_C#q11,/meoclass1/QB4_C.html#q11,Simon,False,False,False,False,WEAK_INCIDENTAL_MENTION,False,"sked during port stops, driving the IMO to tighten regional MOU data sharing and enforce strict Class intervention mandates. Examiner Chain Nair → Srivastava → Simon. Nair focuses on the specific action codes (especially the Code 30 vs 17 distinction), technical rectifications, and logging framework",PSC deficiency action codes?
QB4_C#q11,/meoclass1/QB4_C.html#q11,Srivastava,False,False,False,False,WEAK_INCIDENTAL_MENTION,False,"entionally masked during port stops, driving the IMO to tighten regional MOU data sharing and enforce strict Class intervention mandates. Examiner Chain Nair → Srivastava → Simon. Nair focuses on the specific action codes (especially the Code 30 vs 17 distinction), technical rectifications, and logg",PSC deficiency action codes?
QB4_C#q12,/meoclass1/QB4_C.html#q12,Nair,False,False,False,False,WEAK_INCIDENTAL_MENTION,False,"ng maintenance neglect, driving the IMO to integrate strict event-driven additional verification rules to handle high-risk vessels. Examiner Chain Srivastava → Nair → Simon. Srivastava focuses on the administrative triggers and certification outcomes of the audit. Nair shifts focus to how the crew e",Additional verification under ISM?
QB4_C#q12,/meoclass1/QB4_C.html#q12,Simon,False,True,False,False,WEAK_INCIDENTAL_MENTION,False,"tenance neglect, driving the IMO to integrate strict event-driven additional verification rules to handle high-risk vessels. Examiner Chain Srivastava → Nair → Simon. Srivastava focuses on the administrative triggers and certification outcomes of the audit. Nair shifts focus to how the crew executes",Additional verification under ISM?
QB4_C#q12,/meoclass1/QB4_C.html#q12,Srivastava,True,False,False,False,SUPPORTED_CE_TIP_MENTION,True,"additional ISM audits. ISM Code Section 8 Requires the company to ensure its organization can respond to emergencies at any time. CE Oral Tip (Kochi MMD): When Srivastava brings up this topic, focus on event-driven triggers . State clearly: ""Sir, an additional verification is an unscheduled audit un",Additional verification under ISM?
QB4_C#q13,/meoclass1/QB4_C.html#q13,Nair,False,True,False,False,WEAK_INCIDENTAL_MENTION,False,"m the MV Wakashio grounding investigation are hosted here to allow administrations to refine structural safety criteria globally. Examiner Chain → Srivastava → Nair → Simon: The examiner usually starts by checking your knowledge on the Continuous Synopsis Record (CSR), transitions into how the IMO t",GISIS?
QB4_C#q13,/meoclass1/QB4_C.html#q13,Simon,False,True,False,False,WEAK_INCIDENTAL_MENTION,False,"V Wakashio grounding investigation are hosted here to allow administrations to refine structural safety criteria globally. Examiner Chain → Srivastava → Nair → Simon: The examiner usually starts by checking your knowledge on the Continuous Synopsis Record (CSR), transitions into how the IMO tracks a",GISIS?
QB4_C#q13,/meoclass1/QB4_C.html#q13,Srivastava,True,True,False,False,STRONG_CE_TIP_ASSERTION,True,"A.1185(33), 1 Jan 2026) MARPOL Annex V Reg 8 | Obligation of port states to provide adequate reception facilities (tracked via GISIS) CE Oral Tip (Kochi MMD): Srivastava likes to connect this to technical tracking. If he asks about how the IMO monitors global marine pollution trends or garbage manag",GISIS?
QB4_C#q14,/meoclass1/QB4_C.html#q14,Nair,True,True,False,False,STRONG_CE_TIP_ASSERTION,True,"verified during SIRE vetting IMO FAL.6/Circ.14/Rev.3 | List of publications relevant to the ship/port interface (Includes ISGOTT) CE Oral Tip (Kochi MMD): When Nair asks about tanker operations, emphasize the ""Ship/Shore Safety Checklist"" and the engine room’s responsibilities regarding the Inert Ga","INTERTANKO, OCIMF and ISGOTT?"
QB4_C#q14,/meoclass1/QB4_C.html#q14,Rajappan,False,True,False,False,WEAK_INCIDENTAL_MENTION,False,"land, where structural failure and subsequent fire highlighted massive gaps in the ship/shore interface and terminal safety monitoring. Examiner Chain → Nair → Rajappan: Nair loves to ask about liquid cargo safety. He will typically ask about cargo/machinery boundary safety, transition into ISGOTT r","INTERTANKO, OCIMF and ISGOTT?"
QB4_C#q15,/meoclass1/QB4_C.html#q15,Nair,True,True,False,False,STRONG_CE_TIP_ASSERTION,True,"nternational standards SOLAS Ch II-1 Reg 3-1 | Structural, mechanical, and electrical requirements to be complied with via Class rules CE Oral Tip (Kochi MMD): Nair frequently asks ""Why can't the Indian administration do all surveys themselves?"" Frame your answer around the RO Code . State clearly t",RO Code?
QB4_C#q15,/meoclass1/QB4_C.html#q15,Srivastava,False,True,False,False,WEAK_INCIDENTAL_MENTION,False,"ss measurements and structural assessments, prompting the IMO to establish a uniform, audited standard for all delegated organizations. Examiner Chain → Nair → Srivastava: Nair will typically start an examination sequence on structural degradation or major defects found in port. He will then pass th",RO Code?
QB4_C#q16,/meoclass1/QB4_C.html#q16,Nair,False,False,False,False,WEAK_INCIDENTAL_MENTION,True,"ght, highlighting how commercial pressures can compromise safety when a shipboard command lacks clear authority to halt operations. Examiner Chain → Rajappan → Nair: Rajappan frequently starts an examination sequence by testing your understanding of human factors, shipboard discipline, and crew safe",Master's authority under ISM?
QB4_C#q16,/meoclass1/QB4_C.html#q16,Rajappan,True,False,False,False,SUPPORTED_CE_TIP_MENTION,True,"the Master is properly qualified and fully supported Section 12.1 | Fleet-wide company management evaluation and SMS review framework CE Oral Tip (Kochi MMD): Rajappan looks for corporate leadership qualities. When discussing shipboard safety changes, explicitly state: ""Sir, I will provide the techn",Master's authority under ISM?
QB4_C#q17,/meoclass1/QB4_C.html#q17,Nair,True,True,False,False,STRONG_CE_TIP_ASSERTION,True,"e included in a Ship Construction File (SCF) IACS CSR | Common Structural Rules (hull structural standards vetted to meet GBS Tier II) CE Oral Tip (Kochi MMD): Nair wants to hear the technical terms ""Tier Structure"" and ""25-year design life."" If he grills you on GBS, draw the five-tier hierarchy cle",GBS — Goal Based Standards?
QB4_C#q17,/meoclass1/QB4_C.html#q17,Simon,False,True,False,False,WEAK_INCIDENTAL_MENTION,False,"nsure future hull designs are engineered from the outset to withstand realistic ultimate limit states and dynamic environmental forces. Examiner Chain → Nair → Simon: Nair often introduces this topic during a discussion on structural damage, collision, or bottom slamming. He will then hand over to S",GBS — Goal Based Standards?
QB4_D#q1,/meoclass1/QB4_D.html#q1,Nair,True,True,False,False,STRONG_CE_TIP_ASSERTION,True,"A.741(18)) Safety management — statutory under new Act DGMA / DGS Circulars Implementation guidance and Rules progressively notified under the Act CE Oral Tip (Nair): Nair wants specific points — name the key changes, don't just say ""updated for modern conventions."" Mention MLC alignment, digital do",MS Act 2025 — why was it enacted? What are the key differences from the Merchant Shipping Act 1958?
QB4_D#q2,/meoclass1/QB4_D.html#q2,Nair,True,True,False,False,STRONG_CE_TIP_ASSERTION,True,"ructural and machinery requirements applicable during reactivation MLC 2006 Reg 2.4 Rest hours and safe manning during reduced-manning warm layups CE Oral Tip (Nair): Nair wants clear definitions first, then differences. State the key distinguisher — reactivation time: Hot = days, Warm = weeks, Cold","Types of ship layup — explain cold layup, warm layup, and hot layup. Key differences and CE actions."
QB4_D#q3,/meoclass1/QB4_D.html#q3,Nair,True,True,False,False,STRONG_CE_TIP_ASSERTION,True,"cate validity and mandatory revalidation after extended layups MLC 2006 Reg 3.1 Accommodation standards restored for the joining reactivation crew CE Oral Tip (Nair): Nair wants a structured step-by-step. Open with ""Sir, I would approach this in three phases: Desk Review, Physical Inspection, and St","Taking over a vessel in cold layup — as CE, how will you proceed? Step by step."
QB4_D#q4,/meoclass1/QB4_D.html#q4,Nair,True,False,False,False,SUPPORTED_CE_TIP_MENTION,False,"mmendatory in form even though compliance is mandatory under SOLAS Chapter IX. Some ROs/flag circulars paraphrase §12.1 with ""shall"" in their own bulletins; if Nair probes exact wording, cite ""should."" What Actually Happened During COVID This was not the Master or C/E auditing their own department —","Can the Chief Engineer and Master carry out an interdepartmental audit in place of the internal auditor, in a rare situation where the company is unable to connect the internal auditor on time? Are there regulatory provisions for this — this was reportedly done during the COVID period?"
QB4_E#q1,/meoclass1/QB4_E.html#q1,Simon,False,True,False,False,WEAK_INCIDENTAL_MENTION,True,". In oral delivery, connect this by saying that substandard labour management becomes an operational risk multiplier in engine-room emergencies. Examiner Chain Simon’s pattern in the source notes is to start with the structure, then move to Title 1 to 5, then ask the difference between Regulation, S","MLC 2006 titles — Regulations, Standards, Guidelines; differences and similarities with RPSL; which came first?"
QB4_E#q2,/meoclass1/QB4_E.html#q2,Simon,False,False,False,False,WEAK_INCIDENTAL_MENTION,True,"a failed operator. In CE terms, a machinery-space injury becomes both a safety case and a labour-rights/financial-security case within minutes. Examiner Chain Simon’s pattern in the source notes is usually: “What is covered?” then “Which standards?” then “How many months wages?” then “What happens i",MLC insurance covers — what is covered under MLC financial security requirements?
QB4_E#q3,/meoclass1/QB4_E.html#q3,Simon,False,False,False,False,WEAK_INCIDENTAL_MENTION,True,"emergency response. In oral exams, say that young-seafarer control is a barrier against first-job overexposure in high-energy machinery spaces. Examiner Chain Simon’s note pattern is: definition first, then MLC requirement, then practical CE handling. So the best sequence is: “definition → age limit","Young seafarer under MLC — definition, MLC requirements, how will you handle a young seafarer onboard?"
QB4_E#q4,/meoclass1/QB4_E.html#q4,Simon,False,True,False,False,WEAK_INCIDENTAL_MENTION,True,"lashpoint rules were accelerated by incidents of ships receiving off-spec fuel with dangerously low flashpoints, risking engine-room explosions. Examiner Chain Simon asks this question to test currency. His chain is: “What is new in SOLAS? → MSC number? → When does it apply? → What is the container ",SOLAS latest amendments — key recent amendments and when they entered into force?
QB4_E#q5,/meoclass1/QB4_E.html#q5,Simon,False,True,False,False,WEAK_INCIDENTAL_MENTION,True,"d to force accountability; if a ship sails with a known defect, Element 9 and Element 10 provide the paper trail proving who knew what and when. Examiner Chain Simon asks for the list first. Once you list them, he will stop you and ask: “Explain Element 9.” He will then ask how continuous improvemen",ISM Code elements — list all 12 elements and explain the key ones.
QB4_E#q6,/meoclass1/QB4_E.html#q6,Simon,False,True,False,False,WEAK_INCIDENTAL_MENTION,True,ail or continue despite known risks. Section 5.2 was written specifically to sever that commercial pressure and give the Master legal top-cover. Examiner Chain Simon asks this to test if you understand the legal balance of power onboard. He will ask: “What is overriding authority?” → “Who has it?” →,Master's review and authority under ISM Code — overriding authority?
QB4_E#q7,/meoclass1/QB4_E.html#q7,Simon,False,True,False,False,WEAK_INCIDENTAL_MENTION,True,"of continuous improvement. The company was receiving Element 9 reports but failing to act on them under Element 12. Examiner Chain Following the Element list, Simon asks this to see if you understand how the SMS functions as a living document. He will ask: “Give me a practical engine room example of",How is continuous improvement achieved under the ISM Code?
QB4_E#q8,/meoclass1/QB4_E.html#q8,Simon,True,True,False,False,STRONG_CE_TIP_ASSERTION,True,"to ensure compliance. High detention rates indicate systemic failures in a company's ISM Element 10 (Maintenance) and Element 9 (NCR reporting). Examiner Chain Simon asks this to test your crisis management knowledge. He will ask the sequence: ""Ship is detained → What next? → Can you appeal? → Who t","PSC — appeal process, codes involved, and process after detention?"
QB4_E#q9,/meoclass1/QB4_E.html#q9,Senthil,True,True,False,False,STRONG_CE_TIP_ASSERTION,True,"e ESP and the tight commercial age restrictions we see today. Metal fatigue and corrosion accelerate exponentially after 15 years in salt water. Examiner Chain Senthil asks this from an Indian regulatory perspective. He will expect: ""No IMO limit → Class ESP impact → RightShip/Commercial impact → DG",Age norms for ships — age-related requirements and restrictions?
QB4_E#q10,/meoclass1/QB4_E.html#q10,Senthil,False,True,False,False,WEAK_INCIDENTAL_MENTION,True,"ers were ""signed off"" in their TRBs by a CE who did not properly act as an assessor, allowing incompetence to slip into the watchkeeping roster. Examiner Chain Senthil will ask: ""What makes you qualified to sign a junior engineer's TRB?"" → Expects you to answer with STCW A-I/6 and company SMS design",Who is the assessor in the MLC/STCW context?
QB4_E#q11,/meoclass1/QB4_E.html#q11,Senthil,False,True,False,False,WEAK_INCIDENTAL_MENTION,True,"the fire detection system (effectively hiding the loss of the AUT-0 notation) has led to uncontrolled engine room fires that destroyed vessels. Examiner Chain Senthil expects: ""What was your last ship? → What was the Class? → Recite the notation → Explain the UMS notation → What do you do if UMS fai",Class notations of your vessel — list and explain each notation.
QB4_E#q12,/meoclass1/QB4_E.html#q12,Senthil,False,True,False,False,WEAK_INCIDENTAL_MENTION,True,"h weaker structural rules to save money on steel renewals. IACS URs ensure that if a ship is condemned by DNV, it cannot simply be passed by BV. Examiner Chain Senthil asks this as a rapid-fire memory test. Once you list them, he will ask: ""What does IACS do? What is a Unified Requirement?"" On My Ve",Members of IACS — list all member societies.
QB4_E#q13,/meoclass1/QB4_E.html#q13,Senthil,False,True,False,False,WEAK_INCIDENTAL_MENTION,True,"including prior deletion certificates) ensures that substandard vessels cannot secretly hide under the Indian flag without proper class surveys. Examiner Chain Senthil tests legal foundation with this question. He expects the exact sequence: ""Survey → Tonnage → Carving/Marking → Documents submitted ",Process of ship registration in India — what certificates and who issues them?
QB4_E#q14,/meoclass1/QB4_E.html#q14,Senthil,False,True,False,False,WEAK_INCIDENTAL_MENTION,True,"completely inadequate when an engine room fire required a massive, immediate personnel response while simultaneously navigating coastal waters. Examiner Chain Senthil looks for the distinction between proposal and authority. He asks: ""How many crew? → Who decides? → What convention mandates it?"" On ",How many crew onboard your ship? How is crew complement decided and who decides?
QB4_E#q15,/meoclass1/QB4_E.html#q15,Paul,False,True,False,False,WEAK_INCIDENTAL_MENTION,True,"erminals, it proved that maritime networks are highly vulnerable, accelerating the IMO's decision to mandate cyber security within the ISM Code. Examiner Chain Paul (Ext) asks this to check modern awareness. Sequence: ""Is cyber mandatory? → Under what code? → What are the engine room risks? → What i",Cyber security management on ships — key requirements and latest developments?
QB4_F#q1,/meoclass1/QB4_F.html#q1,Simon,True,False,False,False,SUPPORTED_CE_TIP_MENTION,True,"nd Certification (HSSC), 2025 (current — supersedes A.1186(33)/2023 and A.1140(31)/2019) IACS UR Z1 General provisions for statutory certification CE Oral Tip (Simon): State verbatim: ""Form E is permanently attached to the Cargo Ship Safety Equipment Certificate and must reflect the exact physical r",Form E — what is it and what does the examiner expect on this?
QB4_F#q2,/meoclass1/QB4_F.html#q2,Simon,True,False,False,False,SUPPORTED_CE_TIP_MENTION,True,"s for authorization of Recognized Organizations IACS UR M Machinery installations — minimum technical standards IACS UR Z Survey and certification CE Oral Tip (Simon): State verbatim: ""URs establish minimum technical standards for Class rules; UIs clarify statutory IMO requirements when flag states ",UR and UI — what do these acronyms stand for (Unified Requirements and Unified Interpretations)?
QB4_F#q3,/meoclass1/QB4_F.html#q3,Simon,True,False,False,False,SUPPORTED_CE_TIP_MENTION,True,"to be observed in keeping an engineering watch STCW Code A-VIII/1 Fitness for duty — rest hour requirements SOLAS Chapter V, Reg 14 Ships' manning CE Oral Tip (Simon): State verbatim: ""The relieving engineer must verify machinery status, logbooks, and never take over the watch if the relieving offic",Principles of watchkeeping — explain.
QB4_F#q4,/meoclass1/QB4_F.html#q4,Senthil,True,False,False,False,SUPPORTED_CE_TIP_MENTION,True,", Clause 9 Reports and analysis of non-conformities, accidents and hazardous occurrences ISM Code, Clause 10 Maintenance of the ship and equipment CE Oral Tip (Senthil): State verbatim: ""I will verify the validity of the SMC and DOC, check the status of all open non-conformities and defect reports, ",Taking over as CE: what documents do you check in relation to ISM?
QB4_F#q5,/meoclass1/QB4_F.html#q5,Simon,True,False,False,False,SUPPORTED_CE_TIP_MENTION,True,"Part A, Clause 1.2.2 Safety and environmental protection objectives IACS UR E26 & E27 Cyber resilience of ships and onboard systems and equipment CE Oral Tip (Simon): State verbatim: ""Cyber risk management is a mandatory part of the SMS under MSC.428(98); as CE, my priority is protecting Operational","Cyber security — basic principles, cross questions."
QB4_F#q6,/meoclass1/QB4_F.html#q6,Simon,True,False,False,False,SUPPORTED_CE_TIP_MENTION,True,"3(84) Revised performance standards and functional requirements for LRIT IMO Res. A.1106(29) Revised guidelines for onboard operational use of AIS CE Oral Tip (Simon): State verbatim: ""AIS is a public VHF system for collision avoidance, while LRIT is a secure satellite system for maritime security r","LRIT and AIS — difference, purpose, and basic cross questions."
QB4_G#q1,/meoclass1/QB4_G.html#q1,Simon,True,True,False,False,STRONG_CE_TIP_ASSERTION,False,"ognized Organizations. DG Shipping MS Notice 12 of 2013 Guidelines on delegation of statutory functions to ROs (for Indian flag context). CE Oral Tip: Examiner Simon at Kochi MMD frequently uses this question to test whether you know who to call when things go wrong. If you say, ""I will ask Class/RO",flag state vs ro diffrence
QB4_G#q2,/meoclass1/QB4_G.html#q2,Nair,True,True,False,False,STRONG_CE_TIP_ASSERTION,True,"LAS Chapter XI-2 and the ISPS Code. DG Shipping MS Notice 23 of 2004 Instructions regarding implementation of ISPS Code for Indian ships. CE Oral Tip: Examiner Nair will often ask: ""Where is the SSP kept on your ship and can I look at it during a Port State Control inspection?"" Do not get caught out",Isps and ssp contents
QB4_G#q3,/meoclass1/QB4_G.html#q3,Simon,True,False,False,False,SUPPORTED_CE_TIP_MENTION,False,ts for unattended machinery spaces (UMS). DG Shipping MS Notice 07 of 2022 Enforcement of STCW compliance and verification of rest hours. CE Oral Tip: Examiner Simon will look for a pragmatic approach to fatigue . If he poses a scenario where you are shorthanded due to injury during a stressful mane,STCW -As a chief engineer how will you decide on watchkeeping composition .(STCW CH-8)
QB4_G#q4,/meoclass1/QB4_G.html#q4,Nair,True,False,False,False,SUPPORTED_CE_TIP_MENTION,True,"ant for post-docking compliance). DG Shipping MS Notice 13 of 2011 Statutory requirements concerning safe shipboard working environments. CE Oral Tip: Examiner Nair will frequently push you on this: ""If you run out of time on a critical ship-staff pipeline job, will you order your crew to work 16 ho","During dry dock, how will you calculate manpower requirement for the job list?"
QB4_G#q5,/meoclass1/QB4_G.html#q5,Nair,True,True,False,False,STRONG_CE_TIP_ASSERTION,True,"om Surveys and IWS notations. DG Shipping MS Notice 14 of 2012 Standard guidelines for vessels undergoing dry dock and statutory surveys. CE Oral Tip: Examiner Nair frequently tests candidates on the 36-month limit . If he asks: ""Can you push your standard dry dock to 38 months without an extension ",Dry dock preparation as CE — steps and documents. What is the dry dock interval?
QB4_G#q6,/meoclass1/QB4_G.html#q6,Nair,True,True,False,False,STRONG_CE_TIP_ASSERTION,True,"chant Shipping (Distress and Casualty) Rules The legislative framework for the Indian Administration (DGMA) regarding accident inquiries. CE Oral Tip: Examiner Nair often poses a challenging follow-up: ""If a safety investigator asks you for a personal statement on the bridge after an incident, do yo",Casualty investigation — who investigates? Contents of a casualty investigation report.
QB4_G#q7,/meoclass1/QB4_G.html#q7,Nair,True,True,False,False,STRONG_CE_TIP_ASSERTION,True,"of shipboard emergency plans. DG Shipping MS Notice 05 of 2014 Enforcement of safety management systems and pollution emergency response. CE Oral Tip: Examiner Nair often tests candidates on Emergency Bilge Suction . If he asks: ""When will you open the emergency bilge suction valve?"" Answer precisel",Hull damage or oil pollution incident — as CE how will you proceed? Step by step.
QB4_G#q8,/meoclass1/QB4_G.html#q8,Nair,False,False,False,False,WEAK_INCIDENTAL_MENTION,True,"and must be formally renewed with the Registrar, so it should not be quoted as ""no renewal"" without qualifying the flag State. State this caveat explicitly if Nair probes on Indian tonnage. Chief Engineer Relevance As a Chief Engineer, maintaining awareness of the ITC 1969 parameters is vital during",Which statutory certificate does not need renewal/survey other than AFS certificate?
QB4_G#q8,/meoclass1/QB4_G.html#q8,Paul,True,True,False,False,STRONG_CE_TIP_ASSERTION,False,"ey and Certification. DG Shipping MS Notice 18 of 2013 Guidance on statutory certification and registration protocols for Indian vessels. CE Oral Tip: Examiner Paul likes to trap candidates on the Change of Flag rule. If he asks: ""If you change flag tomorrow, does your Tonnage certificate remain val",Which statutory certificate does not need renewal/survey other than AFS certificate?
QB4_G#q9,/meoclass1/QB4_G.html#q9,Simon,True,True,False,False,STRONG_CE_TIP_ASSERTION,False,"for tanker/terminal interfaces. ISM Code Element 5 & 6 Master’s responsibility and company resource alignment (linked to TMSA goals). CE Oral Tip: If Examiner Simon notes that your background is primarily on container vessels but asks about OCIMF vetting, leverage your engineering management knowled","OCIMF — what is it, tools of OCIMF and brief explanation of each."
QB4_H#q1,/meoclass1/QB4_H.html#q1,Simon,True,False,False,False,SUPPORTED_CE_TIP_MENTION,True,"Course 3.12 Basis for the AECS syllabus DGMA Order/Guidelines on AECS Eligibility (CoC + TOTA), 3-Tier e-learning delivery, MTI approval criteria CE Oral Tip: Simon is testing whether you actually know what AECS is, since it is widely and incorrectly assumed by junior candidates to be a management-l",What is the AECS course and who is required to do it?
QB4_H#q2,/meoclass1/QB4_H.html#q2,Nair,True,False,False,False,SUPPORTED_CE_TIP_MENTION,True,"rnational strait, which cannot be unilaterally suspended or redirected by a coastal state — Iran (a non-ratifier of UNCLOS) disputes this position CE Oral Tip: Nair is testing operational readiness beyond textbook piracy — and, given the live 2026 crisis, candidates are being cross-questioned on it ",Outline the Best Management Practices for a transit through the Strait of Hormuz.
QB4_H#q3,/meoclass1/QB4_H.html#q3,Simon,True,True,False,False,STRONG_CE_TIP_ASSERTION,False,"of SSO, CSO, PFSO and shipboard security framework DGMA Training Circulars National requirements linking these courses to CDC/endorsement issuance CE Oral Tip: Simon wants the three course names stated precisely, not abbreviated first. If asked whether the CE needs an SSO certificate: legally only o","What security-related courses are required for seafarers under STCW/ISPS, and what does each cover?"
QB4_H#q4,/meoclass1/QB4_H.html#q4,Srivastava,True,False,False,False,SUPPORTED_CE_TIP_MENTION,True,"Section 9 Ship Security Plan — testing of security equipment DGMA MS Notice National guidance on SSAS testing/registration for Indian-flag vessels CE Oral Tip: Srivastava's classic follow-up: ""How do you know the test worked from the ECR?"" Answer: there is no onboard indication at all — confirmation",Describe the procedure for testing the Ship Security Alert System (SSAS).
QB4_H#q5,/meoclass1/QB4_H.html#q5,Simon,True,False,False,False,SUPPORTED_CE_TIP_MENTION,False,"oom simulator assessment — not the same instrument as AECS DGMA AECS eligibility guidance CoC (no lower than examined rank) + TOTA prerequisite CE Oral Tip: If Simon repeats the AECS question in a different form, do not default to describing a simulator crisis-management scenario. State the correct ","What does AECS assess, and how does it differ from a routine engine room simulator course?"
QB4_H#q8,/meoclass1/QB4_H.html#q8,Simon,True,False,False,False,SUPPORTED_CE_TIP_MENTION,False,"E Oral Tip: Open with the core distinction in one sentence — jamming is loud and obvious, spoofing is quiet and dangerous — before going into mechanism detail. Simon is checking you understand this isn't just an IT/email phishing issue but an OT/navigation safety issue. Deep-Dive: Traps, Failures, N","Explain the difference between GPS/AIS jamming and spoofing, and their implications for a Chief Engineer."
QB4_H#q9,/meoclass1/QB4_H.html#q9,Nair,True,True,False,False,STRONG_CE_TIP_ASSERTION,True,"10/2018 & DGS Order 2/2017 Indian implementation of SSCC/SSCEC (DGMA Maritime Health Branch) and Medical Examiner approval framework respectively CE Oral Tip: Nair wants the correct, current terminology — never call it a ""De-ratting Certificate,"" which is outdated. Lead with: ""the principal WHO-link",What ship certificates and documents relate to WHO (World Health Organization) requirements?
QB4_H#q10,/meoclass1/QB4_H.html#q10,Nair,True,True,False,False,STRONG_CE_TIP_ASSERTION,True,"cedures for short-term statutory extension applications ISM Code, Section 10 Maintenance obligations ensuring continued compliance between surveys CE Oral Tip: Nair wants exact numbers and the correct authority chain. State: ""Under SOLAS Chapter I/14, only the Flag Administration can grant a statuto",What is the procedure for extending the validity of a statutory certificate when a survey cannot be completed on time?
QB4_I#q1,/meoclass1/QB4_I.html#q1,Simon,True,False,False,False,SUPPORTED_CE_TIP_MENTION,False,"1 What types of ISPS-related certificates exist, and what are their validity periods? isps stcw Examiner: Simon 15-Second Answer The core ISPS certificate is the International Ship Security Certificate (ISSC) — 5 years, with intermediate verification between the 2nd and 3rd anniversary. An Interim I","What types of ISPS-related certificates exist, and what are their validity periods?"
QB4_I#q2,/meoclass1/QB4_I.html#q2,Senthil,True,False,False,False,SUPPORTED_CE_TIP_MENTION,False,"the surveyor verify your PMS is genuinely in good order, and how does the surveyor know bunkering was carried out safely? ** ism audit pms bunkering Examiner: Senthil 15-Second Answer The first item shown to an ISM auditor is the PMS Dashboard and Critical Equipment Status Log to prove that zero cri","During an ISM audit, what is the first thing you show a surveyor as CE to demonstrate everything is in good order (PMS system)? How does the surveyor verify your PMS is genuinely in good order, and how does the surveyor know bunkering was carried out safely?"
QB4_I#q3,/meoclass1/QB4_I.html#q3,Simon,True,False,False,False,SUPPORTED_CE_TIP_MENTION,False,3 What is Safe Return to Port (SRtP)? ** solas construction safety passenger Examiner: Simon 15-Second Answer Safe Return to Port (SRtP) is a comprehensive set of SOLAS structural and systems engineering regulations designed for modern passenger ships over 120 meters. It mandates that i,What is Safe Return to Port (SRtP)?
QB4_I#q4,/meoclass1/QB4_I.html#q4,Simon,True,False,False,False,SUPPORTED_CE_TIP_MENTION,False,"4 III Code (IMO Instruments Implementation Code) — what does it say? ** imo statutory administration audit Examiner: Simon 15-Second Answer The III Code (IMO Instruments Implementation Code) provides a global standard for member states to effectively implement, monitor, and enforce major IMO convent",III Code (IMO Instruments Implementation Code) — what does it say?
QB4_I#q5,/meoclass1/QB4_I.html#q5,Simon,True,False,False,False,SUPPORTED_CE_TIP_MENTION,False,"5 What is the company's definition/role under maritime law (ISM Code Company definition)? ** ism management responsibility company Examiner: Simon 15-Second Answer Under the ISM Code, the ""Company"" is defined as the shipowner or any organization, such as the bareboat charterer or ship manager, who h",What is the company's definition/role under maritime law (ISM Code Company definition)?
QB4_J#q1,/meoclass1/QB4_J.html#q1,Simon,True,True,False,False,STRONG_CE_TIP_ASSERTION,True,"y provisions enabling UMS ISM Code Sec.6 & 7 Resources/personnel and shipboard operations — the SMS home of watch arrangements and standing orders CE Oral Tip (Simon): Simon wants the CE's decision logic, not a crew list. Structure: ""adequate at all times"" test → the five factors → UMS vs manned dis",How do you compose the engine room watch (watchkeeping levels)?
QB4_J#q2,/meoclass1/QB4_J.html#q2,Simon,True,False,False,False,SUPPORTED_CE_TIP_MENTION,True,"watch, never keep it independently SOLAS V/14 (Safe Manning) The manning document listing the certificated watchkeepers the arrangement relies on CE Oral Tip (Simon): Define it in one line — ""certified, familiarised and formally released to keep the watch in sole charge"" — then the three layers (STC",Who is an independent watchkeeper?
QB4_J#q3,/meoclass1/QB4_J.html#q3,Simon,True,False,False,False,SUPPORTED_CE_TIP_MENTION,True,"d by class MSC-MEPC.2/Circ.12/Rev.2 (FSA) Formal Safety Assessment — IMO's own risk-based method for rule-making (the concept at regulatory level) CE Oral Tip (Simon): Anchor it to ISM 1.2.2.2 verbatim, then give one operational and one maintenance example from your own plant: ""risk assessment + PTW",What is Risk Based Planning?
QB4_J#q4,/meoclass1/QB4_J.html#q4,Paul,True,False,False,False,SUPPORTED_CE_TIP_MENTION,True,"where the manuals' content is practised and recorded LSA Code / FSS Code The equipment standards the manuals describe for this ship's specific fit CE Oral Tip (Paul): First disambiguate — ""two statutory training manuals: LSA (III/35) and fire (II-2/15.2.3)"" — that alone beats most candidates. Then t",Contents of the training manual.
QB4_J#q5,/meoclass1/QB4_J.html#q5,Paul,True,False,False,False,SUPPORTED_CE_TIP_MENTION,True,"MARPOL Annex V Reg 10 / Annex VI Reg 26 Garbage management plan; SEEMP SOLAS VI/5.6 & VII/5 Cargo Securing Manual — approved by the Administration CE Oral Tip (Paul): Don't dump a list — give the four-family structure first, then one or two examples per family with their regulation. Paul often follo",What are the safety manuals kept onboard?
QB4_J#q6,/meoclass1/QB4_J.html#q6,Paul,True,False,False,True,WEAK_COMPARATIVE_MENTION,True,"the ISM Code mandatory; DOC/SMC certification basis RO Code / MSC.349(92) Recognized organizations performing ISM certification on behalf of flag CE Oral Tip (Paul): Answer with the pyramid and the section numbers, then immediately say the Code prescribes function not format (1.4 vs 11.3) — that one",What are the ISM manuals? Describe the SMS documentation structure.
QB4_J#q7,/meoclass1/QB4_J.html#q7,Simon,True,False,False,False,SUPPORTED_CE_TIP_MENTION,True,"ger and cargo ships — the survey regime proper RO Code (MSC.349(92)) Recognized organizations conducting both audits and surveys on behalf of flag CE Oral Tip (Simon): Open by correcting the premise politely — ""ISM works by audit; surveys are the physical-examination regime"" — then give the object/v",Difference between ISM survey and ISM audit.
QB4_J#q8,/meoclass1/QB4_J.html#q8,Paul,True,False,False,False,SUPPORTED_CE_TIP_MENTION,True,"Watchkeeping principles — resource management context ISM Code Sec. 6 Resources and personnel — Company's duty to ensure competent, motivated crew CE Oral Tip (Paul): Name three classic styles with one engine-room situation each — emergency, overhaul planning, trusted specialist — then close with si",What are the different types of leadership?
QB4_J#q9,/meoclass1/QB4_J.html#q9,Nair,True,False,False,False,SUPPORTED_CE_TIP_MENTION,True,"endments IBF/ITF CBA — Warlike Operations Areas Contractual right to refuse, repatriation at owner's cost, war-risk bonus and doubled compensation CE Oral Tip (Nair): Nair rewards the two-layer honesty: ""the Convention protects wages and the SEA during captivity — the 2018 amendments; the right to r",What does MLC say about war risk? Can a seafarer refuse to sail into a war zone?
QB4_J#q10,/meoclass1/QB4_J.html#q10,Simon,True,False,False,False,SUPPORTED_CE_TIP_MENTION,True,"donment of seafarers — monitoring mechanism MLC Reg 5.1 / 5.2 Flag-State certification (DMLC) and port-State inspection enforcing the certificates CE Oral Tip (Simon): Lead with the three-limb definition and the two-months wage trigger, then the certificate and the four-month cap — those four number",What is seafarer abandonment? What protection does MLC provide?
QB5_A#q1,/meoclass1/QB5_A.html#q1,Rajappan,True,False,False,False,SUPPORTED_CE_TIP_MENTION,False,"ment Vision, Principles and Goals — IMO's policy framework MSC-MEPC.7/Circ.7 Guidance on the human element — checklist for designers and operators CE Oral Tip: Rajappan sir and Senthil sir open the Management paper with this question to test whether you understand why regulations exist, not just wha",Human Element — Why is IMO focusing on it? IMO HTW Sub-committee and its functions.
QB5_A#q1,/meoclass1/QB5_A.html#q1,Srivastava,True,False,False,False,SUPPORTED_CE_TIP_MENTION,False,") name HTW + 2013, (4) link STCW Manila 2010 + ISM Code, (5) give one real Maersk vessel example — fatigue during turnaround port bunkering as a live UMS risk. Srivastava sir follow-up: ""Difference between human error and human element?"" Answer: Human element is the broader systemic concept (design,",Human Element — Why is IMO focusing on it? IMO HTW Sub-committee and its functions.
QB5_A#q1,/meoclass1/QB5_A.html#q1,Senthil,True,False,False,False,SUPPORTED_CE_TIP_MENTION,False,"ciples and Goals — IMO's policy framework MSC-MEPC.7/Circ.7 Guidance on the human element — checklist for designers and operators CE Oral Tip: Rajappan sir and Senthil sir open the Management paper with this question to test whether you understand why regulations exist, not just what they say. Struc",Human Element — Why is IMO focusing on it? IMO HTW Sub-committee and its functions.
QB5_A#q2,/meoclass1/QB5_A.html#q2,Srivastava,True,False,False,False,SUPPORTED_CE_TIP_MENTION,False,"ure adequately trained and qualified personnel MSC-MEPC.7/Circ.7 Human element guidance — checklists for effective team management CE Oral Tip: Senthil sir and Srivastava sir test ERRM by giving a scenario: ""Your 4th Engineer is struggling with a purifier breakdown during port watch at 0200 and call",Engine Room Resource Management (ERRM) — Explain.
QB5_A#q2,/meoclass1/QB5_A.html#q2,Senthil,True,False,False,False,SUPPORTED_CE_TIP_MENTION,False,"company must ensure adequately trained and qualified personnel MSC-MEPC.7/Circ.7 Human element guidance — checklists for effective team management CE Oral Tip: Senthil sir and Srivastava sir test ERRM by giving a scenario: ""Your 4th Engineer is struggling with a purifier breakdown during port watch ",Engine Room Resource Management (ERRM) — Explain.
QB5_A#q3,/meoclass1/QB5_A.html#q3,Rajappan,True,True,False,False,STRONG_CE_TIP_ASSERTION,True,ectiveness ISM Code §9 Reports and Analysis of Non-conformities — near-miss reporting requires the psychological safety the Arena quadrant enables CE Oral Tip: Rajappan sir and Srivastava sir ask this to test whether you can connect a behavioural model to practical engine room management — not just ,Johari Window — Explain.
QB5_A#q3,/meoclass1/QB5_A.html#q3,Srivastava,True,True,False,False,STRONG_CE_TIP_ASSERTION,False,de §9 Reports and Analysis of Non-conformities — near-miss reporting requires the psychological safety the Arena quadrant enables CE Oral Tip: Rajappan sir and Srivastava sir ask this to test whether you can connect a behavioural model to practical engine room management — not just describe the quad,Johari Window — Explain.
QB5_A#q5,/meoclass1/QB5_A.html#q5,Rajappan,True,False,False,False,SUPPORTED_CE_TIP_MENTION,False,"demotivated crew MLC 2006, Reg. 4.3 Health and Safety Protection — working environment quality is a direct Herzberg hygiene factor CE Oral Tip: Senthil sir and Rajappan sir pivot from Q4 (Maslow) directly here: ""Besides Maslow, what other theories do you know?"" Be ready to name Herzberg, McGregor, a",Motivation of Crew — Principles of Motivation.
QB5_A#q5,/meoclass1/QB5_A.html#q5,Senthil,True,False,False,False,SUPPORTED_CE_TIP_MENTION,False,"stest path to a demotivated crew MLC 2006, Reg. 4.3 Health and Safety Protection — working environment quality is a direct Herzberg hygiene factor CE Oral Tip: Senthil sir and Rajappan sir pivot from Q4 (Maslow) directly here: ""Besides Maslow, what other theories do you know?"" Be ready to name Herzb",Motivation of Crew — Principles of Motivation.
QB5_A#q7,/meoclass1/QB5_A.html#q7,Senthil,True,True,False,False,STRONG_CE_TIP_ASSERTION,False,"ru Ishikawa (1915–1989) Fishbone (Ishikawa) diagram; Quality Circles Visual root cause analysis; worker involvement in quality QA vs QC — Critical Distinction (Senthil sir asks) Quality Assurance (QA): Proactive and process-driven — preventing defects via the SMS. Examples: writing procedures, condu",Total Quality Management (TQM) — Explain.
QB5_A#q8,/meoclass1/QB5_A.html#q8,Srivastava,True,False,False,False,SUPPORTED_CE_TIP_MENTION,False,"tured, auditable decision-making IMO Model Course 2.07 ERRM — decision-making tools including FORDEC and risk assessment are core training content CE Oral Tip: Srivastava sir gives scenarios: ""Your main engine has a crankcase explosion warning — what is your decision-making process?"" Walk FORDEC exp",Decision-Making Tools Onboard.
QB5_A#q9,/meoclass1/QB5_A.html#q9,Rajappan,True,True,False,False,STRONG_CE_TIP_ASSERTION,False,"ss and leadership are named competencies ISM Code §6 Resources and Personnel — team composition and crew change management are CE responsibilities CE Oral Tip: Rajappan sir asks: ""When a massive crew change occurs, what do you do to manage the team?"" Use Tuckman: ""The team resets to Forming — I imme",Organisational Behaviour — Explain.
QB5_A#q10,/meoclass1/QB5_A.html#q10,Srivastava,True,True,False,False,STRONG_CE_TIP_ASSERTION,False,"e examiner will not proceed. The one-sentence anchor: ""Hazard is what can hurt you; risk is how likely it is to hurt you and how badly."" Then give the formula. Srivastava sir will follow up: ""What is ALARP?"" Answer: As Low As Reasonably Practicable — risk must be reduced until the cost of further re",Risk vs Hazard — Difference.
QB5_A#q11,/meoclass1/QB5_A.html#q11,Rajappan,False,True,False,False,WEAK_INCIDENTAL_MENTION,False,"ith fire watch. Full repair deferred to next port. Entire process documented in engine log, defect report raised, Master informed. This is the CE-level RA that Rajappan sir wants to hear about — not a textbook example but a lived one. Correction? contactus@marineintelligenceweekly.com QB5_A · Q11 · ",Risk Assessment — How to Carry Out. How to Decide Risk Category.
QB5_A#q11,/meoclass1/QB5_A.html#q11,Senthil,True,False,False,False,SUPPORTED_CE_TIP_MENTION,False,"ify and assess hazards and risks"" mandatory ISO 45001:2018 Hierarchy of Controls — elimination → substitution → engineering → administrative → PPE CE Oral Tip: Senthil sir's trap: ""At what O₂ level do you stop work?"" Answer: below 19.5% — oxygen-deficient, do not enter; above 23.5% — oxygen-enriched",Risk Assessment — How to Carry Out. How to Decide Risk Category.
QB5_A#q12,/meoclass1/QB5_A.html#q12,Rajappan,True,True,False,False,STRONG_CE_TIP_ASSERTION,False,"s; flag state obligation SOLAS Ch. IX / ISM Code §12 Company Verification, Review and Evaluation — corrective actions reviewed at management level CE Oral Tip: Rajappan sir gives a near-miss scenario and asks you to conduct RCA. Walk through 5-Whys explicitly, name the root cause as a system failure",Root Cause Analysis / Fault Analysis Methods.
QB5_A#q13,/meoclass1/QB5_A.html#q13,Rajappan,True,True,False,False,STRONG_CE_TIP_ASSERTION,False,"comments; CE must not suppress disagreement ISM Code §6 Resources and Personnel — appraisal record is evidence that CE has managed crew competency CE Oral Tip: Rajappan sir asks: ""What if the JE disagrees with your appraisal?"" Answer: He has the right to note his disagreement in the appraisal record",Appraisal of Junior Engineer — How to Conduct.
QB5_A#q14,/meoclass1/QB5_A.html#q14,Srivastava,True,True,False,False,STRONG_CE_TIP_ASSERTION,False,"es at defined Bloom levels ISM Code §6 Resources and Personnel — training must be designed to achieve operational competency (Apply level minimum) CE Oral Tip: Srivastava sir asks: ""At what level of Bloom's Taxonomy is the MEO Class 1 oral examination testing you?"" Answer: Primarily at Analyse and E",Bloom's Taxonomy — Explain.
QB5_A#q15,/meoclass1/QB5_A.html#q15,Rajappan,True,True,False,False,STRONG_CE_TIP_ASSERTION,True,"non-formal development mechanism MLC 2006, Reg. 1.4 Recruitment and Placement — development and fair progression are MLC fair-treatment principles CE Oral Tip: Rajappan sir asks: ""What is the difference between mentoring and coaching?"" Keep it clean: Mentoring = long-term developmental relationship,",Mentoring / Reverse Mentoring — What is Mentoring?
QB5_A#q16,/meoclass1/QB5_A.html#q16,Rajappan,True,True,False,False,STRONG_CE_TIP_ASSERTION,False,"46 (Part IV) Certificate of Competency (not ""license"") — statutory basis for CoC issue by DGMA (formerly DGS); replaces the repealed 1958 Act, §77 CE Oral Tip: Rajappan sir asks: ""What is TEAP and why was it introduced?"" The key hook: STCW requires a national system — TEAP is that system for India. ",TEAP — What is It and Why is It Required?
QB5_A#q18,/meoclass1/QB5_A.html#q18,Srivastava,True,True,False,False,STRONG_CE_TIP_ASSERTION,False,"ned to STCW 2010, Reg. I/6 & Code A-I/6 Qualification requirements for instructors and assessors of maritime training — VICT is India's fulfilment CE Oral Tip: Srivastava sir specifically asks: ""Define 'Vertical' and 'Integration' in the context of VICT."" Give the two definitions precisely — vertica",VICT — Define the Usage of the Terms 'Vertical' and 'Integration'.
QB5_A#q20,/meoclass1/QB5_A.html#q20,Nair,True,False,False,False,SUPPORTED_CE_TIP_MENTION,False,"me the duties of a Chief Engineer."" Do not just list conventions — structure by instrument and give one specific duty per instrument with a regulation number. Nair sir tests MARPOL: ""Who signs the Oil Record Book?"" CE signs Part I; Master countersigns. False entries are a criminal offence under MARP","Duties of CE Under STCW, SOLAS, MARPOL, MLC, ISM Code, and Merchant Shipping Act."
QB5_A#q20,/meoclass1/QB5_A.html#q20,Rajappan,True,False,False,False,SUPPORTED_CE_TIP_MENTION,False,"air sir tests MARPOL: ""Who signs the Oil Record Book?"" CE signs Part I; Master countersigns. False entries are a criminal offence under MARPOL and MS Act §225. Rajappan sir tests SOLAS V: Safe Manning is Reg. 14 — not 13. Senthil sir tests MLC rest hours. Know at least two specific duties per instru","Duties of CE Under STCW, SOLAS, MARPOL, MLC, ISM Code, and Merchant Shipping Act."
QB5_A#q20,/meoclass1/QB5_A.html#q20,Senthil,True,False,False,False,SUPPORTED_CE_TIP_MENTION,False,s Part I; Master countersigns. False entries are a criminal offence under MARPOL and MS Act §225. Rajappan sir tests SOLAS V: Safe Manning is Reg. 14 — not 13. Senthil sir tests MLC rest hours. Know at least two specific duties per instrument with the regulation number. ▶ Deep Dive — Trap Qs / Exami,"Duties of CE Under STCW, SOLAS, MARPOL, MLC, ISM Code, and Merchant Shipping Act."
QB5_B#q1,/meoclass1/QB5_B.html#q1,Rajappan,True,False,False,False,SUPPORTED_CE_TIP_MENTION,False,"andover. In practice, every major shipping company (including Maersk) has a formal CE handover checklist and procedure within the SMS. Examining this question, Rajappan sir is testing whether the candidate understands that taking over as CE is the moment of maximum legal exposure — and that they hav",Taking Over as CE — Procedure.
QB5_B#q1,/meoclass1/QB5_B.html#q1,Senthil,True,True,False,False,STRONG_CE_TIP_ASSERTION,False,"Competency — CE must hold valid CoC for the class of vessel assumed; in force 15 March 2026, replaces the repealed 1958 Act, §77 CE Oral Tip: Rajappan sir and Senthil sir both ask this as a final integrative question — testing whether the CE candidate can pull together all the regulatory knowledge f",Taking Over as CE — Procedure.
QB5_B#q2,/meoclass1/QB5_B.html#q2,Rajappan,True,False,False,False,SUPPORTED_CE_TIP_MENTION,False,"st not obstruct or retaliate against MLC complaints ISM Code §9 Non-conformity management — procedural conflicts feed the corrective action system CE Oral Tip: Rajappan sir tests this with a scenario: ""Your 2nd Engineer and 3rd Engineer have a serious personal conflict and are not communicating. How",Conflict Management.
QB5_B#q3,/meoclass1/QB5_B.html#q3,Senthil,True,True,False,False,STRONG_CE_TIP_ASSERTION,False,"of and not obstruct the complaints procedure ISM Code §6 Resources and Personnel — CE is accountable for human resource management in engine dept CE Oral Tip: Senthil sir asks this as: ""You are the technical head of the engine department — but what HR functions do you also perform?"" This catches can",HR Management — What HR Functions Does the CE Perform?
QB5_B#q4,/meoclass1/QB5_B.html#q4,Rajappan,True,True,False,False,STRONG_CE_TIP_ASSERTION,False,"ource management as an integrated engineering competency ISM Code §6 Resources and Personnel — CE leadership directly determines SMS effectiveness CE Oral Tip: Rajappan sir asks: ""What kind of leader are you as CE? Which leadership theory do you follow?"" ▶ Deep Dive — Trap Qs / Examiner Chain / CE F",CE as Leader — Leadership Theories and Applying Them.
QB5_B#q5,/meoclass1/QB5_B.html#q5,Srivastava,True,True,False,False,STRONG_CE_TIP_ASSERTION,False,"constituted under Sec 13 implements ISPS in India; ISSC maintained under DGMA (formerly DGS) authority — replaces the repealed 1958 Act equivalent CE Oral Tip: Srivastava sir asks this as: ""What is your role as CE for ISPS? If an auditor comes tomorrow for ISPS verification, what will he check in yo",CE Role for ISPS Audit.
QB5_B#q6,/meoclass1/QB5_B.html#q6,Rajappan,True,True,False,False,STRONG_CE_TIP_ASSERTION,False,"sting fatigue risk factors and mitigation measures ISM Code §6 + §8 Resources and Personnel + Emergency Preparedness — fatigued crew = SMS failure CE Oral Tip: Rajappan sir asks: ""What is fatigue? How does it affect safety? What do you do about it as CE?"" ▶ Deep Dive — Trap Qs / Examiner Chain / CE ",Fatigue as per IMO and Fatigue Mitigation.
QB5_B#q7,/meoclass1/QB5_B.html#q7,Rajappan,True,True,False,False,STRONG_CE_TIP_ASSERTION,True,"50 mg/100 mL); or breath alcohol ≤0.25 mg/L ISM Code §6, §8 Resources and Personnel / Emergency Preparedness — unfit crew is an immediate SMS risk CE Oral Tip: Rajappan sir asks: ""What does STCW Chapter 8 say about fitness for duty? What is the alcohol limit for an officer on watch?"" ▶ Deep Dive — T",Fitness for Duty — STCW Chapter VIII.
QB5_B#q8,/meoclass1/QB5_B.html#q8,Srivastava,True,True,False,False,STRONG_CE_TIP_ASSERTION,False,"itation payment demands during surveys ISM Code §1.2 Safety and pollution prevention policy — MACN compliance is part of company ethical framework CE Oral Tip: Srivastava sir asks: ""What is MACN? Have you ever been asked for a bribe as an officer? What did you do?"" ▶ Deep Dive — Trap Qs / Examiner C",MACN — Maritime Anti-Corruption Network. Explain and Which Ships Applicable.
QB5_B#q9,/meoclass1/QB5_B.html#q9,Rajappan,True,True,False,False,STRONG_CE_TIP_ASSERTION,False,"in ample time; must be large, positive and made in good time COLREGS, Rule 16 Give-way vessel must take early and substantial action to keep clear CE Oral Tip: Rajappan sir asks this to test whether the CE candidate understands that the MEO Class I certificate is a ship officer's certificate, not ju","CBDR — Constant Bearing, Decreasing Range. Explain."
QB5_B#q10,/meoclass1/QB5_B.html#q10,Senthil,True,True,False,False,STRONG_CE_TIP_ASSERTION,False,"l systems approved by class Maker's Operating Manual PID tuning parameters — always refer to maker's recommended settings before manual adjustment CE Oral Tip: Senthil sir asks PID as a conceptual question first: ""What is a PID controller? Explain P, I, and D separately."" Then immediately escalates:","PID Controller — What Is It, Where Used Onboard, How to Tune and Adjust."
QB5_B#q11,/meoclass1/QB5_B.html#q11,Senthil,True,False,False,False,SUPPORTED_CE_TIP_MENTION,False,", PMS tasks SOLAS Ch. II-1 Machinery safety — auxiliary boiler is critical for fuel oil heating; control system failure is a reportable deficiency CE Oral Tip: Senthil sir's question pattern: ""What is a three-element controller? Draw the signal flow diagram."" ▶ Deep Dive — Trap Qs / Examiner Chain /",3-Element Controller — Explain.
QB5_B#q12,/meoclass1/QB5_B.html#q12,Senthil,True,True,False,False,STRONG_CE_TIP_ASSERTION,False,"maker's settings logged Class Society Approval Control system tuning changes that affect critical alarms or safety trips must be reported to class CE Oral Tip: Senthil sir asks: ""Explain the Ziegler-Nichols method. What are Ku and Pu, and how do you get PID settings from them?"" ▶ Deep Dive — Trap Qs",Controller Tuning — Ziegler-Nichols Method.
QB5_B#q12,/meoclass1/QB5_B.html#q12,John,False,False,False,False,WEAK_INCIDENTAL_MENTION,False,"er-Nichols Method. MACHINERY ISM ⏱ 15-Second Answer The Ziegler-Nichols method (1942) is a systematic, closed-loop PID controller tuning procedure developed by John Ziegler and Nathaniel Nichols that provides a standardised, reproducible starting point for PID parameter selection. The method works b",Controller Tuning — Ziegler-Nichols Method.
QB5_B#q13,/meoclass1/QB5_B.html#q13,Rajappan,True,True,False,False,STRONG_CE_TIP_ASSERTION,True,"gic — class-approved during initial survey Maker's IG Plant Manual O₂ analyser span gas specification, calibration frequency, test gas composition CE Oral Tip: Rajappan sir asks Q13 in two parts: (1) ""List the alarms and trips of an IG system"" — then immediately (2) ""What is span gas? What is test g",IG Alarms and Trips. O₂ Analyser — Low and High O₂ Limits. Span Gas and Test Gas.
QB5_B#q14,/meoclass1/QB5_B.html#q14,Rajappan,False,True,False,False,WEAK_INCIDENTAL_MENTION,False,ea: The vehicle carrier was seized by Houthi forces in the Red Sea — 25 crew members were held captive for over a year. This real event is exactly the scenario Rajappan and Srivastava sir are referencing when they ask Q14. The crew management challenge was precisely the three-layer problem described,Ship Stranded/Transiting Hormuz Strait / Persian Gulf in War/Security Situation — How Do You as CE Motivate and Manage Your Crew?
QB5_B#q14,/meoclass1/QB5_B.html#q14,Srivastava,True,False,False,False,SUPPORTED_CE_TIP_MENTION,False,"ess and propulsion for evasive action ISPS Code, Part A Security Level management — CE supports Master in implementing appropriate security levels CE Oral Tip: Srivastava sir delivers this question as: ""Your ship is transiting the Hormuz Strait. There is a war going on nearby. Crew are terrified. Wh",Ship Stranded/Transiting Hormuz Strait / Persian Gulf in War/Security Situation — How Do You as CE Motivate and Manage Your Crew?
QB5_B#q15,/meoclass1/QB5_B.html#q15,Rajappan,True,False,False,False,SUPPORTED_CE_TIP_MENTION,False,"nections, and a general operational risk assessment. The CE who understands this composite nature demonstrates exactly the management-level PTW competency that Rajappan sir is testing. What Is a Framo Portable Submersible Pump? Made by Frank Mohn AS (Framo, Norway) — a portable, hydraulically driven",Risk Assessment and PTW for Operating a Portable Framo Submersible Cargo Pump.
QB5_B#q16,/meoclass1/QB5_B.html#q16,Rajappan,True,True,False,False,STRONG_CE_TIP_ASSERTION,False,"HFACS Framework Human Factors Analysis and Classification System — framework for classifying human element failure types in casualty investigation CE Oral Tip: Rajappan sir asks: ""What are the human element factors in a casualty investigation? Give me the IMO regulation."" ▶ Deep Dive — Trap Qs / Exa",Human Element Factors in Casualty Investigation.
QB5_C_A#q3,/meoclass1/QB5_C_A.html#q3,Nair,True,True,False,False,STRONG_CE_TIP_ASSERTION,True,"ak pressures (Pmax) via indicator cards or electronic cylinder pressure monitors (e.g., PMI systems) to ensure balanced combustion. Trap Warning Examiner Trap: Nair may ask: ""If the noon report shows the vessel speed has dropped by 2 knots but the flow-meter fuel consumption remains exactly as per t",Voyage performance checks — what basic check is most often missed?
QB5_C_A#q4,/meoclass1/QB5_C_A.html#q4,Rajappan,True,True,False,False,STRONG_CE_TIP_ASSERTION,True,"y, the expiry date is logged in the engine room defect list, and a reminder is set for restoring the system to its original design. Trap Warning Examiner Trap: Rajappan might test your practical limits: ""Chief, your main cooling sea-water line cracks at sea. You don't have the exact pipe, so you wan",Management of Change (MOC) — procedure and CE role?
QB5_C_A#q5,/meoclass1/QB5_C_A.html#q5,Nair,True,False,False,False,SUPPORTED_CE_TIP_MENTION,True,"ormation). This allows the CE to plan an injector replacement during an upcoming short port stay, preventing unexpected breakdowns. Trap Warning Examiner Trap: Nair may try to confuse your practical role with automation: ""If my modern ship has thousands of sensors transmitting data directly to the s",MIS vs data — what is a Management Information System?
QB5_C_A#q6,/meoclass1/QB5_C_A.html#q6,Nair,True,False,False,False,SUPPORTED_CE_TIP_MENTION,True,"., MORE + PRESSURE in a fuel line → reveals a risk of flange rupture → results in a recommendation to install a double-walled pipe. Trap Warning Examiner Trap: Nair may push your understanding of shipboard boundaries: ""Chief, you are planning a major main engine unit overhaul. The 2nd Engineer bring","Hazard identification — HAZID, HAZOP, JSA and Risk Assessment matrix?"
QB5_C_A#q7,/meoclass1/QB5_C_A.html#q7,Nair,True,False,False,False,SUPPORTED_CE_TIP_MENTION,True,"ir TRB and update the company’s digital crew evaluation matrix. If unsatisfied, I extend the training phase with specific feedback. Trap Warning Examiner Trap: Nair might present a common shortcut: ""Chief, your ship is short-handed, and you have a new Cadet who has a signed certificate from a shore ",On-board training — how do you design and deliver it step by step?
QB5_C_A#q8,/meoclass1/QB5_C_A.html#q8,Rajappan,True,False,False,False,SUPPORTED_CE_TIP_MENTION,True,"a formal written statement invoking my overriding authority to detain the vessel until technical integrity is completely restored. Trap Warning Examiner Trap: Rajappan may trap you on commercial pressure: ""Chief, you are in a busy US port. The port authority says you must move the ship from the bert",Dali incident — what went wrong and what is the CE liability?
QB5_C_A#q9,/meoclass1/QB5_C_A.html#q9,Rajappan,True,False,False,False,SUPPORTED_CE_TIP_MENTION,False,"stabilized, conduct a post-incident de-brief with the engineering team to capture lessons learned and update the ship's risk logs. Trap Warning Examiner Trap: Rajappan may try to apply severe commercial pressure: ""Chief, you are 50 miles from the destination port. The main engine thrust bearing temp",CE decision framework — how does a CE decide under pressure?
QB5_C_A#q10,/meoclass1/QB5_C_A.html#q10,Rajappan,True,False,False,False,SUPPORTED_CE_TIP_MENTION,True,"ictly prohibited. Additional safety barriers must be introduced to recalculate and reduce the residual risk to an acceptable level. Trap Warning Examiner Trap: Rajappan might challenge your understanding of residual risk: ""Chief, you calculate a JSA risk rating for working aloft on the funnel, and t","Risk assessment — L×S matrix, steps and documentation?"
QB5_C_B#q1,/meoclass1/QB5_C_B.html#q1,Rajappan,True,False,False,False,SUPPORTED_CE_TIP_MENTION,False,"1 Q11: Rajappan — Mentoring vs reverse mentoring MANAGEMENT 15-Second Answer 60-Second Answer 60-Second Exam Delivery: Good morning, Sir. In a modern, digitally evolving maritime industry, I utilize both men",Q11: Rajappan — Mentoring vs reverse mentoring
QB5_C_B#q1,/meoclass1/QB5_C_B.html#q1,John,False,False,False,False,WEAK_INCIDENTAL_MENTION,False,"6.5: Ensuring that all personnel receive essential information regarding the safety management system. Casualty Link The collision involving the destroyer USS John S. McCain (2017) highlights the danger of a senior command structure being unfamiliar with complex, newly installed digital interfaces. ",Q11: Rajappan — Mentoring vs reverse mentoring
QB5_C_B#q2,/meoclass1/QB5_C_B.html#q2,Simon,True,False,False,False,SUPPORTED_CE_TIP_MENTION,True,"2 Q12: Simon — SWOT analysis — shipboard management MANAGEMENT 15-Second Answer 60-Second Answer 60-Second Exam Delivery: Good morning, Sir. A SWOT Analysis is an invaluable managerial tool that I apply to s",Q12: Simon — SWOT analysis — shipboard management
QB5_C_B#q3,/meoclass1/QB5_C_B.html#q3,Simon,True,False,False,False,SUPPORTED_CE_TIP_MENTION,True,"3 Q13: Simon — AR and VR in shipping — applications MANAGEMENT MACHINERY 15-Second Answer 60-Second Answer 60-Second Exam Delivery: Good morning, Sir. In the context of smart shipping and maritime digital tr",Q13: Simon — AR and VR in shipping — applications
QB5_C_B#q4,/meoclass1/QB5_C_B.html#q4,Nair,True,False,False,False,SUPPORTED_CE_TIP_MENTION,True,"4 Q14: Nair — Ear muff selection criteria (occupational health) MACHINERY SURVEY 15-Second Answer 60-Second Answer 60-Second Exam Delivery: Good morning, Sir. Protecting the hearing health of my crew in high",Q14: Nair — Ear muff selection criteria (occupational health)
QB5_C_B#q5,/meoclass1/QB5_C_B.html#q5,Rajappan,True,False,False,False,SUPPORTED_CE_TIP_MENTION,True,"5 Q15: Rajappan — War zone — 3 Indian crew died — investigation ISM MANAGEMENT 15-Second Answer 60-Second Answer 60-Second Exam Delivery: Good morning, Sir. A war-zone incident resulting in crew fatalities i",Q15: Rajappan — War zone — 3 Indian crew died — investigation
QB5_C_B#q6,/meoclass1/QB5_C_B.html#q6,Rajappan,True,False,False,False,SUPPORTED_CE_TIP_MENTION,True,"6 Q16: Rajappan — Engine Resource Management (ERM) principles MANAGEMENT 15-Second Answer 60-Second Answer 60-Second Exam Delivery: Good morning, Sir. Engine Resource Management, or ERM, is a mandatory statu",Q16: Rajappan — Engine Resource Management (ERM) principles
QB5_C_B#q7,/meoclass1/QB5_C_B.html#q7,Nair,True,False,False,False,SUPPORTED_CE_TIP_MENTION,True,"7 Q17: Nair — Occupational health and safety — CE obligations MANAGEMENT SURVEY 15-Second Answer 60-Second Answer 60-Second Exam Delivery: Good morning, Sir. As Chief Engineer, my obligations regarding Occup",Q17: Nair — Occupational health and safety — CE obligations
QB5_D#q1,/meoclass1/QB5_D.html#q1,Nair,True,True,False,False,STRONG_CE_TIP_ASSERTION,True,"s — safety leadership function MLC 2006, Title 2 & 3 Hours of rest, accommodation and welfare — CE's leadership duty to enforce, not merely record CE Oral Tip: Nair wants specific points, not ""a CE must be a good communicator."" Say: ""Sir, specifically — the CE must demonstrate: (1) decision-making u",Is the Chief Engineer a leader? Explain — what specific leadership qualities must a CE demonstrate?
QB5_D#q2,/meoclass1/QB5_D.html#q2,Nair,True,False,False,False,SUPPORTED_CE_TIP_MENTION,True,"ompetency standards ISM Code Sections 6 & 9 Resources/personnel and reporting of non-conformities — basis for treating harassment as an SMS matter CE Oral Tip: Nair is testing awareness of IMO's gender programme, not personal opinion. Open with the programme's 1988 origin and name Resolution A.1147(","Women's empowerment at sea — what IMO and flag State provisions exist, and what is the CE's responsibility?"
QB5_E#q1,/meoclass1/QB5_E.html#q1,Simon,False,False,False,False,WEAK_INCIDENTAL_MENTION,False,"feared their social standing/job security (lower-middle tiers) if they challenged the Captain's routing decisions, neutralising risk management. Examiner Chain Simon/Paul → MLC rest-hour responsibilities → ""how do you keep fatigued engineers focused and safe — what psychological theory helps?"" → Mas",Maslow's pyramid (Abraham Maslow's theory) — explain and its relevance to shipboard management.
QB5_E#q1,/meoclass1/QB5_E.html#q1,Paul,True,False,False,False,SUPPORTED_CE_TIP_MENTION,True,"their social standing/job security (lower-middle tiers) if they challenged the Captain's routing decisions, neutralising risk management. Examiner Chain Simon/Paul → MLC rest-hour responsibilities → ""how do you keep fatigued engineers focused and safe — what psychological theory helps?"" → Maslow, He",Maslow's pyramid (Abraham Maslow's theory) — explain and its relevance to shipboard management.
QB5_E#q2,/meoclass1/QB5_E.html#q2,Simon,True,False,False,False,SUPPORTED_CE_TIP_MENTION,True,"crew knew the technical hazard (leaking cooling water system) but failed to evaluate the catastrophic risk of total power loss near a lee shore. Examiner Chain Simon → ""difference between hazard and risk?"" → operational example from your last ship → how intermediate hierarchy-of-controls levels are ",Hazard vs risk — what is the difference? Give examples from shipboard context.
QB5_E#q3,/meoclass1/QB5_E.html#q3,Simon,False,False,False,False,WEAK_INCIDENTAL_MENTION,True,"unaddressed harassment to distraction, stress and sleep loss among watchkeepers — culminating in environmental violations or machinery failures. Examiner Chain Simon → ""where do you find legal authority to discipline a crew member?"" → ""what conventions back your company's Code of Conduct?"" → walk th",Code of Conduct for Seafarers — what does it cover and where is it referenced?
QB5_E#q4,/meoclass1/QB5_E.html#q4,Simon,False,False,False,False,WEAK_INCIDENTAL_MENTION,True,"ained for weeks on fabricated pollution/safety charges — inducing extreme crew fatigue and stress that raises the risk of engine-room accidents. Examiner Chain Simon → ""what is MACN?"" → ""a customs officer threatens detention over a minor lube oil inventory variance unless paid — what do you do?"" → w","MACN — what is it, who formed it and what does it do?"
QB5_E#q5,/meoclass1/QB5_E.html#q5,Simon,False,True,False,True,WEAK_COMPARATIVE_MENTION,True,"outdated/incorrect theme — examiners specifically probe whether candidates follow live IMO announcements rather than memorising stale material. Examiner Chain Simon → ""what was this year's Day of the Seafarer theme?"" → ""how does that apply practically to your role transiting a high-risk area?"" → wha",Day of the Seafarer — what is this year's theme and its relevance to your role?
QB5_E#q6,/meoclass1/QB5_E.html#q6,Simon,True,False,False,False,SUPPORTED_CE_TIP_MENTION,True,"ced to junior engineers performing tasks they were never properly trained or supervised for — underscoring the Demonstrate–Observe–Assess cycle. Examiner Chain Simon → ""how do you handle a newly joined junior engineer with no practical experience?"" → structured training steps before critical machine","How to train junior engineers effectively — as Chief Engineer, what is your approach?"
QB5_E#q7,/meoclass1/QB5_E.html#q7,Senthil,True,False,False,False,SUPPORTED_CE_TIP_MENTION,True,"-existing environmental or structural defects, because they signed off handover records without auditing the ORB or physical bilge piping setup. Examiner Chain Senthil → ""you're joining tomorrow morning as CE — what are the first 3 specific areas you audit?"" → ""the SMC expires in 48 hours — what do ",3 specific requirements when taking over as Chief Engineer — what are they?
QB5_F#q1,/meoclass1/QB5_F.html#q1,Simon,True,True,False,False,STRONG_CE_TIP_ASSERTION,True,"dards implemented at engine-room level Classification Society Rules Survey cycles and machinery certification requirements beyond statutory minima CE Oral Tip: Simon expects the four-layer structure named explicitly — statutory, class, flag, company/SMS — not a vague list of individual regulations. ",What rules do you implement as Chief Engineer?
QB5_F#q2,/meoclass1/QB5_F.html#q2,Nair,True,True,False,False,STRONG_CE_TIP_ASSERTION,True,"st be genuinely accessible regardless of language ISM Code Section 6 Resources and personnel — company duty to ensure effective crew communication CE Oral Tip: Nair expects the working-language requirement named specifically (SOLAS V/14, STCW A-VIII/1), not just ""I speak clearly and slowly."" Give th",Communication skills for the CE — how do you handle language barriers and crew management communication?
QB5_G#q1,/meoclass1/QB5_G.html#q1,Nair,True,False,False,False,SUPPORTED_CE_TIP_MENTION,False,"e 06 of 2023 Guidelines regarding carbon intensity indicators and alternate fuel validation for Indian flagged/manned vessels. CE Oral Tip: Kochi MMD (Examiner Nair): Examiner Nair values realistic pragmatism. Do not just say ""Hydrogen is the future."" He will immediately grill you on storage density",Alternate fuels .. transition .. what in your opinion is a long term alternative solution.?
QB5_G#q2,/meoclass1/QB5_G.html#q2,Rajappan,True,False,False,False,SUPPORTED_CE_TIP_MENTION,False,"ing MS Notice 13 of 2014 Enforcement of strict safety management systems and risk evaluation protocols onboard Indian vessels. CE Oral Tip: Kochi MMD (Examiner Rajappan): Rajappan frequently focuses on practical shipboard safety and absolute precision regarding pressures. When answering, state clear",How to carry out risk assessment and permit for portable framo pump
QB5_G#q3,/meoclass1/QB5_G.html#q3,Nair,True,False,False,False,SUPPORTED_CE_TIP_MENTION,False,"s. DG Shipping MS Notice 11 of 2012 Directives for Indian vessels carrying hazardous solid bulk cargoes under IMSBC protocols. CE Oral Tip: Kochi MMD (Examiner Nair): Nair looks for structural and engineering safety intersections. He may test you with a trick question: ""If the DRI cargo temperature ",Dri cargo hazards
QB5_G#q4,/meoclass1/QB5_G.html#q4,Rajappan,True,True,False,False,STRONG_CE_TIP_ASSERTION,False,"tion. DG Shipping MS Notice 13 of 2014 Bridge and Engine Room Resource Management implementation mandates for Indian officers. CE Oral Tip: Kochi MMD (Examiner Rajappan): Rajappan appreciates structural systems and structural authority. If he asks, ""The Master tells you to run the generator despite ",As CE how will you take decisions onboard? What framework do you use?
QB5_G#q5,/meoclass1/QB5_G.html#q5,Rajappan,True,True,False,False,STRONG_CE_TIP_ASSERTION,False,"aligned with Amritkal Vision objectives, issued by the Directorate General of Maritime Administration (formerly DG Shipping). CE Oral Tip: Kochi MMD (Examiner Rajappan): Rajappan may ask about these initiatives to test your awareness of national maritime trends and strategic growth. Avoid answers th",What is Sagar Mala project and Maritime Amritkal Vision?
QB5_G#q6,/meoclass1/QB5_G.html#q6,Simon,True,True,False,False,STRONG_CE_TIP_ASSERTION,True,04 of 2020 Guidelines and requirements for Indian vessels regarding cyber security risk identification and safety strategies. CE Oral Tip: Kochi MMD (Examiner Simon): Examiner Simon looks closely at the connection between automation systems and electronics. If he asks how a GPS issue affects the eng,GPS Spoofing — what is it? How does it affect vessel navigation and what are countermeasures?
QB5_H#q1,/meoclass1/QB5_H.html#q1,Srivastava,True,True,False,False,STRONG_CE_TIP_ASSERTION,True,"s 2010 Introduced human element/leadership as an examinable competence MLC 2006, Reg 2.3 Hours of rest — CE's duty in managing watchkeeper fatigue CE Oral Tip: Srivastava expects you to separate 'leadership' from 'seniority' explicitly — quote STCW's leadership/managerial competence table by name. A",Is the Chief Engineer a leader? Elaborate.
QB5_H#q2,/meoclass1/QB5_H.html#q2,Nair,True,False,False,False,SUPPORTED_CE_TIP_MENTION,True,sibilities — familiarisation with equipment before assuming duties Flag State / Class PSC checks Verify familiarisation records during inspections CE Oral Tip: Nair listens for the words 'familiarisation checklist' and 'SMS-mandated' — a generic 'I would read the manual' answer scores lower than one,You join a ship as Chief Engineer and the main engine type is unfamiliar to you. What actions will you take?
QB5_I#q1,/meoclass1/QB5_I.html#q1,Nair,True,False,False,False,SUPPORTED_CE_TIP_MENTION,True,"s rules (e.g. ABS/DNV ergonomic guidance) Ergonomic design notations and application guidance ISO 14726 Piping colour-code identification standard CE Oral Tip: Nair listens for a confident, correctly-named circular. Open with MSC/Circ.834 (not a resolution or SOLAS regulation), then explicitly split","What is the human-machine interface concept called in engine room design (Ergonomic Design)? How do you improve ergonomics, and what do you check when a new design/modification is brought onboard?"
QB5_I#q2,/meoclass1/QB5_I.html#q2,Nair,True,False,False,False,SUPPORTED_CE_TIP_MENTION,True,"Then briefly name the 5 FSA steps and GCAF/ICAF before pivoting to CAPEX/OPEX/CII at company level — that structure alone signals management-level awareness to Nair. Deep-Dive: CE Relevance On a high-fuel-consumption container ship, small efficiency variances are large sums — a CE identifying declin","Cost-value analysis — at company level and at IMO level, what does this involve?"
QB5_I#q4,/meoclass1/QB5_I.html#q4,Nair,True,False,False,False,SUPPORTED_CE_TIP_MENTION,True,"eadership role CE Oral Tip: Give the two-line distinction immediately — ""management is process, leadership is people"" — then name STCW Table A-III/2 by number. Nair treats a one-line ""I'm head of department"" answer as incomplete; the regulatory anchor plus a concrete example (toolbox talk, mentoring","As Chief Engineer, what are your duties as a leader — as distinct from as a manager?"
QB5_I#q6,/meoclass1/QB5_I.html#q6,Nair,True,False,False,False,SUPPORTED_CE_TIP_MENTION,True,"— rest-hour management, task/checklist planning, and a calm command culture. A generic ""I keep morale up"" answer without the regulatory anchor scores low with Nair. Deep-Dive: CE Relevance On short, high-activity liner turnarounds, monitor team energy alongside machinery parameters — if a 2/E has be",How do you control/manage stress onboard as Chief Engineer?
QB5_J#q1,/meoclass1/QB5_J.html#q1,Simon,True,True,False,False,STRONG_CE_TIP_ASSERTION,True,"e dispute SOLAS II-2, Reg.4.2.1 Oil fuel flashpoint not less than 60 °C — the safety-side fuel property paired with the energy-side (LCV) property CE Oral Tip (Simon): Simon wants the physics first, then the practical hook. Open with ""heat of combustion with product water left as vapour,"" immediatel",What is Lower Calorific Value? Why is engine performance always quoted against LCV and not the higher value?
QB6#q1,/meoclass1/QB6.html#q1,Nair,True,False,False,False,SUPPORTED_CE_TIP_MENTION,True,"art III; Administration will not issue SOC until it is submitted. TRAP ""CII unit is gCO₂/tonne·nm."" Wrong: that is the EEDI unit. PASS CII unit = gCO₂/DWT·nm . Nair stops the oral immediately if you say tonne·nm. TRAP ""Water vapour is included in CII CO₂ calculation."" PASS No. Only combustion CO₂ vi","What is the CII — how is it calculated, what are the units, and what does the A–E rating mean?"
QB6#q1,/meoclass1/QB6.html#q1,Senthil,True,True,False,False,STRONG_CE_TIP_ASSERTION,True,"ional carbon intensity indicators and rating mechanisms MARPOL AVI / Reg 26 SEEMP requirement; Part III links to CII corrective action plan CE Oral Tip (Nair / Senthil): Nair asks ""what is the unit?"" first — state gCO₂/DWT·nm without pause. Then formula, then consequences. Senthil's deciding questio","What is the CII — how is it calculated, what are the units, and what does the A–E rating mean?"
QB6#q2,/meoclass1/QB6.html#q2,Simon,True,False,False,False,SUPPORTED_CE_TIP_MENTION,True,"sions scores poorly on GFI even if CII looks good. The lesson directly informed the Well-to-Wake scope of the GFI mid-term framework. 🔗 Examiner Question Chain Simon's GFI chain: ""What is GFI?"" → Unit gCO₂eq/MJ + Well-to-Wake scope ""How does it differ from CII?"" → Unit, scope, in force vs proposed """,What is the GFI — how is it calculated and what is its significance? How does it differ from CII?
QB6#q3,/meoclass1/QB6.html#q3,Senthil,True,True,False,False,STRONG_CE_TIP_ASSERTION,True,"ication technical index for existing ships — enforcement at the first annual, intermediate, or renewal survey on or after 1 November 2022 . For container ships Senthil asks about, the reference line uses the power function from MARPOL Annex VI Reg 21. Non-compliant ships must implement ShaPoLi or EP","What is EEXI — how is it calculated, and how does it differ from EEDI? What is the EEDI reference line for container ships?"
QB6#q4,/meoclass1/QB6.html#q4,Nair,False,False,False,False,WEAK_INCIDENTAL_MENTION,False,"D rating history. CE ensuring the SEEMP file is physically current on board is an ISM and MARPOL obligation — not optional paperwork. 🔗 Examiner Question Chain Nair/Senthil SEEMP sequence: ""What is SEEMP?"" → 3-part operational energy efficiency management plan ""Three Parts?"" → Part I (>400 GT), Part",What is SEEMP Part III and what does it contain? What is the International Energy Efficiency Certificate and its validity?
QB6#q4,/meoclass1/QB6.html#q4,Senthil,False,False,False,False,WEAK_INCIDENTAL_MENTION,False,"ing history. CE ensuring the SEEMP file is physically current on board is an ISM and MARPOL obligation — not optional paperwork. 🔗 Examiner Question Chain Nair/Senthil SEEMP sequence: ""What is SEEMP?"" → 3-part operational energy efficiency management plan ""Three Parts?"" → Part I (>400 GT), Part II (",What is SEEMP Part III and what does it contain? What is the International Energy Efficiency Certificate and its validity?
QB6#q5,/meoclass1/QB6.html#q5,Simon,True,False,False,False,SUPPORTED_CE_TIP_MENTION,True,"ethane slip) are now included in the GFI Well-to-Wake calculation — the 2023 IMO GHG Strategy learned from this regulatory oversight. 🔗 Examiner Question Chain Simon's GHG chain: ""What GHGs does MARPOL AVI track?"" → CO₂, CH₄, N₂O ""GWP100 values?"" → CO₂=1, CH₄=27.9 (AR6), N₂O=273 (AR6) ""Is water vapo",What are all the greenhouse gases under MARPOL Annex VI? Is water vapour a greenhouse gas?
QB6#q6,/meoclass1/QB6.html#q6,Nair,False,False,False,False,WEAK_INCIDENTAL_MENTION,False,"ence = 7,476 t-CO₂ — directly reflected in attained CII. ⚠️ Trap Questions & Strong Answers TRAP ""HFO Cf is 3.15."" PASS Exact value per MEPC.364(79) is 3.114 . Nair tests this precision. MDO/MGO = 3.206 — note that MDO Cf is higher than HFO Cf (counterintuitive). TRAP ""Methanol always produces less ",What is the carbon conversion factor for HFO and methanol? Calculate CO₂ emitted for one day's fuel consumption.
QB6#q6,/meoclass1/QB6.html#q6,Simon,True,False,False,False,SUPPORTED_CE_TIP_MENTION,True,"worse CII rating and EU ETS recalculation. CE signature on the noon report carries legal weight — accuracy is a statutory obligation. 🔗 Examiner Question Chain Simon's carbon factor chain: ""Cf for HFO?"" → 3.114 (MEPC.364(79)) ""Methanol?"" → 1.375 ""80 t/day HFO → how much CO₂?"" → 249.12 t-CO₂/day ""Why",What is the carbon conversion factor for HFO and methanol? Calculate CO₂ emitted for one day's fuel consumption.
QB6#q7,/meoclass1/QB6.html#q7,Nair,True,False,False,False,SUPPORTED_CE_TIP_MENTION,True,"cludes shipping emissions."" PASS International shipping emissions are NOT in any country's NDC. IMO holds independent global jurisdiction. This is a consistent Nair question. TRAP ""The GFI standard and carbon levy are already in force."" PASS Both are proposed under MEPC.377(80) — expected adoption a",What is the UNFCCC and what is its role in IMO's GHG Strategy? What are the midterm measures?
QB6#q7,/meoclass1/QB6.html#q7,Srivastava,False,False,False,False,WEAK_INCIDENTAL_MENTION,False,"ctive political pressure. For a CE sitting Class 1 in 2026, awareness of this momentum signals current regulatory understanding. 🔗 Examiner Question Chain Nair/Srivastava UNFCCC/midterm chain: ""What is UNFCCC?"" → UN Framework Convention — Paris Agreement 1.5°C ""IMO's relationship?"" → Independent UN ",What is the UNFCCC and what is its role in IMO's GHG Strategy? What are the midterm measures?
QB6#q8,/meoclass1/QB6.html#q8,Senthil,True,False,False,False,SUPPORTED_CE_TIP_MENTION,True,"ion to Flag Administration at next practicable opportunity. A CE who overrides without documentation faces personal MARPOL liability. 🔗 Examiner Question Chain Senthil's ShaPoLi chain: ""What is ShaPoLi?"" → Non-structural modification limiting shaft power for EEXI compliance ""Who authorises it?"" → Fl",What is shaft power limitation (ShaPoLi)? Who authorises it and what is its purpose?
QB6#q9,/meoclass1/QB6.html#q9,Nair,True,False,False,False,SUPPORTED_CE_TIP_MENTION,True,"liability. This is why CE-level understanding of sustainability certification is essential — not just accepting the supplier's label. 🔗 Examiner Question Chain Nair/Senthil alternative fuels chain: ""Difference between alternative and sustainable fuels?"" → Manifold type vs lifecycle metric ""Examples?",What are sustainable and alternative fuels in shipping? What is the difference? What is IMO's role regarding seafarers?
QB6#q9,/meoclass1/QB6.html#q9,Senthil,True,False,False,False,SUPPORTED_CE_TIP_MENTION,True,"lity. This is why CE-level understanding of sustainability certification is essential — not just accepting the supplier's label. 🔗 Examiner Question Chain Nair/Senthil alternative fuels chain: ""Difference between alternative and sustainable fuels?"" → Manifold type vs lifecycle metric ""Examples?"" → A",What are sustainable and alternative fuels in shipping? What is the difference? What is IMO's role regarding seafarers?
QB6#q10,/meoclass1/QB6.html#q10,Nair,True,False,False,False,SUPPORTED_CE_TIP_MENTION,True,"t the delayed response highlighted that pre-bunkering gas detector bump tests are non-negotiable. Now part of SIGTTO bunkering guidance for LPG vessels — and a Nair-level detail that distinguishes prepared candidates. 🔗 Examiner Question Chain Nair's dual-fuel chain (Attempt 3 pattern): ""What is a d","What is a dual fuel engine? Alarms, monitoring vs conventional engine? LPG bunkering procedures?"
QB6#q11,/meoclass1/QB6.html#q11,Simon,True,True,False,False,STRONG_CE_TIP_ASSERTION,True,"A (TLV-TWA = 200 ppm — methanol absorbs through skin); methanol-resistant AFFF (alcohol-resistant foam) in fuel handling spaces. Even on a conventional vessel, Simon asks methanol questions at CE level — assessing whether you understand the fleet Maersk is transitioning to. ⚠️ Trap Questions & Stron","Methanol as marine fuel — production types, flash point, safeties, and applicable codes?"
QB6#q12,/meoclass1/QB6.html#q12,Nair,True,True,False,False,STRONG_CE_TIP_ASSERTION,True,"g — class requirement under ISO/IEC/IEEE 80005-1. ⚠️ Trap Questions & Strong Answers TRAP ""You only need voltage and frequency matching for cold ironing."" PASS Nair gives you voltage and frequency as starters. He expects in addition: isolation transformer, equipotential bonding, fiber-optic safety i",What is cold ironing / Onshore Power Supply (OPS) — definition and requirements?
QB6#q13,/meoclass1/QB6.html#q13,Nair,True,True,False,False,STRONG_CE_TIP_ASSERTION,True,"he bridge's responsibility."" PASS Bridge handles routing. CE handles machinery thermodynamic optimisation. Both contribute. Never say ""the bridge handles it"" — Nair expects you to own the engine room domain. TRAP ""Slow steaming is the CE's only tool."" PASS Speed is commanded by the Master/charterer.","As Chief Engineer, how will you carry out voyage optimisation? Specific practical applications?"
QB6#q14,/meoclass1/QB6.html#q14,Nair,True,False,False,False,SUPPORTED_CE_TIP_MENTION,True,"to purchase additional EU allowances (~€60/tonne CO₂ in 2024). CE whose fuel data is incorrect creates a direct financial liability. 🔗 Examiner Question Chain Nair's MRV/DCS chain: ""What is EU MRV?"" → EU Reg 2015/757; voyage-level CO₂ for EU/EEA calls ""What is IMO DCS?"" → MARPOL AVI Reg 22A; global ",What is EU MRV and how does it differ from IMO DCS?
QB6#q15,/meoclass1/QB6.html#q15,Rajappan,True,False,False,False,SUPPORTED_CE_TIP_MENTION,True,"ed mandatory 3-element controller installation at next class survey — enforcing best practice that should already have been in place. 🔗 Examiner Question Chain Rajappan's 3-element chain (LNG Carrier context): ""Explain 3-element controller."" → 3 variables: drum level + steam flow + feedwater flow ""W",3-element controller — explain. Where is it used onboard?
QB6#q16,/meoclass1/QB6.html#q16,Nair,False,True,False,False,WEAK_INCIDENTAL_MENTION,False,"Time) = Tu/6."" PASS Td = Tu/8 for the standard Z-N Ultimate Gain (closed-loop) method. Tu/6 is from the Z-N open-loop step test method — a different procedure. Nair and Rajappan expect the exact closed-loop formula. TRAP ""Z-N can be applied to any loop at any time."" PASS Z-N requires oscillating the",Ziegler-Nichols Method — how do you tune a PID controller using this method?
QB6#q16,/meoclass1/QB6.html#q16,Rajappan,True,True,False,False,STRONG_CE_TIP_ASSERTION,True,"u/6."" PASS Td = Tu/8 for the standard Z-N Ultimate Gain (closed-loop) method. Tu/6 is from the Z-N open-loop step test method — a different procedure. Nair and Rajappan expect the exact closed-loop formula. TRAP ""Z-N can be applied to any loop at any time."" PASS Z-N requires oscillating the system t",Ziegler-Nichols Method — how do you tune a PID controller using this method?
QB6#q17,/meoclass1/QB6.html#q17,Rajappan,True,False,False,False,SUPPORTED_CE_TIP_MENTION,True,"Corrective action: add anti-windup limits to the viscorator controller — standard practice that had been overlooked at commissioning. 🔗 Examiner Question Chain Rajappan's PID chain: ""What is a PID controller?"" → P (present) + I (accumulated past) + D (future prediction) ""Where used onboard?"" → Boile","PID controller — what is it, where is it used onboard, how do you tune and adjust it?"
QB6#q18,/meoclass1/QB6.html#q18,Rajappan,True,False,False,False,SUPPORTED_CE_TIP_MENTION,True,"y inspection of VIT deactivation linkage at scheduled overhaul intervals — now in planned maintenance systems on MC-C series vessels. 🔗 Examiner Question Chain Rajappan's VIT chain: ""Explain VIT."" → Advances fuel injection at part-load to maintain Pmax ""Purpose?"" → Maintain Pmax/Pcomp ratio → flatte",VIT (Variable Injection Timing) — explain. Why is VIT not used below 40% load?
QB6#q19,/meoclass1/QB6.html#q19,Simon,False,False,False,False,WEAK_INCIDENTAL_MENTION,False,"."" PASS The standard residue limit is less than 75 litres per cargo hold (MARPOL AII Reg 16). 100 litres is wrong — a common off-the-top-of-the-head error that Simon and Srivastava both test. TRAP ""FRAMO is only used on LNG carriers."" PASS FRAMO deepwell systems are characteristic of chemical tanker",FRAMO pump system — how does it work? Where is it used onboard?
QB6#q19,/meoclass1/QB6.html#q19,Srivastava,True,False,False,False,SUPPORTED_CE_TIP_MENTION,True,"e standard residue limit is less than 75 litres per cargo hold (MARPOL AII Reg 16). 100 litres is wrong — a common off-the-top-of-the-head error that Simon and Srivastava both test. TRAP ""FRAMO is only used on LNG carriers."" PASS FRAMO deepwell systems are characteristic of chemical tankers and prod",FRAMO pump system — how does it work? Where is it used onboard?
QB6_C#q1,/meoclass1/QB6_C.html#q1,Nair,True,False,False,False,SUPPORTED_CE_TIP_MENTION,True,"iled ""as-is"" (held last position) instead of fail-closed on a 24V DC control-loop short, over-fuelling the engine and tripping the main breaker. Examiner Chain Nair → fail-safe definition → examples → ""is the ME fuel rack fail-safe?"" → UMS open-circuit fault monitoring requirements. On My Vessel Con",Fail safe — define fail safe. Give specific examples of fail safe systems onboard.
QB6_C#q2,/meoclass1/QB6_C.html#q2,Nair,True,False,False,False,SUPPORTED_CE_TIP_MENTION,True,"rs after leaving a layup berth — the lube purifier was not run long enough to remove sump condensation, causing bearing film failure under load. Examiner Chain Nair → ME checks after layup → water found in cylinders → which class certificates need renewal → first sea trial requirement. On My Vessel ",Checks on main engine after layup — what are the mandatory checks before restart?
QB6_C#q3,/meoclass1/QB6_C.html#q3,Nair,False,False,False,False,WEAK_INCIDENTAL_MENTION,True,"fic SOLAS/MARPOL clause. MARPOL Annex I Reg 12 and ORB Part I Code C apply to the retention, disposal, and recording of the sludge once ejected. Examiner Chain Nair → manual desludging sequence → why feed must be off before starting → why the same sequence is used after overhaul → how you confirm no",Manual desludging of purifier — explain the procedure step by step.
QB6_D#q1,/meoclass1/QB6_D.html#q1,Simon,True,False,False,False,SUPPORTED_CE_TIP_MENTION,True,"ted NH 3 into the atmosphere. Exhaust gas temperature must be strictly monitored via the automation system to prevent low-temperature fouling. Examiner Angle — Simon Mr. Simon focuses sharply on the chemistry definition of the word ""selective"" . He will frequently cut off candidates who explain the ",SCR (Selective Catalytic Reduction) working principle — what is 'selective' in SCR?
QB6_D#q2,/meoclass1/QB6_D.html#q2,Simon,True,False,False,False,SUPPORTED_CE_TIP_MENTION,True,"rized lip seals, which require precise header tank pressure differentials to counteract changing hydrostatic head pressures at varying drafts. Examiner Angle — Simon Simon focuses heavily on the structural differences between Z-drive and L-drive mechanical arrangements , and the safety features guar",Azimuth propeller — working principle.
QB6_D#q3,/meoclass1/QB6_D.html#q3,Nair,True,True,False,True,WEAK_COMPARATIVE_MENTION,True,"iency to prevent NO x formation, the fuel savings over long distances easily eclipse the operating expenditures of purchasing AUS 40 reactant. Examiner Angle — Nair Mr. Nair looks at the commercial and thermodynamic trade-offs . He wants to hear the specific numbers regarding fuel penalty difference",NOx reduction methods — EGR vs SCR for NOx reduction; which is commercially better?
QB6_E#q1,/meoclass1/QB6_E.html#q1,Nair,True,True,False,False,STRONG_CE_TIP_ASSERTION,False,"DG Shipping MS Notice 12 of 2022 : Indian Administration directives regarding SEEMP Part III and data collection system (DCS) reporting. CE Oral Tip: Examiner Nair at Kochi MMD expects a practical, operational viewpoint. Avoid just citing definitions. Start by stating that CII is an annual operation",Carbon Intensity Indicator (CII) Explanation
QB6_E#q2,/meoclass1/QB6_E.html#q2,Simon,True,True,False,False,STRONG_CE_TIP_ASSERTION,False,". Class Society Rules (e.g., DNV / ABS) : Rules for fuel verification, greenhouse gas data logging, and energy storage system accounting. CE Oral Tip: Examiner Simon focuses heavily on precise technical definitions and metric units. If he asks for the ""GFI calculation unit,"" give the unit immediatel",Greenhouse Gas Fuel Intensity (GFI) Calculation & Unit
QB6_E#q3,/meoclass1/QB6_E.html#q3,Simon,True,True,False,False,STRONG_CE_TIP_ASSERTION,False,"85.69 gCO2eq/MJ 2035 Target: 14.5% reduction → Max allowed: 77.94 gCO2eq/MJ Exam trap: Never quote the FuelEU 91.16 figure as ""the GFI baseline"" — if Examiner Simon asks for the IMO GFI reference value, the answer is 93.3 gCO2eq/MJ, not 91.16. Alternative Electrical Context: Ground Fault Indicator (",GFI Calculation and Unit (Duplicate/Deepened Focus)
QB6_F#q1,/meoclass1/QB6_F.html#q1,Rajappan,True,False,False,False,SUPPORTED_CE_TIP_MENTION,False,rim recommendations / grandfathering for pre-2024 vessels DGMA / Class Rules Survey and endorsement of the Industrial Personnel Safety Certificate CE Oral Tip: Rajappan may pose a scenario: a cargo vessel carries 10 special personnel and 3 wind-farm technicians — does the IP Code apply? Answer yes: ,Explain the IP (Industrial Personnel) Code under SOLAS Chapter XV.
QB6_F#q2,/meoclass1/QB6_F.html#q2,Rajappan,True,True,False,True,WEAK_COMPARATIVE_MENTION,False,"Rules (DNV/ABS/IRS) Cargo discharge system monitoring requirements CE Oral Tip: Frame the answer around energy management (CII) and predictive maintenance. If Rajappan asks how you'd detect a leaking lower cargo seal, describe the automated purge-volume monitoring rather than manual purging logs. De",Discuss the latest developments in Framo hydraulic cargo pumping technology.
QB6_F#q3,/meoclass1/QB6_F.html#q3,Simon,False,True,False,False,WEAK_INCIDENTAL_MENTION,False,"toric trade disputes over forged Bills of Lading or altered bunker delivery notes cost millions; blockchain closes this specific vulnerability. Examiner Chain: Simon typically starts broad ('what is blockchain'), then narrows to a bunkering-fraud scenario, then asks how the CE's own logbook discipli",Explain blockchain technology and its applications in the shipping industry.
QB6_F#q4,/meoclass1/QB6_F.html#q4,Simon,True,True,False,False,STRONG_CE_TIP_ASSERTION,False,"MMSIs DGMA (India) Circulars MMSI/EPIRB registration requirements IRS Rules Pt.4 Ch.3 Communication/navigation equipment installation requirements CE Oral Tip: Simon often asks cross-departmental questions: on a reflag from Denmark to India, mention re-programming the MMSI (and MID) in DSC controlle","What is MMSI, how is it structured, and where is it used onboard?"
QB6_F#q5,/meoclass1/QB6_F.html#q5,Simon,True,True,False,False,STRONG_CE_TIP_ASSERTION,False,"Radio Regulations, Art.19 Allocation of international call-sign prefixes Indian Merchant Shipping Act Registration/marking of Indian-flag vessels CE Oral Tip: Simon may ask the IMO-number-vs-call-sign distinction directly: IMO number is permanent (SOLAS Ch.XI-1); Call Sign is administrative and chan",What is a ship's Call Sign and how does it differ from the IMO number?
QB6_G#q1,/meoclass1/QB6_G.html#q1,Nair,True,True,False,False,STRONG_CE_TIP_ASSERTION,True,"Design/construction rules for main propulsion IC engines MARPOL Annex VI Reg.13 NOx Technical Code — bounds combustion pressure/temperature tuning CE Oral Tip: Nair expects systematic troubleshooting language — name the balance between high P max and thermal management, and quote the hydraulic-oil c","New type of engine — what problems are commonly faced, how do you mitigate them, and what does the maker recommend to avoid these in future designs?"
QB6_G#q2,/meoclass1/QB6_G.html#q2,Nair,True,True,False,False,STRONG_CE_TIP_ASSERTION,True,"P Pt.4 Ch.2) Design criteria for IC engines and automation safety loops ISO 4406 Hydraulic fluid cleanliness assessment for servo valve protection CE Oral Tip: Nair wants precision, not a list. Lead with three points only — camshaftless hydraulic actuation, real-time digital combustion auto-tuning, ",What are the latest developments in main engine technology (not GHG/emissions-related)?
QB6_G#q3,/meoclass1/QB6_G.html#q3,Nair,True,False,False,True,WEAK_COMPARATIVE_MENTION,False,"e ""aerodynamic efficiency"" (A100-L/ACCX300-L) from ""power recovery"" (hybrid TC/EAT/power turbine) — they're different mechanisms solving different problems. If Nair probes ""can this be added to an older ship,"" that's your cue to pivot straight to the retrofit half rather than repeating newbuild cont","What are the latest developments in main engine technology, other than fuel type changes — including OEM retrofit options for existing engines?"
QB6_H#q1,/meoclass1/QB6_H.html#q1,Simon,True,False,False,False,SUPPORTED_CE_TIP_MENTION,True,"e SMS home for CBM/IoT-driven maintenance regimes MARPOL Annex VI, Reg.26–28 SEEMP, DCS and CII — the reporting regimes IoT performance data feeds CE Oral Tip (Simon): Give the one-line definition, then go straight to two concrete engine-room examples you can defend — TC vibration monitoring feeding",What is IoT (Internet of Things)? Where would you use it in the engine room?
QB6_H#q2,/meoclass1/QB6_H.html#q2,Nair,True,True,False,False,STRONG_CE_TIP_ASSERTION,True,"cedures Class rules (e.g. DNV-RU-SHIP Pt.4 Ch.8; IRS Pt.4) HV switchgear design — interlocks, earthing switches, withdrawable breaker requirements CE Oral Tip (Nair): Nair asked this ""broadly"" because most candidates only recite breaker earthing. Structure the answer as People → Permit system → Poin","High voltage switchboard safety — explain the full safety framework, beyond just vacuum breaker earthing."
QB7_A#q1,/meoclass1/QB7_A.html#q1,Nair,True,False,False,False,SUPPORTED_CE_TIP_MENTION,True,"f Compliance MARPOL Annex VI / Reg 28 Carbon Intensity Indicator (CII) rating — annual attained vs. required CII calculation and grading framework CE Oral Tip (Nair — 24/06/2026): Nair tests the enforcement mechanism precisely. State the two triggers verbatim: ""E in any single year, or D for three c",SEEMP Part III — why was it added and what are its specific contents?
QB7_A#q1,/meoclass1/QB7_A.html#q1,Rajappan,False,False,False,False,WEAK_INCIDENTAL_MENTION,False,"the exact contents?"" → ""What happens if a vessel gets an E rating?"" → ""What is the Statement of Compliance — who issues it, what happens if it's not obtained?"" Rajappan: More likely to link SEEMP Part III to actual onboard data management — ""How do you ensure your fuel consumption data is accurate f",SEEMP Part III — why was it added and what are its specific contents?
QB7_A#q2,/meoclass1/QB7_A.html#q2,Rajappan,True,False,False,False,SUPPORTED_CE_TIP_MENTION,True,"e system installations ISO 14687 Standards governing purity, safety thresholds, and fluid storage metrics for carbon dioxide transport and storage CE Oral Tip (Rajappan — 23/06/2026): Rajappan targets the chemical handling details and energy penalty. Mention explicitly: ""auxiliary boiler steam is us",Onboard carbon capture — how does it work? What is carbon sequestration?
QB7_A#q3,/meoclass1/QB7_A.html#q3,Nair,False,False,False,False,WEAK_INCIDENTAL_MENTION,False,"UA percentages?"" → ""Does a good CII rating exempt you from ETS?"" → ""What is FuelEU Maritime and how is it different from CII?"" → ""What does Well-to-Wake mean?"" Nair: More likely to push on regulation numbers — ""Give me the EU instrument numbers for each regulation."" 🚢 On My Vessel (Maersk Container)","EU MRV, FuelEU Maritime, and EU ETS — explain each and their cross-linkage with IMO's CII framework."
QB7_A#q3,/meoclass1/QB7_A.html#q3,Rajappan,True,True,False,False,STRONG_CE_TIP_ASSERTION,True,"A–E) using DCS fuel data MEPC.328(76) IMO resolution establishing the CII framework — parallel global instrument alongside EU regional regulations CE Oral Tip (Rajappan — 2026): Rajappan expects you to clearly separate the three EU instruments: ""EU MRV collects the data. EU ETS applies the carbon ta","EU MRV, FuelEU Maritime, and EU ETS — explain each and their cross-linkage with IMO's CII framework."
QB7_B#q1,/meoclass1/QB7_B.html#q1,Rajappan,True,False,False,False,SUPPORTED_CE_TIP_MENTION,True,"infrastructure and RFNBO compliance mandates. SOLAS Chapter II-2 & IGF Code Safety requirements for ships using low-flashpoint fuels. CE Oral Tip (Kochi MMD): Rajappan focuses on real-world adoption, often asking: ""What is Maersk doing on your ships regarding green propulsion?"" Directly specify the ",| E-marine fuels — what are they and their status in maritime decarbonisation?
QB7_B#q2,/meoclass1/QB7_B.html#q2,Rajappan,True,False,False,False,SUPPORTED_CE_TIP_MENTION,True,"2 Examiner context:** Rajappan (2026) — hydrogen colour taxonomy, production methods, GHG intensity per pathway, maritime GHG MACHINERY 15-Second Answer Hydrogen is classified by a standard industry colour taxonomy reflect","Examiner context:** Rajappan (2026) — hydrogen colour taxonomy, production methods, GHG intensity per pathway, maritime"
QB7_C#q1,/meoclass1/QB7_C.html#q1,Nair,True,True,False,False,STRONG_CE_TIP_ASSERTION,True,"or verification and company audits of SEEMP Part III IMO Res. MEPC.395(82) 2024 Guidelines — updated/expanded SEEMP Part II & III reporting format CE Oral Tip: Nair's angle is specifically ""why was Part III added"" — the legislative-logic question, not just its contents. Answer: ""Sir, Parts I and II ",SEEMP Part III — why was it added? What are its contents? What is the CE's role?
QB7_D#q1,/meoclass1/QB7_D.html#q1,Simon,True,True,False,False,STRONG_CE_TIP_ASSERTION,True,"y management system. Trap Warning Do not confuse Carbon Capture and Sequestration (CCS) with Carbon Capture, Utilization, and Storage (CCUS) . In an oral exam, Simon may ask if they are interchangeable. CCS guarantees permanent disposal isolated from the biosphere. CCUS routes a portion of the captu",CO2 sequestration — what is it and how does it relate to onboard carbon capture?
QB7_D#q2,/meoclass1/QB7_D.html#q2,Paul,True,True,False,False,STRONG_CE_TIP_ASSERTION,True,"t footprint. ⚖ Regulatory References MARPOL Annex VI Reg 25/26 — IMO Revised GHG Strategy 2023 — MEPC 82 / 83 Drafts — EU ETS Maritime Directive — CE Oral Tip (Paul): When Paul asks if carbon capture is the same as a scrubber, begin your response with an explicit, unambiguous ""No, sir, they are fund",Carbon capture at sea — latest developments. Is onboard carbon capture the same as a scrubber?
QB7_D#q3,/meoclass1/QB7_D.html#q3,Paul,True,False,False,False,SUPPORTED_CE_TIP_MENTION,True,"to keep the absorber stage below 50°C. ⚖ Regulatory References MARPOL Annex VI Reg 14 — The IBC Code — IMO CCC Sub-Committee — COSHH Regulations — CE Oral Tip (Paul): When Paul quizzes you on this system, draw out the two-column loop immediately: Absorber → Lean/Rich Heat Exchanger → Stripper → Liqu",Amine separation setup in onboard carbon capture — how does it work?
QB7_D#q4,/meoclass1/QB7_D.html#q4,Simon,True,True,False,True,WEAK_COMPARATIVE_MENTION,True,"ell-to-Wake score. ⚖ Regulatory References MARPOL Annex VI Reg 28 — FuelEU Maritime (2023/1805) — IMO Green Fuel Index (GFI) — ISO 14040 / 14044 — CE Oral Tip (Simon): When Simon asks about lifecycle metrics, emphasize this clear distinction: CII is currently Tank-to-Wake only, whereas regional rule",FLL (Fuel Lifecycle LCA) / Well to Tank vs Tank to Wake — explain and why does it matter for GHG accounting?
QB7_D#q5,/meoclass1/QB7_D.html#q5,Nair,True,False,False,False,SUPPORTED_CE_TIP_MENTION,False,"e at MEPC 83 (Apr 2025), adoption postponed in Oct 2025; resumed MEPC/ES.2 adoption vote now set for 4 Dec 2026, immediately after MEPC 85 (30 Nov–3 Dec 2026). Nair in particular tends to probe whether candidates know the Framework is not yet legally in force. --- CE Relevance, Traps, Failures & Exa",GFI (Green Fuel Index) — what is it and how is it calculated?
QB7_D#q5,/meoclass1/QB7_D.html#q5,Simon,True,False,False,False,SUPPORTED_CE_TIP_MENTION,True,"hip voyages. ⚖ Regulatory References FuelEU Maritime (EU) 2023/1805 — IMO Mid-Term Measures — IPCC AR6 Working Group I — MARPOL Annex VI Reg 22A — CE Oral Tip (Simon): Be ready to state the exact units and values for Simon: gCO2eq/MJ, the 2008 baseline value of 93.3, the use of GWP20 = 82.5 for meth",GFI (Green Fuel Index) — what is it and how is it calculated?
QB7_D#q6,/meoclass1/QB7_D.html#q6,Simon,True,True,False,False,STRONG_CE_TIP_ASSERTION,True,"ow-flashpoint, toxic fuels. ⚖ Regulatory References The IGC Code — The IGF Code Amendments — STCW Chapter V (Reg V/3) — MARPOL Annex VI Tier III — CE Oral Tip (Simon): When Simon asks about ammonia fuel, structure your response around its production taxonomy: Gray/Black (fossil) → Blue (fossil + CCS","Types of ammonia fuels — grey, black, green ammonia; production, issues and safety concerns?"
QB7_D#q7,/meoclass1/QB7_D.html#q7,Simon,True,True,False,False,STRONG_CE_TIP_ASSERTION,True,"Warning When an examiner asks for the primary greenhouse gases from shipping, do not stop at CO 2 . This is a classic reason candidates fail this question with Simon. You must explicitly outline CO 2 , CH 4 , and N 2O , and demonstrate that you understand how their differing Global Warming Potential",GHG — main greenhouse gases from shipping and their global warming potential (GWP)?
QB7_D#q8,/meoclass1/QB7_D.html#q8,Simon,True,False,False,False,SUPPORTED_CE_TIP_MENTION,True,"oads to ensure all tank boil-off gas is consumed productively within the machinery plant, eliminating the need for venting or flaring. Trap Warning Do not tell Simon that an LNG-fueled ship is automatically cleaner than a conventional ship in all categories. While it is true that LNG produces less S",Methane sources in shipping — where does methane slip occur and why is it significant?
QB7_D#q9,/meoclass1/QB7_D.html#q9,Simon,True,False,False,False,SUPPORTED_CE_TIP_MENTION,True,Warning Do not tell the examiner that the IGF Code only applies to LNG carriers. This is a common point of confusion that will result in an immediate fail with Simon. The IGF Code applies to non-gas carriers that use low-flashpoint fuels for propulsion and auxiliary power. If a ship carries gas as c,IGF Code — key requirements for ships using gas or low flashpoint fuels?
QB7_D#q10,/meoclass1/QB7_D.html#q10,Simon,True,True,False,False,STRONG_CE_TIP_ASSERTION,True,"ts, such as shaft generators and waste heat recovery turbogenerators, to maximize energy savings and lower the ship's overall carbon intensity. Trap Warning If Simon asks you what the latest MEPC session was, do not guess an outdated session number like MEPC 76 or 80. Examiners use this question to ",MEPC highlights for a CE — latest MEPC session and key decisions relevant to a CE?
QB7_D#q11,/meoclass1/QB7_D.html#q11,Simon,True,True,False,False,STRONG_CE_TIP_ASSERTION,True,"ip's reporting systems. ⚖ Regulatory References MARPOL Annex VI Reg 18 — SEEMP Part 2 (Reg 26A) — EU MRV Regulation — RED II Directive Standards — CE Oral Tip (Simon): When Simon asks about your obligations under lifecycle frameworks, focus on practical actions: the Chief Engineer ensures data integ",FLL (Fuel Lifecycle LCA) and CE duty — explain and what is the CE's obligation?
QB7_E#q1,/meoclass1/QB7_E.html#q1,Simon,True,True,False,False,STRONG_CE_TIP_ASSERTION,True,"F/GFI compliance. This is tracked separately from CII, which uses only Tank-to-Wake fuel-consumption data under MARPOL Annex VI Regulation 28. Examiner Angle — Simon Simon focuses strictly on whether you understand that ""zero-emission at the funnel"" does not mean zero-emission legally. He will ask y",FLL — what will the CE know from FLL data?
QB7_E#q2,/meoclass1/QB7_E.html#q2,Simon,True,False,False,False,SUPPORTED_CE_TIP_MENTION,True,"l preparation room, managing boil-off gas pressure, and ensuring the emergency shutdown (ESD) system is fully functional and tested regularly. Examiner Angle — Simon Simon focuses on the core exception rule. He will test you on whether you know the baseline flashpoint limit (60°C) and the exact code",Can cargo be used as fuel? Which code governs this?
QB7_E#q3,/meoclass1/QB7_E.html#q3,Simon,True,True,False,False,STRONG_CE_TIP_ASSERTION,True,"all certified systems, ensuring that interlocks, hazardous area boundary integrity, and automatic gas-trips are never bypassed or compromised. Examiner Angle — Simon Simon frames this question from a core safety philosophy perspective. He wants to see if you understand why the engineering designs ha",Why is the IGF Code required?
QB7_E#q4,/meoclass1/QB7_E.html#q4,Simon,True,True,False,False,STRONG_CE_TIP_ASSERTION,False,"IGF design and operational checklists. On a dedicated gas carrier, the safety infrastructure relies instead on the IGC cargo system controls. Examiner Angle — Simon Simon tests your understanding of the boundaries between international codes. He wants to see if you can identify the exact line where ","Low flashpoint fuels — where are they used without requiring the IGF Code, and why is IGF not required there?"
QB7_E#q5,/meoclass1/QB7_E.html#q5,Nair,True,True,False,False,STRONG_CE_TIP_ASSERTION,False,"nex VI Chapter 4 (Regulations 22-28) IMO Strategy 2023 IMO Strategy on Reduction of GHG Emissions from Ships (Resolution MEPC.377(80)) CE Oral Tip (Kochi MMD): Nair, when this crosses into UNFCCC, asks ""Is UNFCCC binding on ships directly?"" — the correct answer is no: UNFCCC and the Paris Agreement ",UNFCCC — what is it and its relevance to shipping?
QB7_E#q5,/meoclass1/QB7_E.html#q5,Simon,True,True,False,True,WEAK_COMPARATIVE_MENTION,True,"alternative fuels, and face severe commercial and legal penalties if the vessel's operational index fails to meet the descending carbon caps. Examiner Angle — Simon Simon evaluates whether you understand the geopolitical source of maritime environmental laws. He will ask you why the IMO is the body ",UNFCCC — what is it and its relevance to shipping?
QB7_F#q1,/meoclass1/QB7_F.html#q1,Rajappan,True,True,False,False,STRONG_CE_TIP_ASSERTION,False,"hydrogen pathways while rewarding Renewable Fuels of Non-Biological Origin (RFNBO) derived from green hydrogen. CE Oral Tip: Kochi MMD Specific: When Examiner Rajappan asks this question, do not just state the colors and walk away. He is looking for the marine application. Start by saying: ""Sir, whi","Green, Grey, Blue and Red hydrogen — differentiate between each type."
QB7_G#q1,/meoclass1/QB7_G.html#q1,Nair,True,False,False,False,SUPPORTED_CE_TIP_MENTION,True,"e against which GFI reduction targets are measured CE Oral Tip: This is the single most time-sensitive topic in the whole GHG/decarbonisation space right now — Nair will likely test whether you know the framework's adoption was postponed to a resumed MEPC/ES.2 session on 4 December 2026, not just wh","What are e-fuels, and how do they relate to shipping's net-zero target?"
QB7_H#q1,/meoclass1/QB7_H.html#q1,Simon,True,False,False,False,SUPPORTED_CE_TIP_MENTION,False,"1 What safety measures are required for using low flash point fuel onboard? ghg machinery Examiner: Simon 15-Second Answer Ships using gas or other low-flashpoint fuels (flashpoint below 60°C — LNG, methanol) must comply with the IGF Code, mandatory under SOLAS Ch II-1 Part G for ships built on/afte",What safety measures are required for using low flash point fuel onboard?
QB7_I#q1,/meoclass1/QB7_I.html#q1,Simon,True,False,False,False,SUPPORTED_CE_TIP_MENTION,True,"ta et al. 2021, JMSE 9(2):111 (VTT) Peer-reviewed MOC performance study — 70-80% CH4 reduction at 550°C, cite by name in oral CE Oral Tip: Kochi MMD examiners (Simon especially) probe whether you understand MOC performance is load-dependent, not a fixed percentage. Quote the load-dependent range and",What is the present technology used onboard to reduce methane slip?
QB7_I#q3,/meoclass1/QB7_I.html#q3,Simon,True,True,False,False,STRONG_CE_TIP_ASSERTION,True,"engine stroke count IMO methane slip guidelines (developing, target ~2027) The regulation cited by MAN as the reason for ME-GA discontinuation CE Oral Tip: If Simon asks you to compare two-stroke and four-stroke slip control, lead with the mechanism difference (uniflow vs loop scavenging), then flag","Compare methane slip control between the MAN ME-GA (Otto-cycle, two-stroke) engine and low-pressure Otto-cycle 4-stroke dual-fuel engines."
QB8_A#q1,/meoclass1/QB8_A.html#q1,Nair,True,True,False,False,STRONG_CE_TIP_ASSERTION,True,"the IOPP Form B framework for tankers[cite: 1]. SOLAS Chapter VII Governs safety rules for carrying dangerous goods[cite: 1]. CE Oral Tip (Kochi MMD): Examiner Nair frequently cross-examines candidates on the contents of the COF. If he asks, ""Who issues the Certificate of Fitness for a chemical tank",Chemical tanker certificates — full list?
QB8_A#q1,/meoclass1/QB8_A.html#q1,Simon,False,False,False,False,WEAK_INCIDENTAL_MENTION,False,s surveys for chemical carriers to ensure hull construction and cargo containment systems can withstand heavy weather conditions. --- Examiner Chain Nair arrow Simon sequence: What is the core certificate that permits a vessel to carry dangerous chemicals in bulk? Under which MARPOL Annex is the Int,Chemical tanker certificates — full list?
QB8_A#q2,/meoclass1/QB8_A.html#q2,Nair,True,True,False,False,STRONG_CE_TIP_ASSERTION,True,"to pollution prevention rules[cite: 1]. SOLAS Chapter VII Provides the safety framework for carrying bulk chemicals[cite: 1]. CE Oral Tip (Kochi MMD): Examiner Nair frequently cross-examines candidates on the location of the COF. When asked about PSC procedures, answer: ""Sir, the original Certificat",COF — contents and who issues it?
QB8_A#q2,/meoclass1/QB8_A.html#q2,Simon,False,False,False,False,WEAK_INCIDENTAL_MENTION,False,r fines for the operators and a complete suspension of the vessel's fitness certification until structural repairs were verified. --- Examiner Chain Nair arrow Simon sequence: Under which international code is the Certificate of Fitness for chemical tankers issued? What is the technical purpose of t,COF — contents and who issues it?
QB8_A#q3,/meoclass1/QB8_A.html#q3,Nair,False,False,False,False,WEAK_INCIDENTAL_MENTION,False,"disruption can rapidly alter the global supply-and-demand balance, impacting consortium networks and freight rates worldwide. --- Examiner Chain Rajappan arrow Nair sequence: What is the core difference between a historical liner conference and a modern container alliance? Explain the purpose of a B",Liner consortium and freight rates?
QB8_A#q3,/meoclass1/QB8_A.html#q3,Rajappan,True,True,False,False,STRONG_CE_TIP_ASSERTION,True,ment of plans for safe shipboard operations. ISO 50001 Standards Guides ship energy efficiency tracking to manage fuel risks. CE Oral Tip (Kochi MMD): Examiner Rajappan often tests container-segment candidates on operational efficiency terms. If he asks how the engine room team can help control comp,Liner consortium and freight rates?
QB8_A#q4,/meoclass1/QB8_A.html#q4,Nair,False,False,False,False,WEAK_INCIDENTAL_MENTION,False,"an immediate loss of stability and a sudden capsize, which led to a revision of the IMSBC Code individual schedules for bauxite. --- Examiner Chain Simon arrow Nair sequence: Under which international code are solid bulk cargoes categorized for safe carriage? Explain the hazard mechanism of a Group ",IMSBC Code groups A/B/C/MHB?
QB8_A#q4,/meoclass1/QB8_A.html#q4,Simon,True,True,False,False,STRONG_CE_TIP_ASSERTION,True,"arge rules for cargo residues and hold washings. MSC.1/Circ.1453 Provides guidelines for sampling and testing cargo moisture. CE Oral Tip (Kochi MMD): Examiner Simon frequently tests candidates on hold bilge tracking for bulk carriers. If asked about pumping holds, answer: ""Sir, before pumping out a",IMSBC Code groups A/B/C/MHB?
QB8_A#q5,/meoclass1/QB8_A.html#q5,Nair,True,True,False,False,STRONG_CE_TIP_ASSERTION,True,"te defining a ship's dangerous goods capacity. MSC.1/Circ.1436 Outlines amendments for handling packaged dangerous materials. CE Oral Tip (Kochi MMD): Examiner Nair frequently focuses on hot bulkheads adjacent to container slots. If he asks about loading hazards forward of the engine room, answer: """,IMDG segregation and stowage?
QB8_A#q5,/meoclass1/QB8_A.html#q5,Senthil,False,False,False,False,WEAK_INCIDENTAL_MENTION,False,"l containers, moving them away from high-stress areas and closer to accessible on-deck positions to improve fire-fighting access. --- Examiner Chain Nair arrow Senthil sequence: Explain the difference between Stowage Category A and Stowage Category C under the IMDG Code. What are the four primary le",IMDG segregation and stowage?
QB8_A#q6,/meoclass1/QB8_A.html#q6,Nair,True,True,False,False,STRONG_CE_TIP_ASSERTION,True,"or carrying dangerous goods[cite: 1]. MARPOL Annex III Outlines regulations for preventing pollution from chemicals[cite: 1]. CE Oral Tip (Kochi MMD): Examiner Nair frequently targets the technical details of the DOC for DG. If he asks, ""Where will you look to see if your ship can carry Class 1 Expl",IMDG DG cargo documents?
QB8_A#q6,/meoclass1/QB8_A.html#q6,Simon,False,False,False,False,WEAK_INCIDENTAL_MENTION,False,"een operated correctly, illustrating how critical accurate documentation and system maintenance are during a high-seas emergency. --- Examiner Chain Nair arrow Simon sequence: What are the key documents that a shipper must provide before dangerous goods can be loaded? Under which SOLAS regulation is",IMDG DG cargo documents?
QB8_B#q1,/meoclass1/QB8_B.html#q1,Nair,False,True,False,False,WEAK_INCIDENTAL_MENTION,True,"be in the official language of the flag state, and if that is not English, French, or Spanish, a translation into one of these three must be provided. Examiner Nair targets this specifically. ""Who approves the P&A Manual — the company or class?"" — The classification society (acting as RO for the fla",P&A Manual (Procedures & Arrangements Manual) — contents and purpose?
QB8_B#q2,/meoclass1/QB8_B.html#q2,Nair,False,False,False,False,WEAK_INCIDENTAL_MENTION,True,"ad exceeded their CSC stacking limits in the planning stage. The CSC plate stacking weight had not been correctly fed into the loading computer. Examiner Chain Nair/Simon: ""What does the CSC Convention require?"" → ""Where is the CSC plate located?"" → ""What are the 7 fields?"" → ""What is PES vs ACES?"" ","CSC Convention — container test, CSC plate contents, inspection scheme?"
QB8_B#q2,/meoclass1/QB8_B.html#q2,Simon,False,False,False,False,WEAK_INCIDENTAL_MENTION,False,"ceeded their CSC stacking limits in the planning stage. The CSC plate stacking weight had not been correctly fed into the loading computer. Examiner Chain Nair/Simon: ""What does the CSC Convention require?"" → ""Where is the CSC plate located?"" → ""What are the 7 fields?"" → ""What is PES vs ACES?"" → ""Wh","CSC Convention — container test, CSC plate contents, inspection scheme?"
QB8_B#q3,/meoclass1/QB8_B.html#q3,Simon,False,False,False,False,WEAK_INCIDENTAL_MENTION,False,"commercial disruption — accelerating industry push toward e-B/L adoption to enable faster cargo re-routing and title transfer during incidents. Examiner Chain Simon: ""What is an e-B/L?"" → ""What are the three functions of a B/L?"" → ""What legal framework governs it?"" → ""What happens if the platform fa",Smart Bill of Lading / E-Bill of Lading — legal status and framework?
QB8_B#q4,/meoclass1/QB8_B.html#q4,Rajappan,False,False,False,False,WEAK_INCIDENTAL_MENTION,False,"ntributed to actual bending moments exceeding permissible limits. Direct link between high-density cargo misdeclaration and hull girder failure. Examiner Chain Rajappan: ""What is local strength?"" → ""What is global strength?"" → ""How do you check limits onboard?"" → ""What is a bending moment envelope?""",High density cargo — local vs global structural strength?
QB8_B#q5,/meoclass1/QB8_B.html#q5,Nair,False,False,False,False,WEAK_INCIDENTAL_MENTION,True,"properly declared, contributing to instability. This case reinforced the IMO's determination to mandate VGM across container shipping from 2016. Examiner Chain Nair: ""What is VGM?"" → ""Who is responsible for VGM?"" → ""What are the two methods?"" → ""What does VERMAS mean?"" → ""What is the CE's role?"" → ""","VGM (Verified Gross Mass) — SOLAS VI/2, procedure and CE role?"
QB8_B#q6,/meoclass1/QB8_B.html#q6,Nair,False,True,False,False,WEAK_INCIDENTAL_MENTION,False,ity deck appliance that throws a large volume of water for boundary cooling or direct attack on accessible fires. Common CE Failures Not knowing MSC.520(106) — Nair and Simon ask this specifically. Confusing the water monitor flow rate (400 L/min each) with fire main pressure requirements. Not knowi,Latest container vessel amendments — key SOLAS changes?
QB8_B#q6,/meoclass1/QB8_B.html#q6,Simon,False,True,False,False,WEAK_INCIDENTAL_MENTION,False,appliance that throws a large volume of water for boundary cooling or direct attack on accessible fires. Common CE Failures Not knowing MSC.520(106) — Nair and Simon ask this specifically. Confusing the water monitor flow rate (400 L/min each) with fire main pressure requirements. Not knowing that l,Latest container vessel amendments — key SOLAS changes?
QB8_C#q1,/meoclass1/QB8_C.html#q1,Srivastava,False,False,False,False,WEAK_INCIDENTAL_MENTION,True,"ember, dynamic racking forces at sea can cause it to buckle, and the entire lashing assembly above loses tension — a chain failure up the stack. Examiner Chain Srivastava → Core purpose of CSC → Interpretation of SAP markings → Differentiating PES vs. ACEP → Identification of micro-cracks in corner ",What is CSC (Convention for Safe Containers)? Purpose and applicability.
QB8_C#q1,/meoclass1/QB8_C.html#q1,Paul,True,True,False,False,STRONG_CE_TIP_ASSERTION,False,"ICL-6 Manual Standardized commercial repair thresholds and physical dimensions for assessing structural container damage post-fixture. CE Oral Tip (Kochi MMD): Paul commonly asks ""Who actually issues the CSC Safety Approval Plate, and who checks it stays valid?"" — the manufacturer/administration iss",What is CSC (Convention for Safe Containers)? Purpose and applicability.
QB8_C#q2,/meoclass1/QB8_C.html#q2,Srivastava,False,False,False,False,WEAK_INCIDENTAL_MENTION,True,"o tracking software errors. The degraded base rails failed under standard dynamic loads, highlighting the importance of rigorous ACEP oversight. Examiner Chain Srivastava → Differentiating container testing from scheme tracking → Mathematical limits of PES → Structural triggers for ACEP inspections ",Various testing schemes for containers under CSC — what are they?
QB8_C#q2,/meoclass1/QB8_C.html#q2,Paul,True,False,False,False,SUPPORTED_CE_TIP_MENTION,False,"transport. IACS Recommendation No. 70 Unified guidelines for classification society surveyors checking container structures on board. CE Oral Tip (Kochi MMD): Paul's follow-up is usually ""Which scheme does Maersk actually use — PES or ACEP?"" — most major container operators including Maersk run ACEP",Various testing schemes for containers under CSC — what are they?
QB8_C#q3,/meoclass1/QB8_C.html#q3,Srivastava,False,False,False,False,WEAK_INCIDENTAL_MENTION,True,"rust, leaving them unable to withstand the dynamic racking forces that the design prototype successfully passed during its initial type-testing. Examiner Chain Srivastava → Structural type-tests required for new containers → Stacking test calculations → Racking force limits (150 kN) → Identifying st",Container tests — what structural and operational tests are required under CSC?
QB8_C#q3,/meoclass1/QB8_C.html#q3,Paul,True,False,False,False,SUPPORTED_CE_TIP_MENTION,False,"l standards. IACS Unified Requirement S3 Structural strength guidelines for container securing arrangements and hull interface points. CE Oral Tip (Kochi MMD): Paul probes with ""What's the difference between a CSC structural test and an ISO dimensional test?"" — CSC Annex II covers structural/strengt",Container tests — what structural and operational tests are required under CSC?
QB8_C#q4,/meoclass1/QB8_C.html#q4,Srivastava,False,False,False,False,WEAK_INCIDENTAL_MENTION,True,"spaces. Without proper segregation, a localized reaction can quickly escalate into a major fire that threatens the safety of the entire vessel. Examiner Chain Srivastava → Defining the scope of a CIC → Differentiating PSC campaigns from cargo checks → IMDG documentation requirements → Fire response ",CIC (Consolidated Inspection Campaign / Cargo Integrity Check) — explain in detail.
QB8_C#q4,/meoclass1/QB8_C.html#q4,Paul,True,True,False,False,STRONG_CE_TIP_ASSERTION,False,"ections. CINS Data Protocols Industry framework for tracking and analyzing cargo-related safety incidents to improve safety standards. CE Oral Tip (Kochi MMD): Paul frequently asks ""As CE, what is your role in a CIC?"" — even though cargo documentation is primarily the Master/Officer's responsibility",CIC (Consolidated Inspection Campaign / Cargo Integrity Check) — explain in detail.
QB8_D#q1,/meoclass1/QB8_D.html#q1,Simon,True,False,False,False,SUPPORTED_CE_TIP_MENTION,True,w-flashpoint fuel as ship's fuel — distinct from IGC (cargo) GC Code / EGC Code Predecessor codes for gas carriers built before 1 July 1986 / 1976 CE Oral Tip: Simon's key distinction to nail immediately: IGC Code = gas as CARGO; IGF Code = gas as FUEL. State that both apply together on an LNG-fuell,IGC Code — key requirements and application to gas carriers?
QB8_D#q2,/meoclass1/QB8_D.html#q2,Simon,True,True,False,False,STRONG_CE_TIP_ASSERTION,True,"oods in packaged form / solid bulk cargoes UN Model Regulations (Orange Book) Base classification system underpinning IMDG dangerous goods classes CE Oral Tip: Simon asked this on a fail attempt where candidates conflated the terms — define both cleanly first, then explicitly state the relationship:",Dangerous cargo vs hazardous cargo — what is the difference?
QB8_E#q1,/meoclass1/QB8_E.html#q1,Nair,True,True,False,False,STRONG_CE_TIP_ASSERTION,True,"2 Fixed fire-extinguishing systems (CO2) for cargo holds IMSBC Code, Section 4 & 5 Cargo declaration requirements and trimming procedures for coal CE Oral Tip: Nair expects the two-hazard structure named explicitly, with opposite responses: self-heating → seal and exclude oxygen (monitor CO); methan",Coal cargo — special precautions for carriage. Reasons for coal cargo fires. What fire-fighting provisions apply?
QB8_E#q2,/meoclass1/QB8_E.html#q2,Simon,True,True,False,False,STRONG_CE_TIP_ASSERTION,True,"when carrying bulk grain Document of Authorization (Grain) Ship-specific certificate confirming compliance with Grain Code stability requirements CE Oral Tip: Simon wants the three codes clearly separated by function, not lumped together as ""bulk cargo rules."" State it as: ""IMSBC — what the cargo it","IMSBC Code, BLU Code, Grain Code — brief overview and cross-questions."
QB8_F#q1,/meoclass1/QB8_F.html#q1,Nair,True,True,False,True,WEAK_COMPARATIVE_MENTION,True,"rs & ratings on ships subject to the IGF Code IMO IGC Code Relevant where LPG is carried as cargo rather than fuel — do not conflate with IGF Code CE Oral Tip: Nair often asks this to test honesty — if your vessel is HFO/VLSFO-fuelled, say so plainly, then pivot immediately to the vapour density dis",LPG (as an alternative marine fuel) is a hot topic now. Have you experienced any issues onboard?
QB8_F#q2,/meoclass1/QB8_F.html#q2,Simon,True,True,False,False,STRONG_CE_TIP_ASSERTION,False,"nufacturer's Instruction Manual OEM-specific scavenge fire response sequence and safe-to-open condition — authoritative for the fitted engine type CE Oral Tip: Simon/Rajappan draws the scavenge space cross-section and expects you to point to where oil accumulates (piston rod gland, scavenge drains) ",Describe the frame stripping and purging procedure (scavenge space fire response context).
QB8_F#q2,/meoclass1/QB8_F.html#q2,Rajappan,True,True,False,False,STRONG_CE_TIP_ASSERTION,True,"urer's Instruction Manual OEM-specific scavenge fire response sequence and safe-to-open condition — authoritative for the fitted engine type CE Oral Tip: Simon/Rajappan draws the scavenge space cross-section and expects you to point to where oil accumulates (piston rod gland, scavenge drains) and ex",Describe the frame stripping and purging procedure (scavenge space fire response context).
QB8_G#q1,/meoclass1/QB8_G.html#q1,Senthil,True,False,False,False,SUPPORTED_CE_TIP_MENTION,True,"truction/equipment for bulk chemical carriers MARPOL Annex II Control of pollution by noxious liquid substances — applies if chemicals are carried CE Oral Tip: Senthil tests structural realism, not theory. Open with: ""No, sir, not under a standard IGC-only vessel — it requires dual IGC and IBC Certi",Can an LNG carrier carry chemical cargo?
QB8_G#q2,/meoclass1/QB8_G.html#q2,Simon,True,True,False,False,STRONG_CE_TIP_ASSERTION,True,"ts IGC Code Ch.4, Sec.4.24 Type C independent (pressure vessel) tank requirements IGC Code Ch.4, Sec.4.25 Membrane containment system requirements CE Oral Tip: Simon rewards tight, tabular answers over rambling ones. Hit exactly the three things asked — shape, self-supporting status, carrying capaci","IGC Code — explain Type A, B, and C tanks and membrane tanks: shape of each, which is self-supporting, and which has more carrying capacity."
QB8_H#q1,/meoclass1/QB8_H.html#q1,Simon,True,False,False,False,SUPPORTED_CE_TIP_MENTION,True,"bove the weather deck MSC.1/Circ.1228 Guidance to the master for avoiding dangerous situations in adverse weather (parametric/synchronous rolling) CE Oral Tip (Simon): Structure wins — ""seakeeping, cargo, fire, machinery"" — then go one level deep on parametric rolling (why GM varies, the half-period",What are the common problems associated with container vessels?
QB8_H#q2,/meoclass1/QB8_H.html#q2,Nair,True,True,False,False,STRONG_CE_TIP_ASSERTION,True,"mandatory for both safety and pollution MEPC.318(74)/MSC.460(101) Major IBC Code revision (in force 1 Jan 2021) — current Ch. 17/18 product tables CE Oral Tip (Nair): Give the principle first — ""containment survivability graded to cargo hazard"" — then the two number sets. When Nair asks ""which chemi",Difference between Type 1 and Type 2 chemical tankers.
QB8_H#q3,/meoclass1/QB8_H.html#q3,Nair,True,False,False,False,SUPPORTED_CE_TIP_MENTION,True,"ual) Provisional categorization and tripartite assessment of products not in the Code SOLAS VII / MARPOL Annex II Mandatory status of the IBC Code CE Oral Tip (Nair): The question is really ""what is your lookup discipline?"" Give families in one breath, then the ordered chain: Ch. 17 line → Certifica","What different chemicals are carried, and where do you refer if in doubt about a chemical?"
QB8_H#q4,/meoclass1/QB8_H.html#q4,Nair,True,True,False,False,STRONG_CE_TIP_ASSERTION,True,Industry-standard cleaning and inspection practice Company SMS / enclosed-space procedures Permit-to-work regime for post-wash inspection entries CE Oral Tip (Nair): The word the examiner wants is shadow diagram — open with it. Then the three-layer frame (coverage / process / result) and the wall-wa,"After ship delivery, how do you verify tank cleaning is proper (first-time tank cleaning machine operation)?"
QB8_H#q5,/meoclass1/QB8_H.html#q5,Paul,True,False,False,False,SUPPORTED_CE_TIP_MENTION,True,"ode Sec. 7 & Appendix 2 Liquefaction mechanism; laboratory FMP/TML test methods SOLAS VI & VII Mandatory status of the IMSBC Code for bulk cargoes CE Oral Tip (Paul): Recite the procedure with its numbers (half-fill, 0.2 m, 25 strikes, 1–2 s), then immediately give the limitation sentence — ""it can ",How do you carry out an onboard test of cargo under IMSBC?
QB8_H#q6,/meoclass1/QB8_H.html#q6,Simon,True,False,False,False,SUPPORTED_CE_TIP_MENTION,True,"p curves, manifold pressures — the controlling documents SIGTTO LPG shipping guides Industry-standard operating practice for reliquefaction plants CE Oral Tip (Simon): Give the two boiling points instantly — that is the memory test — then the cycle in one breath (compress → condense vs seawater → ex","LPG cargo — reliquefaction temperature/pressure, plant operation, relief valve setting, discharge pressure for butane and propane."
QB8_H#q7,/meoclass1/QB8_H.html#q7,Simon,True,False,False,False,SUPPORTED_CE_TIP_MENTION,True,"oved cargo list — the controlling ship documents SIGTTO liquefied gas handling principles Industry-standard treatment of plant types and selection CE Oral Tip (Simon): Present it as engineering selection — ""condensing temperature against the cooling medium decides the cycle"" — then the ladder: butan",Type of reliquefaction plant onboard.
QB8_H#q8,/meoclass1/QB8_H.html#q8,Simon,True,False,False,False,SUPPORTED_CE_TIP_MENTION,True,"interbarrier spaces Certificate of Fitness / CTS & cargo operating manual Ship-specific pressure band, BOR, filling limits — controlling documents CE Oral Tip (Simon): Simon examines from LNG experience — lead with the saturation argument (""temperature control IS pressure control""), then the three B",LNG cargo — carriage temperature and pressure; how is temperature maintained?
QB8_H#q9,/meoclass1/QB8_H.html#q9,Simon,True,False,False,False,SUPPORTED_CE_TIP_MENTION,True,"d fatigue analysis Ship's loading manual / Certificate of Fitness Filling limits, sloshing restrictions, approved cargo conditions — ship-specific CE Oral Tip (Simon): Open with the brittle-fracture argument — it explains every material on the list — then the secondary-barrier matrix (complete/parti","LNG containment/tank type — material, properties, structure and construction."
QB9_A#q1,/meoclass1/QB9_A.html#q1,Nair,True,True,False,False,STRONG_CE_TIP_ASSERTION,True,"global liability limits applicable to P&I claims. ITC Hulls 1995 Standard Institute Time Clauses establishing war exclusions. CE Oral Tip (Kochi MMD): Examiner Nair frequently tests candidates on transit cancellations in the Bab-el-Mandeb or Strait of Hormuz. When he asks, ""How does the company know",What is P&I insurance? How does it differ from Hull and Machinery insurance and other marine insurance? What does it cover in a war risk area?
QB9_A#q1,/meoclass1/QB9_A.html#q1,Simon,False,False,False,False,WEAK_INCIDENTAL_MENTION,False,while the ensuing bunker oil pollution and wreck monitoring responsibilities fell directly under the vessel's War Risk P&I cover. --- Examiner Chain Nair arrow Simon arrow Senthil sequence: What is the structural difference between H&M and P&I insurance? If you enter the Strait of Hormuz or Red Sea ,What is P&I insurance? How does it differ from Hull and Machinery insurance and other marine insurance? What does it cover in a war risk area?
QB9_A#q1,/meoclass1/QB9_A.html#q1,Senthil,False,False,False,False,WEAK_INCIDENTAL_MENTION,False,"suing bunker oil pollution and wreck monitoring responsibilities fell directly under the vessel's War Risk P&I cover. --- Examiner Chain Nair arrow Simon arrow Senthil sequence: What is the structural difference between H&M and P&I insurance? If you enter the Strait of Hormuz or Red Sea today, how d",What is P&I insurance? How does it differ from Hull and Machinery insurance and other marine insurance? What does it cover in a war risk area?
QB9_A#q2,/meoclass1/QB9_A.html#q2,Simon,True,True,False,False,STRONG_CE_TIP_ASSERTION,False,"urce of limitation limits for Bunker Convention claims. IOPC Fund 1992 Second tier compensation when CLC limits are exceeded. CE Oral Tip (Kochi MMD): Examiner Simon loves to ask: ""What document do you show to a Port State Control Officer to prove you have pollution coverage on a container ship?"" Ne",CLC Convention — explain fully including limits. Bunker Convention — why is it needed despite CLC?
QB9_A#q2,/meoclass1/QB9_A.html#q2,Rajappan,False,False,False,False,WEAK_INCIDENTAL_MENTION,False,"ged and paid out under the Bunker Convention 2001 framework, utilizing the vessel's compulsory P&I Bunker insurance certificate. --- Examiner Chain Simon arrow Rajappan sequence: Explain strict liability under CLC. What are the exemptions? Why do we need a Bunker Convention certificate on a containe",CLC Convention — explain fully including limits. Bunker Convention — why is it needed despite CLC?
QB9_A#q3,/meoclass1/QB9_A.html#q3,Nair,False,False,False,False,WEAK_INCIDENTAL_MENTION,False,"s P&I insurance, highlighting the global gap in chemical spill funding that will close only once the 2010 Protocol takes effect. --- Examiner Chain Simon arrow Nair sequence: What is the second tier of oil pollution compensation, and who pays into it? Is the HNS Convention currently active? Why or w","Fund Convention — explanation and why introduced. HNS Convention — for whom, in force or not, HNS Protocol. LLMC — limits, who pays within and after l"
QB9_A#q3,/meoclass1/QB9_A.html#q3,Simon,True,True,False,False,STRONG_CE_TIP_ASSERTION,True,"Sets statutory global caps on general maritime claims[cite: 1]. OPA 90 US domestic act bypassing international fund regimes[cite: 1]. CE Oral Tip (Kochi MMD): Simon often targets the 2010 HNS Protocol. If he asks why it is stalled, answer: ""Sir, it is due to the difficulty states face in tracking an","Fund Convention — explanation and why introduced. HNS Convention — for whom, in force or not, HNS Protocol. LLMC — limits, who pays within and after l"
QB9_A#q4,/meoclass1/QB9_A.html#q4,Nair,True,True,False,False,STRONG_CE_TIP_ASSERTION,True,"ual H&M insurance coverage and perils[cite: 1]. SOLAS Chapter II 2 - Fire-fighting compliance affecting due diligence claims[cite: 1]. CE Oral Tip (Kochi MMD): Nair routinely cross-examines candidates on the Inchmaree Clause and crew negligence. If he asks, ""If your second engineer forgets to line u",General Average — explanation and procedure. What is the Sue and Labour clause? What is subrogation? What are the ITC (Institute Time Clauses) and key
QB9_A#q4,/meoclass1/QB9_A.html#q4,Simon,False,False,False,False,WEAK_INCIDENTAL_MENTION,False,"leased at designated ports, demonstrating the immense financial impact of GA declarations on global supply chains. --- Examiner Chain Nair arrow Rajappan arrow Simon sequence: Define the exact criteria for a General Average act under the York-Antwerp Rules. What is the purpose of the Inchmaree claus",General Average — explanation and procedure. What is the Sue and Labour clause? What is subrogation? What are the ITC (Institute Time Clauses) and key
QB9_A#q4,/meoclass1/QB9_A.html#q4,Rajappan,False,False,False,False,WEAK_INCIDENTAL_MENTION,False,"tainers were released at designated ports, demonstrating the immense financial impact of GA declarations on global supply chains. --- Examiner Chain Nair arrow Rajappan arrow Simon sequence: Define the exact criteria for a General Average act under the York-Antwerp Rules. What is the purpose of the ",General Average — explanation and procedure. What is the Sue and Labour clause? What is subrogation? What are the ITC (Institute Time Clauses) and key
QB9_A#q5,/meoclass1/QB9_A.html#q5,Nair,True,True,False,False,STRONG_CE_TIP_ASSERTION,True,"al penal codes, replacing the repealed 1958 Act. MARPOL Annex I Outlines strict statutory liabilities for engineers[cite: 1]. CE Oral Tip (Kochi MMD): Examiner Nair frequently asks about the personal risk to a Chief Engineer under statutory law. When asked, ""Can you personally be sent to jail if you",Admiralty law — what is it? What is a maritime lien? How is the CE related to the Admiralty Act?
QB9_A#q5,/meoclass1/QB9_A.html#q5,Simon,False,False,False,False,WEAK_INCIDENTAL_MENTION,False,"ceeds to clear the crew's outstanding salaries ahead of all other bank creditors, showing the practical power of a maritime lien. --- Examiner Chain Nair arrow Simon sequence: Which courts in India can issue an arrest warrant against a merchant vessel? What makes a maritime lien unique compared to a",Admiralty law — what is it? What is a maritime lien? How is the CE related to the Admiralty Act?
QB9_A#q6,/meoclass1/QB9_A.html#q6,Simon,False,False,False,False,WEAK_INCIDENTAL_MENTION,False,"er difficult conditions, even though the forward section of the hull was ultimately scuttled and could not be recovered as a physical asset. --- Examiner Chain Simon arrow Rajappan sequence: What does the phrase ""No Cure, No Pay"" mean in a standard LOF contract? Why was the SCOPIC clause introduced,","Salvage — types, procedure, LOF, SCOPIC. What is the Wreck Removal Convention?"
QB9_A#q6,/meoclass1/QB9_A.html#q6,Rajappan,True,True,False,False,STRONG_CE_TIP_ASSERTION,False,"s for environmental protection[cite: 1]. Nairobi WRC 2007 Mandates strict liability and insurance for wreck removal[cite: 1]. CE Oral Tip (Kochi MMD): Examiner Rajappan regularly tests candidates on the specific triggers for SCOPIC. If he asks, ""Who has the legal right to activate SCOPIC during a sa","Salvage — types, procedure, LOF, SCOPIC. What is the Wreck Removal Convention?"
QB9_A#q7,/meoclass1/QB9_A.html#q7,Nair,False,False,False,False,WEAK_INCIDENTAL_MENTION,True,"ltiple states, highlighting the value of having standardized, pre-arranged treaty guidelines to manage catastrophic environmental accidents. --- Examiner Chain Nair arrow Simon sequence: Name the 7 standard forms specified under the FAL convention. What structural changes did the 2005 SUA Protocol i",SUA Convention — details and new amendments. FAL Convention — explanation and effect on maritime security. London Convention — what does it cover? OPR
QB9_A#q7,/meoclass1/QB9_A.html#q7,Simon,True,True,False,False,STRONG_CE_TIP_ASSERTION,False,"sal using a reverse list[cite: 1]. OPRC Convention 1990 Directs national and shipboard oil pollution response plans[cite: 1]. CE Oral Tip (Kochi MMD): Examiner Simon regularly tests candidates on the electronic data exchange amendments under FAL. If asked about recent paperless initiatives, answer: ",SUA Convention — details and new amendments. FAL Convention — explanation and effect on maritime security. London Convention — what does it cover? OPR
QB9_A#q8,/meoclass1/QB9_A.html#q8,Nair,True,False,False,False,SUPPORTED_CE_TIP_MENTION,True,"ocedural steps for hot pursuit[cite: 1]. NOSDCP Guidelines Governs national oil pollution response actions in India[cite: 1]. CE Oral Tip (Kochi MMD): Examiner Nair frequently cross-examines candidates on the ""uninterrupted"" condition of hot pursuit. When answering, use the exact phrase: ""Sir, the p","UNCLOS — explain in detail. Rights denied in war risk area. Sovereign vs jurisdiction — difference. EEZ, Continental Shelf. What is hot pursuit — cond"
QB9_A#q8,/meoclass1/QB9_A.html#q8,Rajappan,False,False,False,False,WEAK_INCIDENTAL_MENTION,False,"n at that distance, highlighting how maritime zone definitions under UNCLOS can impact criminal prosecution and sovereign rights. --- Examiner Chain Nair arrow Rajappan sequence: Differentiate clearly between Sovereignty and Sovereign Rights under UNCLOS. What are the precise operational requirement","UNCLOS — explain in detail. Rights denied in war risk area. Sovereign vs jurisdiction — difference. EEZ, Continental Shelf. What is hot pursuit — cond"
QB9_A#q9,/meoclass1/QB9_A.html#q9,Nair,True,True,False,False,STRONG_CE_TIP_ASSERTION,True,"quires the Master to execute safe voyage planning. MSC.1/Circ.1606 Provides updated guidance on maritime security frameworks. CE Oral Tip (Kochi MMD): Examiner Nair frequently asks about managing crew anxiety under threat conditions. When he asks, ""How will you handle a crew member who panics during",Actions and precautions when your ship goes to a war risk area. What is vessel hardening? BMP5 measures. How do you motivate crew during a missile att
QB9_A#q9,/meoclass1/QB9_A.html#q9,Simon,False,False,False,False,WEAK_INCIDENTAL_MENTION,False,"r escape route hardening, illustrating how quickly modern weapon strikes can overwhelm standard shipboard damage control systems. --- Examiner Chain Nair arrow Simon sequence: What are the key differences between ISPS Security Level 2 and Level 3? How do you physically harden a container vessel's ma",Actions and precautions when your ship goes to a war risk area. What is vessel hardening? BMP5 measures. How do you motivate crew during a missile att
QB9_B#q1,/meoclass1/QB9_B.html#q1,Simon,True,True,False,False,STRONG_CE_TIP_ASSERTION,False,"es maintenance compliance for critical systems. York Antwerp Rules - Coordinates with liability structures during casualties. CE Oral Tip (Kochi MMD): Examiner Simon frequently asks about the distinction between general and contractual liability. When he asks, ""If your ship collides with a port cran",CAS and CAP — what are they? What is general liability vs contractual liability? What is NOSDCP?
QB9_B#q1,/meoclass1/QB9_B.html#q1,Senthil,False,False,False,False,WEAK_INCIDENTAL_MENTION,False,ntation of mandatory CAS checks under MARPOL to ensure structural flaws are caught before they result in a catastrophic failure. --- Examiner Chain Simon arrow Senthil sequence: What is the practical difference between a CAS Statement of Compliance and a CAP 1 rating from a classification society? I,CAS and CAP — what are they? What is general liability vs contractual liability? What is NOSDCP?
QB9_B#q2,/meoclass1/QB9_B.html#q2,Nair,True,True,False,False,STRONG_CE_TIP_ASSERTION,True,"carriage of SMPEPs on NLS chemical tankers. Bunker Convention 2001 Regulates civil liability structures for fuel oil spills. CE Oral Tip (Kochi MMD): Examiner Nair frequently asks about reporting paths during high seas incidents. When he asks, ""If you are 300 miles away from land on the high seas, w",What is the OPRC Convention and SOPEP/SMPEP? What is an oil pollution incident in the high seas — actions and reporting? Insurance-related aspects of
QB9_B#q2,/meoclass1/QB9_B.html#q2,Simon,False,False,False,False,WEAK_INCIDENTAL_MENTION,False,"technical assistance, highlighting how an initial shipboard fuel spill can rapidly escalate to require multi-state coordination. --- Examiner Chain Nair arrow Simon sequence: What is the technical and regulatory difference between a SOPEP and an SMPEP? You are on the high seas and notice oil surfaci",What is the OPRC Convention and SOPEP/SMPEP? What is an oil pollution incident in the high seas — actions and reporting? Insurance-related aspects of
QB9_B#q3,/meoclass1/QB9_B.html#q3,Nair,True,True,False,False,STRONG_CE_TIP_ASSERTION,True,"tatutory baseline for commercial contracts. York Antwerp Rules - Interfaces with commercial claims during general casualties. CE Oral Tip (Kochi MMD): Examiner Nair frequently asks about an engineer's role in supporting commercial shipping operations. When he asks, ""Why should a Chief Engineer care ",Demurrage and laytime — what are they? How do they apply in a charter party? What are the CE's implications?
QB9_B#q3,/meoclass1/QB9_B.html#q3,Rajappan,False,False,False,False,WEAK_INCIDENTAL_MENTION,False,"ing them to deduct the 36 hours from the demurrage calculation, which resulted in a substantial financial loss for the shipowner. --- Examiner Chain Nair arrow Rajappan sequence: Define the difference between laytime and demurrage in a voyage charter party. How does a failure of the engine room's au",Demurrage and laytime — what are they? How do they apply in a charter party? What are the CE's implications?
QB9_B#q4,/meoclass1/QB9_B.html#q4,Nair,True,True,False,False,STRONG_CE_TIP_ASSERTION,True,"s Directs the formal Root Cause Analysis (RCA) process. SOLAS Chapter II 1 - Sets the baseline safety and redundancy metrics. CE Oral Tip (Kochi MMD): Examiner Nair frequently focuses on the alignment of logbooks during commercial stoppages. When he asks, ""What is your first administrative action if",Off-hire clause in a charter party — when does it apply and what are the implications for the CE?
QB9_B#q4,/meoclass1/QB9_B.html#q4,Simon,False,False,False,False,WEAK_INCIDENTAL_MENTION,False,"the turbocharger bearings, allowing the charterer to substantiate the off-hire claim and claim damages for missed terminal slots. --- Examiner Chain Nair arrow Simon sequence: What is the purpose of an off-hire clause in a standard Time Charter Party? If your auxiliary engine breaks down but the ves",Off-hire clause in a charter party — when does it apply and what are the implications for the CE?
QB9_B#q5,/meoclass1/QB9_B.html#q5,Nair,True,True,False,False,STRONG_CE_TIP_ASSERTION,True,"g and threat mitigation[cite: 1]. SOLAS Regulation II 2 - Outlines the safety framework for remote fuel tank valves[cite: 1]. CE Oral Tip (Kochi MMD): Examiner Nair frequently cross-examines candidates on the technical layout of the citadel. If he asks, ""How will you ensure the crew can survive insi",War risk / vessel hardening / BMP5 — provide detailed maritime law and engineering application.
QB9_B#q5,/meoclass1/QB9_B.html#q5,Simon,False,False,False,False,WEAK_INCIDENTAL_MENTION,False,"ontrol equipment, and technical system readiness are critical to surviving modern kinetic threats in high-risk transit corridors. --- Examiner Chain Nair arrow Simon sequence: What are the three security levels defined under the ISPS Code, and who determines which level is active? Explain the key sy",War risk / vessel hardening / BMP5 — provide detailed maritime law and engineering application.
QB9_B#q6,/meoclass1/QB9_B.html#q6,Nair,False,False,False,False,WEAK_INCIDENTAL_MENTION,False,"lity frameworks in tort , demonstrating how a single engineering casualty can trigger extensive liabilities across both regimes. --- Examiner Chain Simon arrow Nair sequence: What is the legal difference between a claim brought in contract versus a claim brought in tort? Give a specific example of a",General liability vs contractual liability — what is the exact difference in a maritime context?
QB9_B#q6,/meoclass1/QB9_B.html#q6,Simon,True,True,False,False,STRONG_CE_TIP_ASSERTION,True,compliance for critical systems[cite: 1]. Marine Insurance Act Codifies the legal baselines for maritime liability[cite: 1]. CE Oral Tip (Kochi MMD): Examiner Simon frequently asks this question to test a candidate's understanding of commercial law. If asked about an engine room fire that destroys c,General liability vs contractual liability — what is the exact difference in a maritime context?
QB9_B#q7,/meoclass1/QB9_B.html#q7,Nair,False,False,False,False,WEAK_INCIDENTAL_MENTION,False,ntation of mandatory CAS checks under MARPOL to ensure structural flaws are caught before they result in a catastrophic failure. --- Examiner Chain Simon arrow Nair sequence: Explain why a shipping company would choose to pay for a voluntary CAP survey on an older vessel. Which international convent,CAS and CAP — detailed comparison and application for senior engineers.
QB9_B#q7,/meoclass1/QB9_B.html#q7,Simon,True,False,False,False,SUPPORTED_CE_TIP_MENTION,True,"ompliance for critical systems[cite: 1]. Solas Chapter II 1 - Establishes the safety framework for marine machinery[cite: 1]. CE Oral Tip (Kochi MMD): Examiner Simon routinely targets the distinction between CAS and CAP during oral exams. When answering, make sure to emphasize the commercial nature ",CAS and CAP — detailed comparison and application for senior engineers.
QB9_C#q1,/meoclass1/QB9_C.html#q1,Srivastava,True,True,False,False,STRONG_CE_TIP_ASSERTION,True,"a CTL is declared following a GA act Institute Time Clauses (Hulls) Standard commercial insurance clauses that define how CTL claims are adjusted CE Oral Tip: Srivastava strictly expects the precise statutory definition. Begin your response with: ""Sir, a Constructive Total Loss is defined under Sect",Constructive total loss — define and explain the criteria for declaring CTL in marine insurance.
QB9_C#q2,/meoclass1/QB9_C.html#q2,Srivastava,True,False,False,False,SUPPORTED_CE_TIP_MENTION,True,"ct third-party claims during corporate insolvency HNS Convention Direct action and strict liability framework for Hazardous and Noxious Substances CE Oral Tip: Srivastava uses this question as a quick screening tool. Answer directly: ""Sir, the 'I' stands for Indemnity, not Insurance. P&I clubs are m",P&I Club — what does the 'I' stand for? Explain.
QB9_C#q3,/meoclass1/QB9_C.html#q3,Srivastava,True,False,False,False,SUPPORTED_CE_TIP_MENTION,True,"ts for oil tankers, directly impacting the IG pool layer York-Antwerp Rules Governs general average adjustments that interact with P&I call claims CE Oral Tip: Srivastava requested a ""straight and point answer."" Provide it structured as follows: ""Sir, there are three types of P&I calls: First, the A","P&I Club calls — explain how club calls (advance, supplementary, overspill) work."
QB9_C#q4,/meoclass1/QB9_C.html#q4,Nair,True,True,False,False,STRONG_CE_TIP_ASSERTION,True,"posing strict civil limits and criminal options Bunker Convention 2001 Handles strict liability for pollution from the vessel's own fuel (bunkers) CE Oral Tip: Nair wants you to address both the civil and criminal dimensions of the law. State clearly: ""Sir, civil liability for an oil spill rests str",Oil tanker liabilities — what are the specific liabilities of a CE on an oil tanker? Which conventions apply?
QB9_C#q5,/meoclass1/QB9_C.html#q5,Nair,True,True,False,False,STRONG_CE_TIP_ASSERTION,True,"writer's post-payment rights of Subrogation Marine Insurance Act 1906 Section 80 Establishes rules for Contribution during double-insurance events CE Oral Tip: Nair expects all six principles listed cleanly in sequence. Use the acronym U-I-I-S-C-P to recall them: Utmost Good Faith, Insurable Interes",Insurance principles — list all principles of marine insurance and explain each.
QB9_C#q6,/meoclass1/QB9_C.html#q6,Nair,True,True,False,False,STRONG_CE_TIP_ASSERTION,True,"eck removal obligations funded under P&I Protection cover Athens Convention 2002 Sets passenger liability limits, which are backed by P&I coverage CE Oral Tip: Nair expects a comprehensive, structured response. Organize your answer logically: ""Sir, P&I Clubs are non-profit mutual associations funded","P&I Club — explain in detail: types of cover, mutual structure, club calls, defence cover."
QB9_D#q1,/meoclass1/QB9_D.html#q1,Simon,True,True,True,False,SUPPORTED_ILLUSTRATIVE_CE_TIP,True,"nsive coral reef pollution, local socio-economic damage, and eventual wreck removal operations when the vessel broke in two. #### Examiner Chain Examiners like Simon or Senthil typically start by asking you what insurance documents are carried in the Chief Engineer's binder. Once you name the P&I Ce","P&I Club — what is it, 'call' explained, how does it work?"
QB9_D#q1,/meoclass1/QB9_D.html#q1,Senthil,False,True,True,False,WEAK_INCIDENTAL_MENTION,False,"al reef pollution, local socio-economic damage, and eventual wreck removal operations when the vessel broke in two. #### Examiner Chain Examiners like Simon or Senthil typically start by asking you what insurance documents are carried in the Chief Engineer's binder. Once you name the P&I Certificate","P&I Club — what is it, 'call' explained, how does it work?"
QB9_D#q2,/meoclass1/QB9_D.html#q2,Simon,False,False,False,False,WEAK_INCIDENTAL_MENTION,True,"echanism and its GXL commercial reinsurance tiers, ensuring all claims were liquidated without destabilizing the marine insurance industry. #### Examiner Chain Simon or Senthil will often pivot from Q1 (P&I definition) straight into Q2 by asking: ""What happens if your ship runs aground and causes 50",IG Group (International Group of P&I Clubs) — what is it and its pooling arrangements?
QB9_D#q2,/meoclass1/QB9_D.html#q2,Senthil,True,False,False,False,SUPPORTED_CE_TIP_MENTION,False,"and its GXL commercial reinsurance tiers, ensuring all claims were liquidated without destabilizing the marine insurance industry. #### Examiner Chain Simon or Senthil will often pivot from Q1 (P&I definition) straight into Q2 by asking: ""What happens if your ship runs aground and causes 500 million",IG Group (International Group of P&I Clubs) — what is it and its pooling arrangements?
QB9_D#q3,/meoclass1/QB9_D.html#q3,Simon,True,True,False,False,STRONG_CE_TIP_ASSERTION,True,"societies without maintaining adequate flag-state oversight, forcing the IMO to introduce the mandatory Member State Audit Scheme (IMSAS). #### Examiner Chain Simon will often start by asking: ""What flag does your last ship fly?"" If you say Singapore or Denmark, he will ask: ""Is that an open registr",Flag of convenience vs open registry — difference and examples?
QB9_D#q4,/meoclass1/QB9_D.html#q4,Simon,True,False,False,False,SUPPORTED_CE_TIP_MENTION,True,mestic pools like the BMIP provided a stabilized mechanism to keep essential Indian trade routes insulated from extreme premium volatility. #### Examiner Chain Simon will often lead from a discussion on standard P&I clubs into India's specific maritime initiatives. The question chain usually flows: ,Bharat Maritime Insurance Pool — what is it and its significance?
QB9_D#q5,/meoclass1/QB9_D.html#q5,Simon,True,False,False,False,SUPPORTED_CE_TIP_MENTION,True,"account allows for immediate, unhindered foreign currency settlement, keeping emergency operations moving without administrative blockages. #### Examiner Chain Simon has integrated this current affairs topic into oral examinations. The progression usually looks like this: ""Where does your ship get i",GIFT City — what is it and its relevance to maritime finance and insurance?
QB9_D#q6,/meoclass1/QB9_D.html#q6,Simon,True,False,False,False,SUPPORTED_CE_TIP_MENTION,True,"d the powers granted by its parent Act; if it does, it can be struck down by a court of law as ultra vires."" #### Common CE Failures Candidates frequently fail Simon’s question because they confuse the operational roles, assuming that RPSL is a completely separate, independent law detached from the ",MS Act in detail — RPSL vs MS Act: differences and application?
QB9_D#q7,/meoclass1/QB9_D.html#q7,Senthil,True,False,False,False,SUPPORTED_CE_TIP_MENTION,True,"that maritime health declarations are critical instruments that directly affect the commercial viability of international shipping fleets. #### Examiner Chain Senthil typically drives this question by asking: ""What flag do you hoist when you arrive at Kochi outer anchorage from a foreign port?"" → ""W",What is a contagious zone in maritime context?
QB9_D#q8,/meoclass1/QB9_D.html#q8,Senthil,True,False,False,False,SUPPORTED_CE_TIP_MENTION,True,"ide/plastic nurdles) and an unmanageable onboard stability crisis can escalate into a massive, multi-jurisdictional environmental disaster. #### Examiner Chain Senthil utilizes this case study to test situational engineering awareness. The progression is usually: ""What happened to the MSC Elsa 3 off",ELSA incident — where did it happen and how is the case handled? Under what laws?
QB9_D#q9,/meoclass1/QB9_D.html#q9,Simon,True,False,False,False,SUPPORTED_CE_TIP_MENTION,True,"e executive that directly conflicts with the parent Act is legally ultra vires and invalid."" #### Common CE Failures Candidates routinely fail this question on Simon's panel by treating ""Act"" and ""Rule"" as simple synonyms. They fail to explain that an Act represents the political will of Parliament,",Act vs rule — difference in Indian legal context with maritime examples?
QB9_D#q10,/meoclass1/QB9_D.html#q10,Paul,True,False,False,False,SUPPORTED_CE_TIP_MENTION,True,"s, such as hiring a local pilot, taking on harbor tugs, or engaging localized vessel traffic services (VTS)."" #### Common CE Failures Candidates routinely fail Paul's panel because they misrepresent coastal state rights as absolute sovereignty. They state that a coastal state can ban any ship it dis",Coastal state duties — obligations under UNCLOS?
QB9_E#q1,/meoclass1/QB9_E.html#q1,Nair,True,True,False,False,STRONG_CE_TIP_ASSERTION,True,"mentation of the ISM Code. ISO 9001 & ISO 14001 Quality and Environmental Management Standards aligning with TMSA goals. CE Oral Tip: Kochi MMD Focus (Examiner Nair): Nair looks for a clear understanding of commercial realities alongside legal ones. If asked about TMSA, do not say ""It's only for tan",TMSA
QB9_E#q2,/meoclass1/QB9_E.html#q2,Nair,True,True,False,False,STRONG_CE_TIP_ASSERTION,True,-certificates in India. STCW Convention Regulation I/2 (concerning maintenance of electronic registers of certificates). CE Oral Tip: Kochi MMD Focus (Examiner Nair): Nair asks this question to verify if you are keeping up with the modern administrative changes that affect your crew. Explain the shi,Latest MS Act Updates & DG Website Differences
QB9_E#q3,/meoclass1/QB9_E.html#q3,Nair,True,True,False,False,STRONG_CE_TIP_ASSERTION,True,"sk premium allocations. CONWARTIME 2013 / VOYWAR 2013 Standard BIMCO war risk clauses incorporated into charter parties. CE Oral Tip: Kochi MMD Focus (Examiner Nair): Examiner Nair will look for a pragmatic blend of engineering discipline and commercial awareness. If he asks: ""Who pays the extra pre",War Time Marine Insurance & Extra Premiums
QB9_E#q4,/meoclass1/QB9_E.html#q4,Simon,True,False,False,False,SUPPORTED_CE_TIP_MENTION,True,"(replaces the 1958 Act, Part XB). Fund Convention 1992 Actuating the secondary tier of compensation via the IOPC Funds. CE Oral Tip: Kochi MMD Focus (Examiner Simon): Examiner Simon likes clear boundaries. If he states, ""Your container ship just spilled 50 tonnes of fuel oil, explain your liability ",CLC and its Explanation
QB9_E#q5,/meoclass1/QB9_E.html#q5,Rajappan,True,True,False,False,STRONG_CE_TIP_ASSERTION,False,nstitute Time Clauses (Hulls) Standardized clauses widely used internationally to outline covered perils and exclusions. CE Oral Tip: Kochi MMD Focus (Examiner Rajappan): Examiner Rajappan often tests fundamental legal concepts to see if you can think beyond physical engineering tools. When asked “W,What is Insurance?
QB9_E#q6,/meoclass1/QB9_E.html#q6,Rajappan,True,True,False,False,STRONG_CE_TIP_ASSERTION,True,"s. UN Sustainable Development Goal 14 (SDG 14) ""Life Below Water"" – the baseline global driver for Blue Economy metrics. CE Oral Tip: Kochi MMD Focus (Examiner Rajappan): Rajappan looks for candidate awareness of global maritime shifts and India’s specific national maritime policies. If he asks for ",Blue Economy in Detail
QB9_E#q7,/meoclass1/QB9_E.html#q7,Nair,True,True,False,False,STRONG_CE_TIP_ASSERTION,True,ellation framework. BIMCO CONWARTIME 2013 Commercial clause outlining how shipboard commands handle war risk directives. CE Oral Tip: Kochi MMD Focus (Examiner Nair): Examiner Nair wants to see that you understand the operational vulnerability and the timeline of insurance adjustments. State clearly,P&I Club Coverage in Hormuz
QB9_E#q8,/meoclass1/QB9_E.html#q8,Nair,True,False,False,False,SUPPORTED_CE_TIP_MENTION,True,"nted by these domestic laws. DGMA MS Notice Series Detailing procedural changes for online eligibility and exam booking. CE Oral Tip: Kochi MMD Focus (Examiner Nair): Examiner Nair will look for exact section numbers to confirm your command of maritime law. Do not just say, ""It is in the STCW rules,",MS Act Provisions for Competency Exams
QB9_E#q9,/meoclass1/QB9_E.html#q9,Rajappan,True,True,False,False,STRONG_CE_TIP_ASSERTION,True,"Indian municipal law. UNESCO-IOC Guidelines International standard framework for Marine Spatial Planning implementation. CE Oral Tip: Kochi MMD Focus (Examiner Rajappan): Examiner Rajappan likes systemic answers that show you understand high-level governance. If he asks about MSP, define it clearly ",Marine Spatial Planning
QB9_E#q10,/meoclass1/QB9_E.html#q10,Rajappan,True,True,False,False,STRONG_CE_TIP_ASSERTION,False,"s major fleets. Merchant Shipping (Prevention of Pollution by Garbage) Rules Local Indian enforcement of MARPOL Annex V. CE Oral Tip: Kochi MMD Focus (Examiner Rajappan): When Rajappan revisits this topic, he wants to see your focus shift from definitions to practical shipboard management. State cle",Blue Economy
QB9_E#q11,/meoclass1/QB9_E.html#q11,Rajappan,True,True,False,False,STRONG_CE_TIP_ASSERTION,True,"2026; details specific offences and corresponding penalties (replaces the 1958 Act, Section 436 and related provisions). CE Oral Tip: Kochi MMD Focus (Examiner Rajappan): Examiner Rajappan likes precise legal terminology. If he asks for the difference, structure your response around the target of th",Difference Between Tort and Crime in Maritime Context
QB9_E#q12,/meoclass1/QB9_E.html#q12,Nair,True,True,False,False,STRONG_CE_TIP_ASSERTION,True,"rk). Hamilton, Fraser & Co. v. Thames and Mersey Marine Insurance Co. (1887) 12 App. Cas. 484 The foundational case law. CE Oral Tip: Kochi MMD Focus (Examiner Nair): Examiner Nair asks this to verify your understanding of how technical failures intersect with insurance liability. Explain it systema",Inchmaree Clause in Marine Insurance
QB9_F#q1,/meoclass1/QB9_F.html#q1,Nair,True,True,False,False,STRONG_CE_TIP_ASSERTION,True,"age of goods by sea. Rome I Regulation (EU) Standard contractual rules used internationally to resolve conflicts of law. CE Oral Tip: Kochi MMD Focus (Examiner Nair): Examiner Nair asks this to test your understanding of how international law interfaces with domestic courts. Explain it concisely: ""S",Uniform Law and Conflict of Law in Maritime Context
QB9_F#q2,/meoclass1/QB9_F.html#q2,Nair,True,False,False,False,SUPPORTED_CE_TIP_MENTION,True,"ge) In force 15 March 2026; governs wreck and distress handling within Indian waters (replaces the 1958 Act, Part XIII). CE Oral Tip: Kochi MMD Focus (Examiner Nair): Examiner Nair will look for your understanding of both technical data and the legal authority of the Master. Answer directly: ""Sir, a",Port of Refuge
QB9_F#q3,/meoclass1/QB9_F.html#q3,Senthil,True,False,False,False,SUPPORTED_CE_TIP_MENTION,False,"nance of official logs. Class Society Rules (e.g., IRS/DNV) Guidelines on damage surveys and technical repair approvals. CE Oral Tip: Kochi MMD Focus (Examiner Senthil): Examiner Senthil looks for strict administrative discipline and procedural order from a Chief Engineer. Frame your answer around t",Machinery Breakdown Insurance Claims
QB9_F#q4,/meoclass1/QB9_F.html#q4,Simon,True,False,False,False,SUPPORTED_CE_TIP_MENTION,False,"orce 15 March 2026; registration of Indian ships and corresponding fraud penalties (replaces the 1958 Act, then Part V). CE Oral Tip: Kochi MMD Focus (Examiner Simon): Examiner Simon looks for strict awareness of maritime security and flag legality. Structure your oral response around international ",Fraudulent Registration of Ships
QB9_F#q5,/meoclass1/QB9_F.html#q5,Simon,True,True,False,False,STRONG_CE_TIP_ASSERTION,False,"ons governing the enforcement rights of Indian security agencies within national maritime zones (replaces the 1958 Act). CE Oral Tip: Kochi MMD Focus (Examiner Simon): Examiner Simon wants a precise legal definition of continuity. State clearly: ""Sir, under UNCLOS Article 111, hot pursuit must be co",Continuous Hot Pursuit
QB9_F#q6,/meoclass1/QB9_F.html#q6,Simon,True,False,False,False,SUPPORTED_CE_TIP_MENTION,False,"0 (The Jones Act) The famous US equivalent law, frequently referenced by examiners as the global benchmark for cabotage. CE Oral Tip: Kochi MMD Focus (Examiner Simon): Examiner Simon likes clear, current references. Answer directly: ""Sir, Cabotage Law restricts a country's domestic coastal trade exc",Cabotage Law
QB9_F#q7,/meoclass1/QB9_F.html#q7,Rajappan,True,False,False,False,SUPPORTED_CE_TIP_MENTION,False,"ashore) certification requirement. SOLAS Chapter XI-2 / ISPS Code Ship Security Plan framework STSDSS-trained crew operate under. CE Oral Tip: Kochi MMD Focus (Rajappan): Examiners frequently use ""STSDSS"" and ""PDSD"" interchangeably — do not hesitate or treat them as different things. Answer directly",STSDSS Full Form and Explanation
QB9_F#q8,/meoclass1/QB9_F.html#q8,Simon,True,True,False,False,STRONG_CE_TIP_ASSERTION,False,"ifying convenience flags. IMO GISIS Database International verification repository for valid flag state administrations. CE Oral Tip: Kochi MMD Focus (Examiner Simon): Examiner Simon wants a direct answer on India’s status. State clearly: ""Sir, an Open Registry or Flag of Convenience allows foreign ",Flag of Convenience (FOC) / Open Registry
QB9_F#q9,/meoclass1/QB9_F.html#q9,Simon,True,False,False,False,SUPPORTED_CE_TIP_MENTION,False,g the inspection. SOLAS Chapter II-1 & II-2 Structural stability and fire safety systems verified under RISQ parameters. CE Oral Tip: Kochi MMD Focus (Examiner Simon): Examiner Simon highlights the bulk carrier context in this question. Frame your response to show you understand commercial realities,RightShip Inspection
QB9_F#q10,/meoclass1/QB9_F.html#q10,Simon,True,True,False,False,STRONG_CE_TIP_ASSERTION,False,"pecial rules on inspection of ships. Regional PSC Memorandums (e.g., Paris MOU, Tokyo MOU, Indian Ocean MOU guidelines). CE Oral Tip: Kochi MMD Focus (Examiner Simon): Examiner Simon wants to see that you understand the formal, step-by-step nature of a PSC inspection. Answer directly: ""Sir, Clear Gr",Clear Grounds
QB9_F#q11,/meoclass1/QB9_F.html#q11,Simon,True,True,False,False,STRONG_CE_TIP_ASSERTION,False,"for comparison data). Flag State Registration Rules Detailing the specific technical execution layout for Marking Notes. CE Oral Tip: Kochi MMD Focus (Examiner Simon): Examiner Simon wants a precise differentiation between the Official Number and the IMO number. Structure your answer directly: ""Sir,",Official Number
QB9_G#q1,/meoclass1/QB9_G.html#q1,Simon,True,False,False,False,SUPPORTED_CE_TIP_MENTION,True,"vs. broader claims priority order (S.10) Recycling of Ships Act 2019, S.11 Requires a ship recycling facility plan and international certification CE Oral Tip: Simon listens for the exact year on every Act — say ""Admiralty Act 2017,"" ""Recycling of Ships Act 2019,"" never just ""the Admiralty Act."" Nam","Name other Acts related to shipping besides the MS Act (e.g. Recycling of Ships Act, Admiralty Act) — what does the Admiralty Act contain?"
QB9_G#q2,/meoclass1/QB9_G.html#q2,Simon,True,False,False,False,SUPPORTED_CE_TIP_MENTION,True,"S.6 Jurisdiction for in personam actions International Convention on Arrest of Ships 1952/1999 International baseline for national ship-arrest law CE Oral Tip: Simon's classic follow-up: ""If the ship is arrested, who is the defendant?"" Answer: ""The ship itself, sir — the suit is filed against the ve",What is meant by 'in rem' and 'in personam' in maritime legal proceedings?
QB9_G#q3,/meoclass1/QB9_G.html#q3,Simon,True,True,False,False,STRONG_CE_TIP_ASSERTION,True,"OL annexes Vienna Convention on the Law of Treaties 1969, Art.11 Defines ratification/acceptance/approval/accession as equivalent means of consent CE Oral Tip: Simon often drills the Ratification-vs-Accession distinction. Keep it crisp: ""Ratification applies if a state signed while the treaty was op","How is an IMO convention formally adopted? Explain the conference process, protocol, amendments, tacit vs explicit acceptance, the role of committees/sub-committees, the FAL Committee's function, and the difference between ratification, acceptance, approval, and accession."
QB9_G#q4,/meoclass1/QB9_G.html#q4,Nair,True,True,False,False,STRONG_CE_TIP_ASSERTION,True,"Books) Rules Prescribes format and entry requirements MLC 2006, Reg.5.1 Uses OLB entries as evidence in disciplinary/complaint-handling procedures CE Oral Tip: Nair focuses on entry correctness. If asked about an engine-room dispute entry: state you'll conduct an inquiry with the Master, prepare a w",What is an Official Log Book?
QB9_G#q5,/meoclass1/QB9_G.html#q5,Nair,True,True,False,False,STRONG_CE_TIP_ASSERTION,True,"exchange from 1 Jan 2024 IMO Compendium on Facilitation and Electronic Business Defines standardised data-element structures for interoperability CE Oral Tip: Nair expects the specific date — ""mandatory from 1 January 2024"" — not a vague ""it's a digital system now."" Name the FAL Convention explicitl","Maritime Single Window — what is it, and how does it relate to the FAL Convention?"
QB9_G#q6,/meoclass1/QB9_G.html#q6,Nair,True,True,False,False,STRONG_CE_TIP_ASSERTION,True,"Protocol incorporates/modifies the 1973 parent Convention SOLAS Protocol 1988 Introduced the Harmonised System of Survey and Certification (HSSC) CE Oral Tip: Nair likes the MARPOL 73/78 example specifically. If asked why we say ""73/78,"" explain the 1978 Protocol absorbed and brought into force the ","What is the difference between a Convention, a Protocol, and a Treaty in international maritime law?"
QB9_G#q7,/meoclass1/QB9_G.html#q7,Nair,True,True,False,False,STRONG_CE_TIP_ASSERTION,True,"6 Defines General Average, sacrifice and contribution York-Antwerp Rules (latest version) Universally incorporated GA adjustment/calculation rules CE Oral Tip: Nair loves engine-room GA/PA boundary questions. If asked ""you use CO2 flooding on a scavenge fire, damaging components — GA or PA?"", say: """,What is the difference between General Average and Particular Average?
QB9_H#q1,/meoclass1/QB9_H.html#q1,Nair,True,False,False,False,SUPPORTED_CE_TIP_MENTION,True,"t. VIII / MARPOL Art. 16 Tacit acceptance amendment procedures DGMA notifications & circulars Administrative implementation of accepted amendments CE Oral Tip (Nair): Answer the actual question in one line — ""the Union Cabinet decides; ratification is executive, Parliament comes in only for implemen","How is an amendment ratified in India, and which authority decides before Parliament?"
QB9_H#q2,/meoclass1/QB9_H.html#q2,Nair,True,False,False,False,SUPPORTED_CE_TIP_MENTION,True,"ts Merchant Shipping Act 2025 (India) Casualty reporting, preliminary inquiry and formal investigation — Part-level, sections pending verification CE Oral Tip (Nair): Give the three-phase timeline, then the sentence Nair listens for: ""the flag-State safety investigation is separate from blame — its ","Ship casualty — step by step, who responds, and how does the Flag State conduct its process?"
QB9_H#q3,/meoclass1/QB9_H.html#q3,Nair,True,False,False,False,SUPPORTED_CE_TIP_MENTION,True,"Rules General average — delay and loss-of-market losses excluded Loss of Hire policy / P&I & FD&D cover Insurance architecture around delay losses CE Oral Tip (Nair): Refuse the single-payer premise politely: ""cause decides — third party in proportion to fault under the 1910 Convention and LLMC limi","If a casualty delays your ship, who compensates for that loss?"
QB9_H#q4,/meoclass1/QB9_H.html#q4,Nair,True,False,False,False,SUPPORTED_CE_TIP_MENTION,True,"ramework Recruitment/placement service obligations to the seafarer Admiralty Act 2017 (India) Maritime lien for wages — enforcement by ship arrest CE Oral Tip (Nair): Give the four-rung ladder (onboard → company/flag → port State onshore complaint → ITF/RPSL/legal), then the two closers that mark se","If you don't receive salary or sign-off, how do you approach it via a grievance letter — and what if there's no resolution?"
QB9_H#q5,/meoclass1/QB9_H.html#q5,Nair,True,False,False,False,SUPPORTED_CE_TIP_MENTION,True,"l procedure Forms, scales, routing — the controlled-document basis MLC Reg 5.1.5 Complaint procedure — the fairness backstop to adverse appraisals CE Oral Tip (Nair): The trap is describing a form. Give the five-step procedure with the fairness spine — published criteria, dated evidence, face-to-fac",How do you assess a junior officer / give an appraisal — what procedure and marking do you use?
QB9_H#q6,/meoclass1/QB9_H.html#q6,Nair,True,False,False,False,SUPPORTED_CE_TIP_MENTION,True,"A4.2 Financial-security certificates carried and posted onboard DGMA RPSL rules (India) National implementation of Reg 1.4 — licence verification CE Oral Tip (Nair): Structure as agent → employer → paperwork, naming one verification source per layer (DGMA portal, Equasis, DMLC). Close with the red-f","How do you evaluate a new company before joining, and ensure MLC compliance?"
QB9_H#q7,/meoclass1/QB9_H.html#q7,Nair,True,False,False,False,SUPPORTED_CE_TIP_MENTION,True,"e — insurance to LLMC limits CLC 1992 (comparison) The same strict-liability + compulsory-insurance + direct-action architecture for oil pollution CE Oral Tip (Nair): Define strict liability in one sentence (""liability without fault — the event itself is enough""), then the WRC application: registere",Wreck Removal Convention — what is strict liability under it?
QB9_H#q8,/meoclass1/QB9_H.html#q8,Nair,True,False,False,False,SUPPORTED_CE_TIP_MENTION,True,"roportionate liability between ships Merchant Shipping Act 2025 (India) Statutory duties and penalties — Part-level, sections pending verification CE Oral Tip (Nair): Six categories, one example each, then the two overlays (limitation; liens/arrest). The differentiating sentence: ""the strict-liabili",What are the different types of liability in shipping?
QB9_H#q9,/meoclass1/QB9_H.html#q9,Srivastava,True,False,False,False,SUPPORTED_CE_TIP_MENTION,True,"ds statutes applying to the liftings Charterparty standard forms (GENCON, NYPE) The underlying voyage/time terms the CoA incorporates by reference CE Oral Tip (Srivastava): Open with ""the term has a broad and a specific meaning"" — that framing alone signals reading. Then the specific CoA in one line",What is a Contract of Affreightment?
QB9_H#q10,/meoclass1/QB9_H.html#q10,Paul,True,False,False,False,SUPPORTED_CE_TIP_MENTION,True,"machinery — Part-level, sections pending verification DGMA crew-agreement instructions Administrative formats for Indian-flag articles/agreements CE Oral Tip (Paul): Define the classical instrument (collective, before the Shipping Master, engagement-to-settlement) in two sentences, then pivot: ""its ",What is the Articles of Agreement?
QB9_H#q11,/meoclass1/QB9_H.html#q11,Paul,True,False,False,False,SUPPORTED_CE_TIP_MENTION,True,"on — Part-level, sections pending verification DGMA casualty-reporting instructions Administrative reporting channels to the Indian administration CE Oral Tip (Paul): Lead with the three Code definitions — casualty, very serious casualty, incident — then the Indian machinery (report → preliminary in",Definitions of casualty as per the Merchant Shipping Act.
QB9_H#q12,/meoclass1/QB9_H.html#q12,Simon,True,False,False,False,SUPPORTED_CE_TIP_MENTION,True,"chmaree wording) Crew negligence expressly an insured peril P&I Club rules Mutual liability cover; pay-to-be-paid and its direct-action exceptions CE Oral Tip (Simon): Open with the correction — ""insurance is contract-based indemnity, not strict liability"" — then give the two senses the phrase can h",Strict liability in marine insurance — explain.
QB9_H#q13,/meoclass1/QB9_H.html#q13,Nair,True,False,False,False,SUPPORTED_CE_TIP_MENTION,True,"st = revision authority); certification and verification (DOC/SMC endorsements) BWM Convention Reg E-2/E-3 Ballast water certification and surveys CE Oral Tip (Nair): List the certificate families fast (SAFCON — MARPOL set — SEEMP/DCS — BWM — class machinery), then slow down for the second half and ",What certificates does the CE manage? How do you know the latest revision of your company's SMS from the certificate?
