canonical_question_id,url,examiner,in_ce_tip_block,assertive_phrasing,hedged_illustrative,comparative_phrasing,strength,already_in_index,context,question_text
QB10_A#q2,/meoclass1/QB10_A.html#q2,Rajappan,True,False,False,False,SUPPORTED_CE_TIP_MENTION,False,"ility SOLAS Ch.VI Carriage of cargoes — stowage/securing ILO Convention 152 Lifting-gear testing/certification CSS Code Cargo stowage and securing CE Oral Tip: Rajappan tests crane safety devices, hydraulic-oil water-contamination checks, and anti-heeling pump failure response during a heavy lift — ",If asked about general cargo/multi-purpose vessels: describe their key engineering and stability features.
QB10_A#q3,/meoclass1/QB10_A.html#q3,Rajappan,False,True,False,False,WEAK_INCIDENTAL_MENTION,False,"— historically, lack of deep-draft ports forced transshipment via Colombo/Singapore, adding cost/legal exposure that Sagarmala aims to resolve. Examiner Chain: Rajappan values policy awareness tied to local hubs — expect a follow-up connecting Sagarmala to Vallarpadam ICTT or Vizhinjam port expansio",Explain the Sagarmala Programme in detail.
QB10_A#q5,/meoclass1/QB10_A.html#q5,Rajappan,False,True,False,False,WEAK_INCIDENTAL_MENTION,False,"ial incidents (e.g. toxic vapour exposure during ammonia transfer trials) underscore why Amrit Kaal prioritises specialised workforce training. Examiner Chain: Rajappan tests current-affairs awareness — expect a request to distinguish this from Maritime India Vision 2030, then a follow-up on shipboa",Explain the Maritime Amrit Kaal Vision 2047.
QB10_B#q1,/meoclass1/QB10_B.html#q1,Nair,True,False,False,False,SUPPORTED_CE_TIP_MENTION,False,"SC — IGC/IGF Code amendments ""One ship, one code"" alignment for gas-fuelled ships — expected eff. 1 Jul 2028, pending MSC 112 adoption (Dec 2026). CE Oral Tip: Nair will test whether you know it's now past the 2026 entry-into-force date and can quote at least two MSC resolution numbers verbatim — PF",Give a consolidated overview of SOLAS and MARPOL amendments entering into force from 2024 through 2028.
QB10_B#q1,/meoclass1/QB10_B.html#q1,Simon,True,True,False,False,STRONG_CE_TIP_ASSERTION,False,"date and can quote at least two MSC resolution numbers verbatim — PFOS ban (MSC.532(107)) and the fire safety upgrade (MSC.550(108)) are the two he asks most. Simon will pivot straight to what applies to YOUR ship: as a container vessel ≥3,000 GT, lead with the electronic inclinometer requirement (S",Give a consolidated overview of SOLAS and MARPOL amendments entering into force from 2024 through 2028.
QB10_B#q2,/meoclass1/QB10_B.html#q2,Nair,True,True,False,False,STRONG_CE_TIP_ASSERTION,False,"ft guidelines Generic alternative-fuel training base (MSC 110); methanol/ethanol & ammonia draft interim guidelines sent to MSC 111 (May 2026). CE Oral Tip: If Nair or Senthil asks ""what's new in STCW,"" lead with SASH — it's the one that's actually in force and testable right now. If pressed on ""wha","What STCW amendments are currently in force or coming, and why were they introduced?"
QB10_B#q2,/meoclass1/QB10_B.html#q2,Senthil,True,True,False,False,STRONG_CE_TIP_ASSERTION,False,"lines Generic alternative-fuel training base (MSC 110); methanol/ethanol & ammonia draft interim guidelines sent to MSC 111 (May 2026). CE Oral Tip: If Nair or Senthil asks ""what's new in STCW,"" lead with SASH — it's the one that's actually in force and testable right now. If pressed on ""what's comi","What STCW amendments are currently in force or coming, and why were they introduced?"
QB10_B#q3,/meoclass1/QB10_B.html#q3,Srivastava,True,False,False,False,SUPPORTED_CE_TIP_MENTION,False,n clarifications. Joint ILO/IMO Tripartite Working Group Body coordinating seafarer welfare/harassment provisions across MLC and STCW in parallel. CE Oral Tip: Srivastava and Senthil both like MLC because it crosses into welfare and ISM territory. Anchor your answer on the December 2024 / December 2,"What amendments to the MLC 2006 are in force or coming, and what problem does each one solve?"
QB10_B#q3,/meoclass1/QB10_B.html#q3,Senthil,True,False,False,False,SUPPORTED_CE_TIP_MENTION,False,s. Joint ILO/IMO Tripartite Working Group Body coordinating seafarer welfare/harassment provisions across MLC and STCW in parallel. CE Oral Tip: Srivastava and Senthil both like MLC because it crosses into welfare and ISM territory. Anchor your answer on the December 2024 / December 2027 date split ,"What amendments to the MLC 2006 are in force or coming, and what problem does each one solve?"
QB10_B#q4,/meoclass1/QB10_B.html#q4,Simon,True,True,False,False,STRONG_CE_TIP_ASSERTION,False,"ry eff. 1 Jan 2026. IMO GISIS database Central reporting point for confirmed container-loss incidents, alongside SOLAS V/31-32 notification chain. CE Oral Tip: Simon will expect you to connect the inclinometer requirement to your own vessel type immediately, without prompting — since you sail on Mae",Which of the recent/upcoming amendments apply specifically to container ships — and why does a boxship get singled out?
QB10_B#q6,/meoclass1/QB10_B.html#q6,Rajappan,True,True,False,False,STRONG_CE_TIP_ASSERTION,False,"ty-monitoring rationale. 2011 ESP Code amendment Remote Inspection Techniques for close-up surveys, bulk carriers & oil tankers — eff. 1 Jan 2028. CE Oral Tip: Rajappan will almost certainly ask you to name the casualty behind the inclinometer rule — say ""Jupiter, bauxite cargo shift"" immediately an",Which recent/upcoming amendments apply specifically to bulk carriers?
QB10_B#q7,/meoclass1/QB10_B.html#q7,Nair,True,True,False,False,STRONG_CE_TIP_ASSERTION,False,"f. 1 Sep 2027) separately from NZF. MEPC 85 / ES.2 resumption 30 Nov–4 Dec 2026 — next decision point on NZF adoption; earliest EIF 1 Mar 2028. CE Oral Tip: If Nair asks ""when does the Net-Zero Framework come into force,"" the honest, correct answer is that it hasn't been adopted yet — give the Decem","What is the current status of the IMO Net-Zero Framework, and what happened with the North-East Atlantic ECA?"
QB10_B#q8,/meoclass1/QB10_B.html#q8,Nair,False,False,False,False,WEAK_INCIDENTAL_MENTION,False,"n of DGMA advisories responding to the elevated ship security situation around the Strait of Hormuz through 2026. Why This Section Exists Kochi MMD examiners — Nair, Simon, Rajappan, Senthil, Srivastava — routinely blend IMO convention knowledge with awareness of current domestic DGS instruments. A ",What recent DG Shipping/DGMA (India) circulars should an Indian MEO Class 1 candidate know?
QB10_B#q8,/meoclass1/QB10_B.html#q8,Simon,False,False,False,False,WEAK_INCIDENTAL_MENTION,False,"GMA advisories responding to the elevated ship security situation around the Strait of Hormuz through 2026. Why This Section Exists Kochi MMD examiners — Nair, Simon, Rajappan, Senthil, Srivastava — routinely blend IMO convention knowledge with awareness of current domestic DGS instruments. A candid",What recent DG Shipping/DGMA (India) circulars should an Indian MEO Class 1 candidate know?
QB10_B#q8,/meoclass1/QB10_B.html#q8,Rajappan,False,False,False,False,WEAK_INCIDENTAL_MENTION,False,"isories responding to the elevated ship security situation around the Strait of Hormuz through 2026. Why This Section Exists Kochi MMD examiners — Nair, Simon, Rajappan, Senthil, Srivastava — routinely blend IMO convention knowledge with awareness of current domestic DGS instruments. A candidate who",What recent DG Shipping/DGMA (India) circulars should an Indian MEO Class 1 candidate know?
QB10_B#q8,/meoclass1/QB10_B.html#q8,Srivastava,False,False,False,False,WEAK_INCIDENTAL_MENTION,False,"to the elevated ship security situation around the Strait of Hormuz through 2026. Why This Section Exists Kochi MMD examiners — Nair, Simon, Rajappan, Senthil, Srivastava — routinely blend IMO convention knowledge with awareness of current domestic DGS instruments. A candidate who can quote IMO reso",What recent DG Shipping/DGMA (India) circulars should an Indian MEO Class 1 candidate know?
QB10_B#q8,/meoclass1/QB10_B.html#q8,Senthil,False,False,False,False,WEAK_INCIDENTAL_MENTION,False,"sponding to the elevated ship security situation around the Strait of Hormuz through 2026. Why This Section Exists Kochi MMD examiners — Nair, Simon, Rajappan, Senthil, Srivastava — routinely blend IMO convention knowledge with awareness of current domestic DGS instruments. A candidate who can quote",What recent DG Shipping/DGMA (India) circulars should an Indian MEO Class 1 candidate know?
QB1_B#q1,/meoclass1/QB1_B.html#q1,Rajappan,True,False,False,False,SUPPORTED_CE_TIP_MENTION,False,"OL Annex II/III / General Definitions of hazardous substances and noxious liquid substances in bulk/packages. CE Oral Tip: Kochi MMD surveyors (especially Nair/Rajappan) love to trap candidates on whether a container vessel faces HNS liability. Answer clearly: ""Yes, sir, for packaged dangerous goods","Explain the HNS Convention — to whom does it apply, when does it enter into force, and until then what is the liability/compensation fallback (LLMC limits)?"
QB1_B#q12,/meoclass1/QB1_B.html#q12,Simon,True,True,True,False,SUPPORTED_ILLUSTRATIVE_CE_TIP,False,"s. Supplementary Protocol / Article 4 Escalates the compensation ceiling to 750M SDR via the Tier 3 global asset pool. CE Oral Tip: When an examiner like Capt. Simon asks: ""Why do we need a Fund Convention if the shipowner already pays under the CLC?"" Answer like an expert: ""Sir, the CLC cap is base",Explain civil liability in the context of the CLC and the Fund Convention — how do they work together for oil pollution compensation?
QB1_B#q5,/meoclass1/QB1_B.html#q5,Nair,True,False,True,False,SUPPORTED_ILLUSTRATIVE_CE_TIP,False,"h CSR entries. ISPS Code / Part A, Section 19 Verification requirements for ship certification that depend on valid CSR data. CE Oral Tip: Examiners like Capt. Nair often trap candidates by asking: ""If your ship changes flag tomorrow in the middle of the ocean, can you throw away the old CSR sheets?",What is a Continuous Synopsis Record (CSR) and what types/categories of CSR entries exist?
QB1_B#q7,/meoclass1/QB1_B.html#q7,Nair,True,True,True,False,SUPPORTED_ILLUSTRATIVE_CE_TIP,False,"13 Specific provisions allowing the Administration to entrust load line assignments to recognized technical bodies. CE Oral Tip: Kochi MMD examiners like Capt. Nair will ask: ""What is the difference between a Classification Society and an RO?"" Answer clearly: ""Sir, a Classification Society is a priv",What criteria must an organisation meet to become a Recognised Organisation (RO) under IMO/Flag State delegation?
QB1_B#q8,/meoclass1/QB1_B.html#q8,Rajappan,True,True,False,False,STRONG_CE_TIP_ASSERTION,False,"2014 Financial Security Mandatory P&I/financial insurance covering crew abandonment and contractual claims. CE Oral Tip: Kochi MMD surveyors (especially Capt. Rajappan/Simon) love to ask: ""Can a shipowner hire crew through an un-licensed manning office?"" Your answer: ""No, sir. Under MLC 2006 Regulat",How are MLC 2006 and RPSL (Recruitment and Placement Service Licence) related with respect to seafarer welfare and recruitment?
QB1_B#q21,/meoclass1/QB1_B.html#q21,Nair,True,True,True,False,SUPPORTED_ILLUSTRATIVE_CE_TIP,False,"n 4.3 Health and safety protection rules that incorporate the elimination of shipboard workplace harassment. CE Oral Tip: If an examiner like Capt. Rajappan or Nair asks: ""What is the IMO doing about gender equality, and how does it affect you as a Chief Engineer?"" Answer like a modern manager: ""Sir",What initiatives is IMO undertaking with respect to gender equality in the maritime industry?
QB1_C#q1,/meoclass1/QB1_C.html#q1,Nair,False,False,False,False,WEAK_INCIDENTAL_MENTION,False,"nd heavy weather rolling, water ingress quickly extinguished the remaining positive area under the GZ curve, leading to a rapid capsize. Examiner Chain Simon → Nair → Senthil. Simon starts with basic definitions (Reserve Buoyancy), Nair shifts to damage conditions (hole in the side hull, engine room",Reserve buoyancy and the GZ curve?
QB1_C#q1,/meoclass1/QB1_C.html#q1,Senthil,False,False,False,False,WEAK_INCIDENTAL_MENTION,False,"y weather rolling, water ingress quickly extinguished the remaining positive area under the GZ curve, leading to a rapid capsize. Examiner Chain Simon → Nair → Senthil. Simon starts with basic definitions (Reserve Buoyancy), Nair shifts to damage conditions (hole in the side hull, engine room floodi",Reserve buoyancy and the GZ curve?
QB1_C#q2,/meoclass1/QB1_C.html#q2,Nair,False,False,False,False,WEAK_INCIDENTAL_MENTION,False,"surface effects during the sequence left the vessel completely unable to resist dynamic wind forces, causing a massive list. Examiner Chain Simon → Rajappan → Nair. Simon establishes the fundamental physics (Static vs Dynamic), Rajappan links it to tanker cargo sloshing and free surface corrections ",Static vs dynamic stability?
QB1_C#q2,/meoclass1/QB1_C.html#q2,Rajappan,False,False,False,False,WEAK_INCIDENTAL_MENTION,False,"due to free surface effects during the sequence left the vessel completely unable to resist dynamic wind forces, causing a massive list. Examiner Chain Simon → Rajappan → Nair. Simon establishes the fundamental physics (Static vs Dynamic), Rajappan links it to tanker cargo sloshing and free surface ",Static vs dynamic stability?
QB1_C#q3,/meoclass1/QB1_C.html#q3,Nair,False,False,False,False,WEAK_INCIDENTAL_MENTION,False,"vely stiff condition. The severe acceleration forces sheared the cargo securing points during heavy weather, which caused a sudden list. Examiner Chain Simon → Nair → Senthil. Simon starts on the theoretical definitions of GM and stiffness. Nair shifts to the structural consequences (cracking in fra",Tender vs stiff ship — problems of excessive stiffness?
QB1_C#q3,/meoclass1/QB1_C.html#q3,Senthil,False,False,False,False,WEAK_INCIDENTAL_MENTION,False,"iff condition. The severe acceleration forces sheared the cargo securing points during heavy weather, which caused a sudden list. Examiner Chain Simon → Nair → Senthil. Simon starts on the theoretical definitions of GM and stiffness. Nair shifts to the structural consequences (cracking in frame brac",Tender vs stiff ship — problems of excessive stiffness?
QB1_C#q4,/meoclass1/QB1_C.html#q4,Simon,True,True,False,False,STRONG_CE_TIP_ASSERTION,False,"ns. Enhanced Survey Programme (ESP Code) Dictates close-up inspection of highly stressed brackets and knees in tankers and bulkers. CE Oral Tip (Kochi MMD): If Simon asks about knees, clearly sketch a basic triangular bracket connecting a horizontal deck beam to a vertical frame. Point to the open e",Structural knee — function and locations?
QB1_C#q4,/meoclass1/QB1_C.html#q4,Senthil,False,False,False,False,WEAK_INCIDENTAL_MENTION,False,"rom the inner bottom. Under severe dynamic wave loading, this caused sudden shell plating failure and catastrophic hold flooding. Examiner Chain Simon → Nair → Senthil. Simon establishes the identification and role of the structural knee. Nair shifts to the inspection and repair protocol (welding cr",Structural knee — function and locations?
QB1_C#q5,/meoclass1/QB1_C.html#q5,Simon,False,True,False,False,WEAK_INCIDENTAL_MENTION,False,lling period shifts. Modern electronic inclinometers now feed live dynamic roll logs to prevent these structural over-stresses. Examiner Chain Nair → Senthil → Simon. Nair asks about the sensor technology and regulatory mandate; Senthil demands to know how the Chief Engineer signs off on the quarter,Electronic inclinometers — SOLAS mandate?
QB1_C#q5,/meoclass1/QB1_C.html#q5,Senthil,False,True,False,False,WEAK_INCIDENTAL_MENTION,False,ametric rolling period shifts. Modern electronic inclinometers now feed live dynamic roll logs to prevent these structural over-stresses. Examiner Chain Nair → Senthil → Simon. Nair asks about the sensor technology and regulatory mandate; Senthil demands to know how the Chief Engineer signs off on t,Electronic inclinometers — SOLAS mandate?
QB1_C#q6,/meoclass1/QB1_C.html#q6,Nair,False,False,False,False,WEAK_INCIDENTAL_MENTION,False,"uctural fractures and failing to seek class attendance can lead to catastrophic, sudden hull failures under dynamic open-ocean stresses. Examiner Chain Simon → Nair → Srivastava. Simon tests the emergency stability and structural concepts; Nair focuses on the physical repair execution (scantling pre",Hull hole found — CE actions and Condition of Class?
QB1_C#q6,/meoclass1/QB1_C.html#q6,Srivastava,False,False,False,False,WEAK_INCIDENTAL_MENTION,False,"fractures and failing to seek class attendance can lead to catastrophic, sudden hull failures under dynamic open-ocean stresses. Examiner Chain Simon → Nair → Srivastava. Simon tests the emergency stability and structural concepts; Nair focuses on the physical repair execution (scantling preparation",Hull hole found — CE actions and Condition of Class?
QB1_C#q7,/meoclass1/QB1_C.html#q7,Simon,False,True,False,False,WEAK_INCIDENTAL_MENTION,False,"ction of structural buckling or deformation, combined with proper reporting, is the only barrier against catastrophic structural failure. Examiner Chain Nair → Simon → Srivastava. Nair triggers the question focused on tanker or bulker structural damage and reporting; Simon intercepts to ask how this",Structural damage — assessment and reporting?
QB1_C#q7,/meoclass1/QB1_C.html#q7,Srivastava,False,True,False,False,WEAK_INCIDENTAL_MENTION,False,"structural buckling or deformation, combined with proper reporting, is the only barrier against catastrophic structural failure. Examiner Chain Nair → Simon → Srivastava. Nair triggers the question focused on tanker or bulker structural damage and reporting; Simon intercepts to ask how this damage a",Structural damage — assessment and reporting?
QB1_F#q3,/meoclass1/QB1_F.html#q3,Simon,True,True,False,False,STRONG_CE_TIP_ASSERTION,False,"tion (International Convention for Safe Containers) Governs the container's own tare mass declared on the Safety Approval Plate, used in Method 2. CE Oral Tip (Simon): Kochi MMD Focus (Examiner Simon): Examiner Simon expects you to state clearly that the shipper — not the carrier — carries the VGM o","VGM (Verified Gross Mass) — who issues, who verifies, where it is mentioned, and the two methods of determination"
QB1_H#q2,/meoclass1/QB1_H.html#q2,Simon,True,False,False,False,SUPPORTED_CE_TIP_MENTION,False,"odical verification IMO Res. A.1118(30) Revised Guidelines on Implementation of the ISM Code IMO RO Code Requirements for Recognized Organisations CE Oral Tip: Simon and Nair both probe the NC/MNC distinction. Use the word ""downgrade"" precisely for how an MNC is cleared before sailing, and state bot",What is IACS Procedural Requirement (PR) 9 and how does it standardise ISM Code certification?
QB1_H#q3,/meoclass1/QB1_H.html#q3,Simon,True,True,False,False,STRONG_CE_TIP_ASSERTION,False,"LAS Chapter I General provisions — statutory basis UIs typically clarify IMO RO Code Framework for Recognized Organisations acting for Flag States CE Oral Tip: Simon wants three crisp, distinct definitions — never blended. Prepare exactly one example each: UR M (machinery), PR 9 (ISM audits), UI SC ","Differentiate between an IACS Unified Requirement (UR), Procedural Requirement (PR), and Unified Interpretation (UI)."
QB1_I#q1,/meoclass1/QB1_I.html#q1,Nair,True,False,False,False,SUPPORTED_CE_TIP_MENTION,False,"1 What is the ESP Code, in full? survey iacs Examiner: Nair 15-Second Answer The ESP Code is the International Code on the Enhanced Programme of Inspections during Surveys of Bulk Carriers and Oil Tankers, 2011 — IMO Res A.1049(27), mandatory under SOLAS","What is the ESP Code, in full?"
QB1_I#q2,/meoclass1/QB1_I.html#q2,Nair,True,False,False,False,SUPPORTED_CE_TIP_MENTION,False,"2 How will you register a second-hand ship acquisition in India? maritime law ship registration dgs order compliance Examiner: Nair 15-Second Answer Registering a second-hand vessel in India involves obtaining a Bill of Sale, securing an absolute release from the foreign registry, and ensuring the v",How will you register a second-hand ship acquisition in India?
QB1_I#q3,/meoclass1/QB1_I.html#q3,Simon,True,False,False,False,SUPPORTED_CE_TIP_MENTION,False,"3 Relation between DWT, NT, GT and lightweight — how are they related? naval architecture ship stability tonnage displacement Examiner: Simon 15-Second Answer Displacement represents the total weight of the ship, which is mathematically the sum of its Lightweight and Deadweight (DWT). Conversely, Gr","Relation between DWT, NT, GT and lightweight — how are they related?"
QB1_I#q4,/meoclass1/QB1_I.html#q4,Simon,True,False,False,False,SUPPORTED_CE_TIP_MENTION,False,4 Anniversary date of a certificate — how is it defined and used? certificates survey solas hssc Examiner: Simon 15-Second Answer The anniversary date is defined as the day and month of each year corresponding to the expiry date of the relevant permanent International Statutory Certificate. It estab,Anniversary date of a certificate — how is it defined and used?
QB1_I#q5,/meoclass1/QB1_I.html#q5,Nair,True,False,False,False,SUPPORTED_CE_TIP_MENTION,False,"5 Explain any renewal survey in detail as Chief Engineer. survey safety construction renewal compliance Examiner: Nair 15-Second Answer A renewal survey is a comprehensive statutory audit conducted every five years to verify that the vessel's hull, machinery, and critical safety systems fully comply",Explain any renewal survey in detail as Chief Engineer.
QB1_I#q6,/meoclass1/QB1_I.html#q6,Nair,True,False,False,False,SUPPORTED_CE_TIP_MENTION,False,6 IACS — what are its functions? class iacs international standards compliance Examiner: Nair 15-Second Answer The International Association of Classification Societies (IACS) acts as a technical advisory body that harmonizes the rules and standards established by its member societies. It,IACS — what are its functions?
QB1_supplementary#q4,/meoclass1/QB1_supplementary.html#q4,Paul,False,False,False,False,WEAK_INCIDENTAL_MENTION,False,"agement is an overdue or uncredited item surfacing as a PSC deficiency or class condition of class, not a specific named casualty. 🔗 Examiner Chain (Kochi MMD) Paul: CMS vs Special Survey → items you're authorised to credit → what's excluded → what's currently overdue on your ship. 🚢 On My Vessel (M",Explain the CMS (Continuous Machinery Survey) scope. What can the CE survey? What must class surveyors survey? What is NOT covered by CMS?
QB1_supplementary#q7,/meoclass1/QB1_supplementary.html#q7,Simon,False,False,False,False,WEAK_INCIDENTAL_MENTION,False,"ompliance/enforcement risk, not a safety-of-life one. 🔗 Examiner Chain (Kochi MMD) Nair: NTF purpose → Tier applicability → EIAPP cross-check → NECA operation. Simon: engine cycle data → what settings are locked → consequence of unauthorised adjustment. 🚢 On My Vessel (Maersk Container) Confirm your","NOx Technical File — what is it, what does it contain, and what does the surveyor check?"
QB1_supplementary#q8,/meoclass1/QB1_supplementary.html#q8,Senthil,False,False,False,False,WEAK_INCIDENTAL_MENTION,False,e) trace back directly to the systems SAFCON is designed to verify. 🔗 Examiner Chain (Kochi MMD) Nair: certificate name → issuing regulation → survey interval. Senthil: ER fire safety items → CO2 system checks → emergency shutdown testing. 🚢 On My Vessel (Maersk Container) Know the location and remo,What is a SAFCON (Safety Construction) Survey? What does the surveyor check in the engine room?
QB1_supplementary#q16,/meoclass1/QB1_supplementary.html#q16,Senthil,False,False,False,False,WEAK_INCIDENTAL_MENTION,False,"highlights why clear, accessible damage control information and closure status awareness are safety-critical, not administrative. 🔗 Examiner Chain (Kochi MMD) Senthil: where the plan is kept → response to a continuous cargo hold bilge alarm → cross-referencing the booklet for cross-flooding. 🚢 On My","Contents of the Damage Control Plan. What must it contain per SOLAS, and where must it be kept?"
QB1_supplementary#q19,/meoclass1/QB1_supplementary.html#q19,Simon,False,False,False,True,WEAK_COMPARATIVE_MENTION,False,ficiency indicator; its practical consequence is excess fuel consumption and engine overload risk rather than a specific casualty. 🔗 Examiner Chain (Kochi MMD) Simon: define pitch and slip mathematically → why zero slip is impossible in real water → link high slip to exhaust thermal limits and fuel ,What is Propeller Blade Pitch Ratio (P/D)? Effect on efficiency and what is positive slip?
QB1_supplementary#q20,/meoclass1/QB1_supplementary.html#q20,Paul,False,False,False,True,WEAK_COMPARATIVE_MENTION,False,"il shaft survey is undetected fatigue cracking, which risks catastrophic shaft failure at sea rather than a single named incident. 🔗 Examiner Chain (Kochi MMD) Paul: poker gauge reading procedure → wear-down checks → action if the aft seal leaks oil to sea → requirements for an extended condition-mo","Tail Shaft Survey — what is it, when is it due, and what is the complete procedure?"
QB2_A#q1,/meoclass1/QB2_A.html#q1,Nair,True,False,False,True,WEAK_COMPARATIVE_MENTION,False,"e of Cargo), aligned with DGMA circulars. Inspection Standards ISO 1496 Series (Series 1 freight containers — Specification and testing). CE Oral Tip: Examiner Nair frequently jumps from the CSC plate directly to the distinction between ACEP and PES. Do not confuse the two. Clearly state that ACEP d","CSC Convention — what it covers, container testing, approval methods, certification, and how reefer container testing differs."
QB2_A#q2,/meoclass1/QB2_A.html#q2,Nair,False,False,False,False,WEAK_INCIDENTAL_MENTION,False,"ations due to systemic container weight misdeclarations, where actual weights exceeded the manifest by up to 50 tonnes across individual bays. 🔗 Examiner Chain Nair/Simon follow this track: Who signs the VGM? → Can the ship weigh it? → What happens to the lashing calculations if the bottom container","VGM — who is responsible, two certified methods, CE's verification duties, master's authority to reject, and dangers of misdeclaration."
QB2_A#q2,/meoclass1/QB2_A.html#q2,Rajappan,True,True,False,False,STRONG_CE_TIP_ASSERTION,False,"hipping Notice on VGM compliance metrics. Port State Control Hard target parameter during structural and administrative safety audits. CE Oral Tip: If Examiner Rajappan asks: ""The terminal scale shows a weight 2 tonnes heavier than the shipper's signed Method 2 VGM document. Which one do you use?"" A","VGM — who is responsible, two certified methods, CE's verification duties, master's authority to reject, and dangers of misdeclaration."
QB2_A#q3,/meoclass1/QB2_A.html#q3,Rajappan,False,False,False,False,WEAK_INCIDENTAL_MENTION,False,"rner posts collapsed due to undetected localized corrosion, which reduced their original 6 mm thickness profile below safety thresholds. 🔗 Examiner Chain Simon/Rajappan trend: Corten material mechanics → Wall thicknesses → Structural repair limits → Hot work safety certificates inside container hold","Container material — why Corten steel, key properties, wall thickness by component, and why corrugation is used."
QB2_A#q4,/meoclass1/QB2_A.html#q4,Simon,True,True,False,False,STRONG_CE_TIP_ASSERTION,False,"omated manifest exchange). WCO Framework World Customs Organization SAFE Framework of Standards to secure and facilitate global trade. CE Oral Tip: If Examiner Simon asks you: ""What is the practical purpose of the Check Digit, and how does it affect you as Chief Engineer?"" state clearly: The check d","Container tracking — who tracks them, for what purpose, and what technology is used including ISO 6346."
QB2_A#q4,/meoclass1/QB2_A.html#q4,Senthil,False,False,False,False,WEAK_INCIDENTAL_MENTION,False,"fraudulent container cloning allowed undeclared hazardous materials to bypass customs, resulting in subsequent shipboard hold explosions. 🔗 Examiner Chain Nair/Senthil usually follow this track: Explain ISO 6346 → What does 'U' stand for? → How does a terminal track container positions? → How do sma","Container tracking — who tracks them, for what purpose, and what technology is used including ISO 6346."
QB2_A#q5,/meoclass1/QB2_A.html#q5,Simon,False,False,False,False,WEAK_INCIDENTAL_MENTION,False,"equiring extensive shipboard engineering stabilization, hold bilge monitoring, and structural evaluations before arriving at a safe port. 🔗 Examiner Chain Nair/Simon follow this line: Container falls overboard → Action as CE → Trap: Pumping ballast for list → Punctured fuel tank vent actions → Seawa",Container lost at sea — what are all your actions as Chief Engineer?
QB2_A#q5,/meoclass1/QB2_A.html#q5,Senthil,True,True,False,False,STRONG_CE_TIP_ASSERTION,False,"datory reporting systems for lost containers. ISM Code Section 8 (Emergency Preparedness guidelines and mandatory safety checklists). CE Oral Tip: When Nair or Senthil asks about a container loss, ensure you emphasize checking MARPOL Annex III items . You must demonstrate the awareness that if any o",Container lost at sea — what are all your actions as Chief Engineer?
QB2_A#q6,/meoclass1/QB2_A.html#q6,Nair,False,False,False,False,WEAK_INCIDENTAL_MENTION,False,"f traditional shipboard firefighting equipment, directly accelerating the IMO's implementation of water lances and enhanced monitor standards. 🔗 Examiner Chain Nair/Senthil follow this track: What are the latest SOLAS updates for containers? → Detail the lost container reporting rules → How do you t",Recent container vessel safety developments — latest SOLAS amendments and IMO guidance.
QB2_A#q7,/meoclass1/QB2_A.html#q7,Nair,True,False,False,False,SUPPORTED_CE_TIP_MENTION,False,um battery fires). Emergency Schedules EmS Fire Schedule F-A (General Fire Schedule) and Spill Schedule S-I (Flammable Toxic Substances). CE Oral Tip: Examiner Nair often focuses on the toxicity of the smoke during Class 9 battery incidents. Always state that your engineering team preparing to assis,Li-ion battery fire on a container vessel — thermal runaway mechanism and CE's actions.
QB2_A#q7,/meoclass1/QB2_A.html#q7,Simon,False,False,False,False,WEAK_INCIDENTAL_MENTION,False,"exacerbated by numerous electric vehicles undergoing thermal runaway, ultimately leading to the total loss and sinking of the vessel. 🔗 Examiner Chain Senthil/Simon follow this sequence: Define thermal runaway → Why doesn't CO2 work? → Actions for hold ventilation → Managing stability and bilge wate",Li-ion battery fire on a container vessel — thermal runaway mechanism and CE's actions.
QB2_A#q7,/meoclass1/QB2_A.html#q7,Senthil,False,False,False,False,WEAK_INCIDENTAL_MENTION,False,"rgo fire exacerbated by numerous electric vehicles undergoing thermal runaway, ultimately leading to the total loss and sinking of the vessel. 🔗 Examiner Chain Senthil/Simon follow this sequence: Define thermal runaway → Why doesn't CO2 work? → Actions for hold ventilation → Managing stability and b",Li-ion battery fire on a container vessel — thermal runaway mechanism and CE's actions.
QB2_A#q8,/meoclass1/QB2_A.html#q8,Nair,False,False,False,False,WEAK_INCIDENTAL_MENTION,False,"s, resulting in a prolonged, multi-day firefighting operation that highlighted the extreme difficulty of tackling large-scale container fires. 🔗 Examiner Chain Nair/Rajappan follow this sequence: What causes deck fires? → Explain EmS breakdown → How do you handle a fire in a container stacked 5-high","Container deck fire — major reasons, EmS structure, and firefighting procedure."
QB2_A#q8,/meoclass1/QB2_A.html#q8,Simon,True,True,False,False,STRONG_CE_TIP_ASSERTION,False,"International Code for Fire Safety Systems (FSS Code). Safety Matrix Shipboard Fire Control Plan approved by Classification Societies. CE Oral Tip: If Examiner Simon asks: ""You have a deck fire on a container whose manifest is missing, and you cannot find its EmS code. What is your default firefight","Container deck fire — major reasons, EmS structure, and firefighting procedure."
QB2_A#q9,/meoclass1/QB2_A.html#q9,Simon,False,False,False,False,WEAK_INCIDENTAL_MENTION,False,"stowed inside a cargo hold, resulting in extensive structural hull damage and demonstrating the danger of inaccurate IMDG documentation. 🔗 Examiner Chain Nair/Simon follow this track: What is the legal structure of the IMDG Code? → Differentiate between 'Away From' and 'Separated From' → What is the","IMDG Code — documents, certificates, marking, labelling, UN numbers, segregation codes, and latest amendments."
QB2_A#q9,/meoclass1/QB2_A.html#q9,Senthil,True,True,False,False,STRONG_CE_TIP_ASSERTION,False,"nnial amendment cycles. National Enforcement Merchant Shipping (Carriage of Dangerous Goods) Rules, monitored by Port State Control. CE Oral Tip: When Examiner Senthil asks about the latest updates to the IMDG Code, emphasize that amendments follow a strict biennial cycle . Every even-numbered year ","IMDG Code — documents, certificates, marking, labelling, UN numbers, segregation codes, and latest amendments."
QB2_A#q10,/meoclass1/QB2_A.html#q10,Nair,True,True,False,False,STRONG_CE_TIP_ASSERTION,False,"ading and Unloading of Bulk Carriers (BLU Code). Structural Standard SOLAS Chapter XII (Additional safety measures for bulk carriers). CE Oral Tip: If Examiner Nair asks you: ""The shipper provides a moisture certificate that is 10 days old, but the cargo looks completely dry on the jetty. Will you l","IMSBC Code — BLU Code, Group A/B/C classification, TML and Moisture Certificate, codes applicable to bulk carriers."
QB2_A#q11,/meoclass1/QB2_A.html#q11,Nair,False,False,False,False,WEAK_INCIDENTAL_MENTION,False,"ability degradation under severe weather, highlighting the necessity of strict compliance with grain loading codes and hull stress monitoring. 🔗 Examiner Chain Nair/Simon follow this track: Explain the grain void phenomenon → State the 3 stability rules → What is a Document of Authorisation? → How d","Grain Code — intact stability criteria, grain heeling moment mechanism, and Document of Authorisation."
QB2_A#q12,/meoclass1/QB2_A.html#q12,Nair,False,False,False,False,WEAK_INCIDENTAL_MENTION,False,ull failure and capsized in the South Atlantic due to catastrophic hull girder buckling under intense hydrodynamic and cargo loading stresses. 🔗 Examiner Chain Nair/Simon follow this line: Define high-density cargo thresholds → Differentiate local vs. global hull stress → Explain why alternate hold ,"High density cargo in IMSBC — definition, restriction criteria, and local vs global structural strength."
QB2_A#q12,/meoclass1/QB2_A.html#q12,Rajappan,True,True,False,False,STRONG_CE_TIP_ASSERTION,False,"S Common Structural Rules (CSR) for Bulk Carriers. Stability Interface Mandatory Loadicator verification under Class monitoring rules. CE Oral Tip: If Examiner Rajappan asks: ""How do you physically verify the density of a bulk cargo if you suspect the shipper's declaration is incorrect?"" Explain the","High density cargo in IMSBC — definition, restriction criteria, and local vs global structural strength."
QB2_A#q13,/meoclass1/QB2_A.html#q13,Nair,True,False,False,False,SUPPORTED_CE_TIP_MENTION,False,"rovisions for ships certified with Timber Load Lines). IMSBC Reference Definition boundaries for cohesive vs. non-cohesive bulk matrices. CE Oral Tip: Examiner Nair frequently tests candidates by asking: ""If a vessel carrying a heavy deck cargo of logs develops a persistent list mid-voyage due to wa",Cohesive cargo — definition. Can you carry logs in a bulk carrier and what are the precautions?
QB2_A#q13,/meoclass1/QB2_A.html#q13,Senthil,False,False,False,False,WEAK_INCIDENTAL_MENTION,False,"napped during heavy weather, allowing the shifting log stacks to break side stanchions and pull the vessel past its down-flooding angle. 🔗 Examiner Chain Simon/Senthil follow this track: Define cohesive bulk materials → Transition to timber cargo risks → Explain the 15% water absorption calculation ",Cohesive cargo — definition. Can you carry logs in a bulk carrier and what are the precautions?
QB2_A#q14,/meoclass1/QB2_A.html#q14,Nair,False,False,False,True,WEAK_COMPARATIVE_MENTION,False,"spills into coastal waters during low-speed impacts, whereas older single-skin configurations caused catastrophic local environmental damage. 🔗 Examiner Chain Nair/Rajappan follow this sequence: Explain IBC Code ship types → Detail the contents of Chapter 17 → Differentiate IBC from BCH → Review the","IBC Code — Chapters 17/18/19, ship types 1/2/3, and difference from BCH Code."
QB2_A#q14,/meoclass1/QB2_A.html#q14,Rajappan,False,False,False,True,WEAK_COMPARATIVE_MENTION,False,"ls into coastal waters during low-speed impacts, whereas older single-skin configurations caused catastrophic local environmental damage. 🔗 Examiner Chain Nair/Rajappan follow this sequence: Explain IBC Code ship types → Detail the contents of Chapter 17 → Differentiate IBC from BCH → Review the eng","IBC Code — Chapters 17/18/19, ship types 1/2/3, and difference from BCH Code."
QB2_A#q15,/meoclass1/QB2_A.html#q15,Nair,False,False,False,False,WEAK_INCIDENTAL_MENTION,False,ions with updated listings on the ICOF attachment remains a leading cause of immediate commercial vessel detentions in major industrial ports. 🔗 Examiner Chain Nair/Simon follow this track: What is the full name of ICOF? → Detail its survey cycle under HSSC → What happens if you miss an annual surve,"ICOF — full name, who issues, contents, validity, and survey cycle."
QB2_A#q16,/meoclass1/QB2_A.html#q16,Nair,True,True,False,False,STRONG_CE_TIP_ASSERTION,False,"15 (Cargo Record Book entry criteria). Port State Control Hard baseline document verified against live cargo pump-room piping arrays. CE Oral Tip: If Examiner Nair asks you: ""The P&A Manual says a specific tank must have less than 75 liters of residue left after stripping, but your physical sounding","P&A Manual — purpose, who provides it, and what are its contents?"
QB2_A#q16,/meoclass1/QB2_A.html#q16,Senthil,False,False,False,False,WEAK_INCIDENTAL_MENTION,False,ing operations were executed using durations or temperatures that deviated from the minimum parameters set out in the ship's P&A Manual. 🔗 Examiner Chain Simon/Senthil follow this track: What is the purpose of the P&A Manual? → Who approves it? → Link to the Cargo Record Book entries → Engineering m,"P&A Manual — purpose, who provides it, and what are its contents?"
QB2_A#q17,/meoclass1/QB2_A.html#q17,Nair,False,False,False,False,WEAK_INCIDENTAL_MENTION,False,ers who attempted to bypass the underwater discharge system by pumping chemical or oil residues through deck-level fire lines while at anchor. 🔗 Examiner Chain Nair/Rajappan follow this sequence: Why does MARPOL Annex II use L/NM instead of ppm? → What is the minimum speed required? → Explain how UN,"Chemical tanker discharge control — why 50 NM in special areas, why instantaneous rate (not ppm), and UNCLOS link."
QB2_A#q17,/meoclass1/QB2_A.html#q17,Rajappan,False,False,False,False,WEAK_INCIDENTAL_MENTION,False,ho attempted to bypass the underwater discharge system by pumping chemical or oil residues through deck-level fire lines while at anchor. 🔗 Examiner Chain Nair/Rajappan follow this sequence: Why does MARPOL Annex II use L/NM instead of ppm? → What is the minimum speed required? → Explain how UNCLOS ,"Chemical tanker discharge control — why 50 NM in special areas, why instantaneous rate (not ppm), and UNCLOS link."
QB2_A#q18,/meoclass1/QB2_A.html#q18,Nair,False,False,False,False,WEAK_INCIDENTAL_MENTION,False,ns entered in the Cargo Record Book and the actual steam or water volumetric totals logged in the engine room's boiler and flow meter records. 🔗 Examiner Chain Nair/Simon follow this track: What is a Category X cargo? → Walk through the mandatory port pre-wash sequence → State the maximum allowed ef,Type 1 chemical tanker — tank washing and discharge criteria for Category X cargo.
QB2_A#q18,/meoclass1/QB2_A.html#q18,Senthil,True,True,False,False,STRONG_CE_TIP_ASSERTION,False,"ntries verified by an independent authorized surveyor. Enforcement Body Port State Control and local Coast Guard environmental divisions. CE Oral Tip: Examiner Senthil often asks: ""Who pays for and verifies the Category X concentration test at the discharge berth?"" Your response must show an underst",Type 1 chemical tanker — tank washing and discharge criteria for Category X cargo.
QB2_A#q19,/meoclass1/QB2_A.html#q19,Nair,True,False,False,False,SUPPORTED_CE_TIP_MENTION,False,"odifications alter the ship's internal volume profiles. Enforcement Interface Port State Control tonnage validation under flag protocols. CE Oral Tip: Examiner Nair often presents this trick scenario: ""You add a new enclosed deck storage locker on top of the accommodation block. Does this change you","GT and NT — how are they calculated, why is GT always bigger, and what dues are based on each?"
QB2_A#q20,/meoclass1/QB2_A.html#q20,Nair,False,False,False,False,WEAK_INCIDENTAL_MENTION,False,"ered extreme parametric rolling, resulting in the loss of over 400 containers and catastrophic structural damage to the remaining deck stacks. 🔗 Examiner Chain Nair/Senthil follow this sequence: Define parametric rolling → Explain the waterplane variation mechanism → Why are container ships vulnerab","Parametric rolling — cause, mechanism, why container ships are susceptible, cargo consequences, and CE's correction."
QB2_A#q20,/meoclass1/QB2_A.html#q20,Senthil,False,False,False,False,WEAK_INCIDENTAL_MENTION,False,"extreme parametric rolling, resulting in the loss of over 400 containers and catastrophic structural damage to the remaining deck stacks. 🔗 Examiner Chain Nair/Senthil follow this sequence: Define parametric rolling → Explain the waterplane variation mechanism → Why are container ships vulnerable? →","Parametric rolling — cause, mechanism, why container ships are susceptible, cargo consequences, and CE's correction."
QB2_A#q21,/meoclass1/QB2_A.html#q21,Nair,False,False,False,False,WEAK_INCIDENTAL_MENTION,False,"nisms allowed water to overwhelm the weathertight car deck doors, leading to rapid accumulation of water and a catastrophic loss of stability. 🔗 Examiner Chain Nair/Simon follow this track: Define watertight vs. weathertight → State the technical hose test parameters → Explain how ultrasonic testing","Watertight vs weathertight — definitions, differences, and test methods."
QB2_A#q21,/meoclass1/QB2_A.html#q21,Rajappan,True,False,False,False,SUPPORTED_CE_TIP_MENTION,False,"g procedures for watertight structures). Safety Ledger Standard Log Book records capturing routine inspections of watertight closures. CE Oral Tip: If Examiner Rajappan traps you by asking: ""Can you use a standard weathertight cargo hatch cover as a watertight division if you add extra heavy turnbuc","Watertight vs weathertight — definitions, differences, and test methods."
QB2_A#q22,/meoclass1/QB2_A.html#q22,Nair,True,True,False,False,STRONG_CE_TIP_ASSERTION,False,"k IACS Common Structural Rules (CSR) for Bulk Carriers and Oil Tankers. Auditing Authority Maritime Safety Committee (MSC) of the IMO. CE Oral Tip: If Examiner Nair asks you: ""What is the standard design life of a vessel under the GBS definition?"" Your answer must be exactly 25 years. Emphasize that","GBS — Goal-Based Ship Construction Standards. What is it, five-tier structure, and which ships does it apply to?"
QB2_A#q23,/meoclass1/QB2_A.html#q23,Nair,False,False,False,False,WEAK_INCIDENTAL_MENTION,False,"chemical solvents without verifying that the cargo temperature limits exceeded the maximum threshold allowed by the tank coating manufacturer. 🔗 Examiner Chain Nair/Senthil follow this line: Charterer brings a new chemical, what are your steps? → Trap: Commercial trade names vs. shipping names → Rev","As CE, a charterer proposes a new chemical cargo — how do you confirm ship suitability?"
QB2_A#q24,/meoclass1/QB2_A.html#q24,Nair,False,False,False,False,WEAK_INCIDENTAL_MENTION,False,"nclinometers left no data logs, or their pendulum needles swung erratically due to centrifugal forces during the final moments of an accident. 🔗 Examiner Chain Nair/Simon follow this track: What is a digital inclinometer? → Explain MEMS technology → Differentiate it from traditional pendulums → Iden","Digital inclinometer — requirements, purpose, MEMS technology, and what makes it different from traditional inclinometers."
QB2_A#q24,/meoclass1/QB2_A.html#q24,Rajappan,True,True,False,False,STRONG_CE_TIP_ASSERTION,False,"s for marine navigation and radio equipment). Class Notation Monitored and approved under centralized automation and navigation rules. CE Oral Tip: If Examiner Rajappan asks you: ""What happens to your digital inclinometer display during a complete vessel blackout, and how does it impact safety loggi","Digital inclinometer — requirements, purpose, MEMS technology, and what makes it different from traditional inclinometers."
QB2_A#q25,/meoclass1/QB2_A.html#q25,Nair,True,True,False,False,STRONG_CE_TIP_ASSERTION,False,"ags identifying persistent floating profiles). Associated Ledger Cargo Record Book entries validated by Port State Control inspectors. CE Oral Tip: If Examiner Nair asks you: ""Does a standard shipment of palm oil carried on a Type 2 chemical tanker require a mandatory pre-wash if you are discharging","Persistent floater — definition, GESAMP criteria, MARPOL significance."
QB2_A#q26,/meoclass1/QB2_A.html#q26,Nair,False,False,False,False,WEAK_INCIDENTAL_MENTION,False,"led to tighten the deck lashings daily, allowing the timber stack to loosen, absorb excessive water, and slide laterally during heavy weather. 🔗 Examiner Chain Nair/Rajappan follow this sequence: Explain Timber Load Line benefits → Detail the 15% weight gain factor → What is the minimum allowed GM u","Timber/log deck cargo — load line requirements, weight gain during voyage, and CE's stability and securing actions."
QB2_A#q26,/meoclass1/QB2_A.html#q26,Rajappan,False,False,False,False,WEAK_INCIDENTAL_MENTION,False,"o tighten the deck lashings daily, allowing the timber stack to loosen, absorb excessive water, and slide laterally during heavy weather. 🔗 Examiner Chain Nair/Rajappan follow this sequence: Explain Timber Load Line benefits → Detail the 15% weight gain factor → What is the minimum allowed GM under ","Timber/log deck cargo — load line requirements, weight gain during voyage, and CE's stability and securing actions."
QB2_A#q27,/meoclass1/QB2_A.html#q27,Nair,True,False,False,False,SUPPORTED_CE_TIP_MENTION,False,"ion validation) & Regulation 3 (Oxygen depletion controls). Stability Standard International Code on Intact Stability, 2008 (IS Code). CE Oral Tip: If Examiner Nair traps you with this question: ""You are carrying a Group A cargo of iron ore fines, and you notice a layer of fluid water settling on to","Compare the failure mechanisms of liquefaction, cohesive cargo collapse, and grain shift — risk and control for each."
QB2_A#q28,/meoclass1/QB2_A.html#q28,Nair,True,True,False,False,STRONG_CE_TIP_ASSERTION,False,"nd gas tracking) & Chapter XII (Bulk carrier structural rules). Safety Standard 2008 International Code on Intact Stability (IS Code). CE Oral Tip: If Examiner Nair asks you: ""You are carrying a coal cargo and notice the carbon monoxide (CO) levels are rising steadily inside Hold 3, but the deck off","Ore, coal and grain — what is the Chief Engineer's primary technical concern for each, and why do they differ?"
QB2_A#q29,/meoclass1/QB2_A.html#q29,Nair,False,False,False,False,WEAK_INCIDENTAL_MENTION,False,"because the terminal deviated from the agreed loading plan, overloading an individual hold while the ship's ballast operations lagged behind. 🔗 Examiner Chain Nair/Senthil follow this track: Define the relationship between the BLU Code and the IMSBC Code → Walk through the Ship-Shore Checklist requi","How do the BLU Code, IMSBC Code, and the loadicator work together during bulk cargo loading?"
QB2_A#q30,/meoclass1/QB2_A.html#q30,Nair,True,True,False,False,STRONG_CE_TIP_ASSERTION,False,"otection IMO Resolution A.443(XI) (Ensuring technical and operational staff can exercise independent safety judgements). CE Oral Tip: When the Kochi MMD panel (Nair, Simon, Senthil, or Rajappan) asks you about your ""red lines,"" use confident, professional language and cite specific international reg","As Chief Engineer, what are your ""red lines"" — situations where you will not proceed with loading or carriage regardless of commercial pressure?"
QB2_A#q30,/meoclass1/QB2_A.html#q30,Rajappan,True,True,False,False,STRONG_CE_TIP_ASSERTION,False,".443(XI) (Ensuring technical and operational staff can exercise independent safety judgements). CE Oral Tip: When the Kochi MMD panel (Nair, Simon, Senthil, or Rajappan) asks you about your ""red lines,"" use confident, professional language and cite specific international regulations. Examiners want ","As Chief Engineer, what are your ""red lines"" — situations where you will not proceed with loading or carriage regardless of commercial pressure?"
QB2_B#q1,/meoclass1/QB2_B.html#q1,Simon,False,False,False,False,WEAK_INCIDENTAL_MENTION,False,"prevented correct EmS reference, leading to incorrect firefighting medium application and subsequent catastrophic total loss. 🔗 Examiner Chain Nair → Senthil → Simon. (Shifts from basic documentation names straight into structural requirements and specific fire-schedule codes). 🚢 On My Vessel (Maers",What documents and certificates are required when carrying IMDG cargo? Where do you find firefighting details for IMDG cargo?
QB2_B#q1,/meoclass1/QB2_B.html#q1,Senthil,False,False,False,False,WEAK_INCIDENTAL_MENTION,False,"DG cargo prevented correct EmS reference, leading to incorrect firefighting medium application and subsequent catastrophic total loss. 🔗 Examiner Chain Nair → Senthil → Simon. (Shifts from basic documentation names straight into structural requirements and specific fire-schedule codes). 🚢 On My Vess",What documents and certificates are required when carrying IMDG cargo? Where do you find firefighting details for IMDG cargo?
QB2_B#q4,/meoclass1/QB2_B.html#q4,Simon,False,False,False,False,WEAK_INCIDENTAL_MENTION,False,ld explosions resulting from storing Class 3 flammable liquids near uninsulated structural heat boundaries or hot fuel tanks. 🔗 Examiner Chain Nair → Senthil → Simon. (Shifts from sorting codes directly into mechanical segregation rules on board). 🚢 On My Vessel (Maersk) Integrated into cargo planni,"Give an overview of the IMDG Code — its structure, classes, and key features."
QB2_B#q4,/meoclass1/QB2_B.html#q4,Senthil,False,False,False,False,WEAK_INCIDENTAL_MENTION,False,l cargo hold explosions resulting from storing Class 3 flammable liquids near uninsulated structural heat boundaries or hot fuel tanks. 🔗 Examiner Chain Nair → Senthil → Simon. (Shifts from sorting codes directly into mechanical segregation rules on board). 🚢 On My Vessel (Maersk) Integrated into ca,"Give an overview of the IMDG Code — its structure, classes, and key features."
QB2_B#q5,/meoclass1/QB2_B.html#q5,Simon,False,False,False,False,WEAK_INCIDENTAL_MENTION,False,"d pool chemicals or charcoal caught fire, tricking the crew into using inadequate or incorrect initial firefighting measures. 🔗 Examiner Chain Senthil → Nair → Simon. (Transitions from an unstructured local casualty scenario into formal stability and structural questions). 🚢 On My Vessel (Maersk) Dr","A container is found to be wrongly labelled and catches fire. What actions do you take, and how do you fight the fire? Reference the Wan Hai vessel fire incident off Cochin."
QB2_B#q5,/meoclass1/QB2_B.html#q5,Senthil,False,False,False,False,WEAK_INCIDENTAL_MENTION,False,"s where undeclared pool chemicals or charcoal caught fire, tricking the crew into using inadequate or incorrect initial firefighting measures. 🔗 Examiner Chain Senthil → Nair → Simon. (Transitions from an unstructured local casualty scenario into formal stability and structural questions). 🚢 On My V","A container is found to be wrongly labelled and catches fire. What actions do you take, and how do you fight the fire? Reference the Wan Hai vessel fire incident off Cochin."
QB2_B#q8,/meoclass1/QB2_B.html#q8,Simon,False,False,False,False,WEAK_INCIDENTAL_MENTION,False,"zinc-dust or magnesium-based chemical container, triggering a massive hydrogen explosion that tore through the deck plating. 🔗 Examiner Chain Senthil → Nair → Simon. (Shifts from initial manifest tracking to chemical property analysis, then directly into engineering systems management). 🚢 On My Vess","When a container fire occurs, how do you use the UN number to identify cargo-specific hazard symptoms, and how does this affect your firefighting approach?"
QB2_B#q8,/meoclass1/QB2_B.html#q8,Senthil,False,False,False,False,WEAK_INCIDENTAL_MENTION,False,"apply water to a zinc-dust or magnesium-based chemical container, triggering a massive hydrogen explosion that tore through the deck plating. 🔗 Examiner Chain Senthil → Nair → Simon. (Shifts from initial manifest tracking to chemical property analysis, then directly into engineering systems manageme","When a container fire occurs, how do you use the UN number to identify cargo-specific hazard symptoms, and how does this affect your firefighting approach?"
QB2_B#q15,/meoclass1/QB2_B.html#q15,Simon,False,False,False,False,WEAK_INCIDENTAL_MENTION,False,"fines, where cargo fluidization led to a sudden shift that capsized the ship before the crew could broadcast a distress call. 🔗 Examiner Chain Senthil → Nair → Simon. (Progresses from basic group sorting to moisture control details, then into hold bilge and ventilation systems). 🚢 On My Vessel (Maer","Give a full overview of the IMSBC Code — scope, cargo categories (A, B, C), schedule format, and key CE responsibilities."
QB2_B#q15,/meoclass1/QB2_B.html#q15,Senthil,False,False,False,False,WEAK_INCIDENTAL_MENTION,False,"l ore or bauxite fines, where cargo fluidization led to a sudden shift that capsized the ship before the crew could broadcast a distress call. 🔗 Examiner Chain Senthil → Nair → Simon. (Progresses from basic group sorting to moisture control details, then into hold bilge and ventilation systems). 🚢 O","Give a full overview of the IMSBC Code — scope, cargo categories (A, B, C), schedule format, and key CE responsibilities."
QB2_B#q2,/meoclass1/QB2_B.html#q2,Simon,False,False,False,False,WEAK_INCIDENTAL_MENTION,False,"collapses at sea caused by structural failure of unmaintained turnbuckles or unauthorized deviation from the CSM loading envelope. 🔗 Examiner Chain Rajappan → Simon → Nair. (Progresses from physical components to regulatory rules, then straight into safety-at-work compliance). 🚢 On My Vessel (Maersk","What are the requirements for a container securing arrangement, and what is a Safe Access Plan on a container ship?"
QB2_B#q2,/meoclass1/QB2_B.html#q2,Rajappan,False,False,False,False,WEAK_INCIDENTAL_MENTION,False,"ainer stack collapses at sea caused by structural failure of unmaintained turnbuckles or unauthorized deviation from the CSM loading envelope. 🔗 Examiner Chain Rajappan → Simon → Nair. (Progresses from physical components to regulatory rules, then straight into safety-at-work compliance). 🚢 On My Ve","What are the requirements for a container securing arrangement, and what is a Safe Access Plan on a container ship?"
QB2_B#q7,/meoclass1/QB2_B.html#q7,Simon,False,False,False,False,WEAK_INCIDENTAL_MENTION,False,"ntainer led to chemical explosions, complicating insurance fault allocation between the physical ship operator and the space charterer. 🔗 Examiner Chain Nair → Simon → Senthil. (Moves from business concepts into technical hull maintenance and operational cargo care). 🚢 On My Vessel (Maersk) Executed","Explain the container shipping operational model: what is the difference between Liner, NVOCC, and VOCC, and what are the advantages/disadvantages of each?"
QB2_B#q7,/meoclass1/QB2_B.html#q7,Senthil,False,False,False,False,WEAK_INCIDENTAL_MENTION,False,"led to chemical explosions, complicating insurance fault allocation between the physical ship operator and the space charterer. 🔗 Examiner Chain Nair → Simon → Senthil. (Moves from business concepts into technical hull maintenance and operational cargo care). 🚢 On My Vessel (Maersk) Executed via str","Explain the container shipping operational model: what is the difference between Liner, NVOCC, and VOCC, and what are the advantages/disadvantages of each?"
QB2_B#q11,/meoclass1/QB2_B.html#q11,Senthil,False,False,False,False,WEAK_INCIDENTAL_MENTION,False,"percentage of containers on board significantly exceeded their declared manifest weights, driving the development of the VGM mandate. 🔗 Examiner Chain Simon → Senthil → Nair. (Transitions from basic weight calculations to technical stability impacts and Master's legal authority). 🚢 On My Vessel (Mae","What is the Verified Gross Mass (VGM) of a container? What information must it contain, how do you ensure the VGM is correct, and who is responsible for declaring and deciding the container weight?"
QB2_B#q12,/meoclass1/QB2_B.html#q12,Nair,False,False,False,False,WEAK_INCIDENTAL_MENTION,False,"reduce their measured tonnage below safety thresholds, leading to the creation of the standardized 1969 convention to close layout loopholes. 🔗 Examiner Chain Nair → Simon → Rajappan. (Moves from mathematical formula structures to practical canal toll rules and official surveyor validation steps). 🚢",How are Gross Tonnage (GT) and Net Tonnage (NT) calculated for a container ship?
QB2_B#q12,/meoclass1/QB2_B.html#q12,Rajappan,False,False,False,False,WEAK_INCIDENTAL_MENTION,False,"easured tonnage below safety thresholds, leading to the creation of the standardized 1969 convention to close layout loopholes. 🔗 Examiner Chain Nair → Simon → Rajappan. (Moves from mathematical formula structures to practical canal toll rules and official surveyor validation steps). 🚢 On My Vessel ",How are Gross Tonnage (GT) and Net Tonnage (NT) calculated for a container ship?
QB2_B#q16,/meoclass1/QB2_B.html#q16,Nair,False,False,False,False,WEAK_INCIDENTAL_MENTION,False,"castings fractured under stacking loads at sea, causing progressive column collapses that damaged adjacent reefers and hull frames. 🔗 Examiner Chain Senthil → Nair → Simon. (Shifts from specific industrial test methods straight into structural cargo care and damage control stability vectors). 🚢 On M",What are the container test procedures? Do not limit the answer to the one-door-off test — describe the full range of structural and leakage tests carried out on containers.
QB2_B#q16,/meoclass1/QB2_B.html#q16,Simon,False,False,False,False,WEAK_INCIDENTAL_MENTION,False,"gs fractured under stacking loads at sea, causing progressive column collapses that damaged adjacent reefers and hull frames. 🔗 Examiner Chain Senthil → Nair → Simon. (Shifts from specific industrial test methods straight into structural cargo care and damage control stability vectors). 🚢 On My Vess",What are the container test procedures? Do not limit the answer to the one-door-off test — describe the full range of structural and leakage tests carried out on containers.
QB2_B#q10,/meoclass1/QB2_B.html#q10,Simon,False,True,False,False,WEAK_INCIDENTAL_MENTION,False,"manually for hours against high-stack container fires, leading to the regulatory development of hands-free portable monitors. 🔗 Examiner Chain Nair → Senthil → Simon. (Shifts from specific regulation dates to pump capacity calculations and safety configurations). 🚢 On My Vessel (Maersk) Included in ","What are the latest SOLAS amendments regarding safety on container ships, specifically relating to portable water monitors — how many are required, on what basis is the number determined, and is a portable water monitor used for firefighting?"
QB2_B#q10,/meoclass1/QB2_B.html#q10,Senthil,False,True,False,False,WEAK_INCIDENTAL_MENTION,False,"ire hoses manually for hours against high-stack container fires, leading to the regulatory development of hands-free portable monitors. 🔗 Examiner Chain Nair → Senthil → Simon. (Shifts from specific regulation dates to pump capacity calculations and safety configurations). 🚢 On My Vessel (Maersk) In","What are the latest SOLAS amendments regarding safety on container ships, specifically relating to portable water monitors — how many are required, on what basis is the number determined, and is a portable water monitor used for firefighting?"
QB2_B#q17,/meoclass1/QB2_B.html#q17,Nair,False,False,False,False,WEAK_INCIDENTAL_MENTION,False,"moisture had leaked into the storage tank over time, turning the powder into a solid block that choked the discharge manifold. 🔗 Examiner Chain Nixon → Simon → Nair. (Transitions from physical system testing to regulatory compliance and emergency deployment protocols). 🚢 On My Vessel (Maersk) Integr","What is the dry chemical powder (DCP) firefighting system fitted on the deck of a container ship, and what regulations govern it?"
QB2_B#q17,/meoclass1/QB2_B.html#q17,Simon,False,False,False,False,WEAK_INCIDENTAL_MENTION,False,"because moisture had leaked into the storage tank over time, turning the powder into a solid block that choked the discharge manifold. 🔗 Examiner Chain Nixon → Simon → Nair. (Transitions from physical system testing to regulatory compliance and emergency deployment protocols). 🚢 On My Vessel (Maersk","What is the dry chemical powder (DCP) firefighting system fitted on the deck of a container ship, and what regulations govern it?"
QB2_B#q18,/meoclass1/QB2_B.html#q18,Nair,False,True,False,False,WEAK_INCIDENTAL_MENTION,False,"because the crew delayed applying heavy water boundary cooling, allowing thermal energy to spread through adjacent stacks. 🔗 Examiner Chain Nixon → Rajappan → Nair. (Progresses from initial deck response actions to pump line physics and long-term vessel stability management). 🚢 On My Vessel (Maersk)",How is firefighting on deck carried out on a container ship when a container fire is suspected or confirmed?
QB2_C#q1,/meoclass1/QB2_C.html#q1,Nair,True,True,False,False,STRONG_CE_TIP_ASSERTION,False,"A formal Maker's Declaration or independent laboratory test report confirming a PFOS concentration under 10 mg/kg. Deep-Dive Analysis Trap Questions: Examiner Nair asks: ""If the BDN says 'Flashpoint: Compliant', is that acceptable under the 2026 amendments?"" Answer: No, it is not. The amended text e","EDITORIAL CORRECTION:** MSC.520(106) covers SOLAS Ch II-2 fire safety for container ships (water mist lance, portable wa"
QB2_C#q1,/meoclass1/QB2_C.html#q1,Rajappan,False,False,False,False,WEAK_INCIDENTAL_MENTION,False,"apors to leak from fuel tank air vents into the engine room, emphasizing why the IMO introduced Resolution MSC.520(106). Examiner Chain: Nair arrow Simon arrow Rajappan. Nair tests the specific amendment dates and numbers (MSC.520(106)). Simon pivots to verify how low-flashpoint fuel compromises the","EDITORIAL CORRECTION:** MSC.520(106) covers SOLAS Ch II-2 fire safety for container ships (water mist lance, portable wa"
QB2_C#q2,/meoclass1/QB2_C.html#q2,Nair,True,True,False,False,STRONG_CE_TIP_ASSERTION,False,"al Fire Schedule for standard shipboard responses. EmS Spillage Schedule S-A: Toxic substances handling guidelines. Deep-Dive Analysis Trap Questions: Examiner Nair asks: ""The fire team wants to flood the hold immediately with CO2. Do you authorize this for an unknown cargo fire?"" Answer: No, not bl",15-Second Answer (Elevator Pitch)**
QB2_C#q2,/meoclass1/QB2_C.html#q2,Rajappan,False,False,False,False,WEAK_INCIDENTAL_MENTION,False,"ing attempts lacked specific chemical data, leading to a massive explosion that breached the cargo holds and resulted in fatalities. Examiner Chain: Nair arrow Rajappan arrow Simon. Nair challenges the candidate on handling unknown container hazards. Rajappan evaluates compliance with the Document o",15-Second Answer (Elevator Pitch)**
QB2_C#q3,/meoclass1/QB2_C.html#q3,Nair,True,True,False,False,STRONG_CE_TIP_ASSERTION,False,"cracking, shift the crew entirely to a defensive boundary cooling posture and prepare the lifeboats. --- Extra Sub-Block: Trap Warning CRITICAL EXAMINER TRAP: Nair will ask: ""If you see smoke coming out of an unknown container, shouldn't you immediately use an axe to smash a hole in the side panel a",15-Second Answer (Elevator Pitch)**
QB2_C#q4,/meoclass1/QB2_C.html#q4,Nair,True,True,False,False,STRONG_CE_TIP_ASSERTION,False,"ent: 2 Portable Water Monitors + 1 Water Mist Lance. Regulatory Reference: SOLAS Chapter II-2, Regulation 10.7.3.1. Deep-Dive Analysis Trap Questions: Examiner Nair asks: ""Where exactly in the FSS Code do you find the detailed layout for the water mist lance?"" Answer: The technical specifications fo",15-Second Answer (Elevator Pitch)**
QB2_F#q2,/meoclass1/QB2_F.html#q2,Nair,True,False,False,False,SUPPORTED_CE_TIP_MENTION,False,"Guide Fire (F) and Spillage (S) emergency schedules keyed to UN number MSC.1/Circ.1458 Guidelines for open-deck container fire-fighting evaluation CE Oral Tip: Nair probes decision-making under EmS constraints. Show you prioritise hull integrity: never dump water onto a water-reactive fire, but neve",A container catches fire and the UN number shows different EmS symptoms — how do you approach and fight it?
QB2_F#q4,/meoclass1/QB2_F.html#q4,Nair,True,False,False,False,SUPPORTED_CE_TIP_MENTION,False,"ency protocols for unmanifested/undeclared hazardous reactions MSC.1/Circ.1458 Evaluation guidelines for open-deck container fire-fighting systems CE Oral Tip: Nair pressures candidates on the water-lance decision for unknown cargo. If sparks and white smoke suggest a reactive metal fire, state clea",A fire breaks out in an undeclared dangerous goods container — how will you fight it?
QB2_F#q5,/meoclass1/QB2_F.html#q5,Nair,True,True,False,False,STRONG_CE_TIP_ASSERTION,False,"ships FSS Code Performance, testing and construction benchmarks MSC.1/Circ.1472 Design, performance, testing and approval of mobile water monitors CE Oral Tip: Nair often asks whether a monitor can connect to any standard hydrant. Confirm yes, but note both main and auxiliary fire pumps must run in ","Explain the water mist lance and mobile water monitor: how to use them, on which fires, where the requirement is mentioned, and the functional requirements."
QB2_H#q1,/meoclass1/QB2_H.html#q1,Nair,True,False,False,False,SUPPORTED_CE_TIP_MENTION,False,"1 What do the FSS Code and FTP Code contain? fire solas Examiner: Nair 15-Second Answer The FSS Code is the mandatory 15-chapter engineering-specification companion to SOLAS Ch II-2, covering every fixed fire-fighting/detection system from portable extinguishers to",What do the FSS Code and FTP Code contain?
QB2_H#q2,/meoclass1/QB2_H.html#q2,Simon,True,False,False,False,SUPPORTED_CE_TIP_MENTION,False,"ce and 'hydropen' for internal container firefighting, and use of water monitors. fss code ch 10 deck cargo fire container firefighting solas ii-2/10 Examiner: Simon 15-Second Answer The conventional water lance is a manually driven, physical probe used to pierce a container wall to discharge water ","Difference between water lance and 'hydropen' for internal container firefighting, and use of water monitors."
QB2_I#q1,/meoclass1/QB2_I.html#q1,Senthil,True,False,False,False,SUPPORTED_CE_TIP_MENTION,False,"chedule Maker's approved drawings The governing document for relief-valve set pressure and section design pressure — ship-specific, class-approved CE Oral Tip (Senthil/Simon): Do not quote a universal relief setting — the examiner is testing whether you know it is a design value from the approved dr","Fixed CO₂ fire system — what is the relief valve setting, and how is the line pressure tested?"
QB2_I#q3,/meoclass1/QB2_I.html#q3,Senthil,True,False,False,False,SUPPORTED_CE_TIP_MENTION,False,"ments Maker's certificate Each disc carries a certified burst pressure ± tolerance at rated temperature — the governing figure for the fitted disc CE Oral Tip (Senthil/Simon): Answer the mechanism, not just the purpose: ""membrane stress exceeds ultimate strength at the rated pressure/temperature → t",Bursting disc — how does it burst?
QB2_I#q6,/meoclass1/QB2_I.html#q6,Nair,True,False,False,False,SUPPORTED_CE_TIP_MENTION,False,"r Ship Certificate categories A/B/C MARPOL I/II/IV/V (Polar) Part II-A environmental provisions — zero oil/noxious discharge in polar waters CE Oral Tip (Simon/Nair): Name the resolution number and both dates first — MSC.538(107), in force 1 January 2026, grace to 1 January 2027 — then the one-line ","Polar Code — what is the latest amendment, and what is its CE relevance?"
QB3_A#q2,/meoclass1/QB3_A.html#q2,Rajappan,True,False,False,False,SUPPORTED_CE_TIP_MENTION,False,"ents Ship's Trim & Stability Booklet Vessel-specific list correction tables IMO Res. A.749(18) (as amended) Intact stability code basis CE Oral Tip: Examiners (Rajappan especially) test whether candidates confuse the two — say ""heel is temporary/external, list is permanent/internal"" in the first sen","What is the difference between heel and list, and how is each corrected?"
QB3_A#q3,/meoclass1/QB3_A.html#q3,Srivastava,True,True,False,False,STRONG_CE_TIP_ASSERTION,False,tion IMO Res. MSC.290(87) PSPC for dedicated seawater ballast tanks Classification Society Survey Status Documents cross-reference for SCF updates CE Oral Tip: Srivastava expects the SCF distinguished from the Ship's Stability Booklet and the Class Survey Status — three different documents commonly ,"What is a Ship Construction File, and what does it contain?"
QB3_B#q1,/meoclass1/QB3_B.html#q1,Simon,True,True,False,False,STRONG_CE_TIP_ASSERTION,False,"diminution criteria, and close-up survey requirements Load Line 1966 / Reg 14 Cargo ports and similar openings — watertight integrity CE Oral Tip: If asked by Simon, lead with watertight integrity and load line compliance . If Senthil asks, he will immediately pivot to how you prepare a ballast tank",What is a hull survey — what does it cover and what are the requirements?
QB3_B#q1,/meoclass1/QB3_B.html#q1,Senthil,True,True,False,False,STRONG_CE_TIP_ASSERTION,False,"6 / Reg 14 Cargo ports and similar openings — watertight integrity CE Oral Tip: If asked by Simon, lead with watertight integrity and load line compliance . If Senthil asks, he will immediately pivot to how you prepare a ballast tank for a surveyor — state the four elements of Safe Entry: isolation,",What is a hull survey — what does it cover and what are the requirements?
QB3_B#q2,/meoclass1/QB3_B.html#q2,Rajappan,True,True,False,False,STRONG_CE_TIP_ASSERTION,False,"an-flag ships are made by the DGMA-authorized RO conducting the survey; findings are logged in the CER and reportable to DGMA independent of Class CE Oral Tip: Rajappan will often ask: ""If you find 25% diminution on a deck plate out at sea, can you weld a doubler plate over it?"" Answer firmly: ""No, ",What are the criteria for steel plate renewal during a hull survey?
QB3_B#q4,/meoclass1/QB3_B.html#q4,Senthil,True,False,False,False,SUPPORTED_CE_TIP_MENTION,False,"tion Substantial corrosion findings are assessed by the DGMA-authorized RO during statutory survey; reportable to DGMA independent of Class action CE Oral Tip: Senthil frequently tests this: ""If the surveyor marks an area as substantial corrosion, can you wait until the next drydock in 3 years?"" Ans","What is the definition of 'substantial corrosion' in the context of hull surveys, and what criteria determine when it applies?"
QB3_B#q5,/meoclass1/QB3_B.html#q5,Simon,True,False,False,False,SUPPORTED_CE_TIP_MENTION,False,"1958 §7(3)/9(1-A); existing authorizations continue under the s.324(2)(a) savings); ESP File/CER findings reportable to DGMA independent of Class CE Oral Tip: Simon will try to trap you: ""On your last Maersk container ship, how did you prepare the ESP file for the surveyor?"" Do not fall into this tr","Give a full overview of the Enhanced Survey Programme (ESP) Code — scope, ship types covered, survey cycles, and key CE responsibilities."
QB3_B#q6,/meoclass1/QB3_B.html#q6,Simon,True,True,False,False,STRONG_CE_TIP_ASSERTION,False,"or application of Goal-Based Standards methodology IACS CSR Common Structural Rules — IACS unified rules built to comply with GBS Tier II criteria CE Oral Tip: Simon will ask: ""What is the core philosophical difference between old ship construction rules and GBS?"" Key phrase: ""Sir, traditional rules","Explain Goal-Based Standards (GBS) under SOLAS Chapter II-1 — what they are, how they work, and their significance for ship construction."
QB3_B#q7,/meoclass1/QB3_B.html#q7,Senthil,True,True,False,False,STRONG_CE_TIP_ASSERTION,False,"sition and security management of the SCF Class Rules — Survey/Docs Requirements for updating the SCF following significant structural alterations CE Oral Tip: Senthil will ask: ""If you carry out a major steel renewal in drydock, do you need to do anything with the Ship Construction File?"" Answer: ""","What is the Ship Construction File, what must it contain, and what is its purpose?"
QB3_B#q8,/meoclass1/QB3_B.html#q8,Rajappan,True,True,False,False,STRONG_CE_TIP_ASSERTION,False,"on Indian-flag ships are conducted by the DGMA-authorized RO; the survey outcome is reportable to DGMA independent of the yard/Class relationship CE Oral Tip: Rajappan will ask: ""What is the absolute last thing you do as CE before they flood the drydock?"" Response: ""Sir, I conduct a personal walk-ar","Describe the full drydocking process and requirements for a ship — including intervals, what inspections are carried out, and CE responsibilities."
QB3_B#q9,/meoclass1/QB3_B.html#q9,Simon,True,True,False,False,STRONG_CE_TIP_ASSERTION,False,"statutory survey/certification to ROs (IRS and others) via bilateral RO Authorization Agreement, distinct from the RO's own class survey function CE Oral Tip: Simon / Nair will ask: ""What is the difference between a Class Survey and a Statutory Survey?"" Core answer: ""Sir, a Class Survey verifies com","Give an overview of the classification society survey system — types of surveys, periodicity, and the role of class in statutory survey delegation."
QB3_B#q10,/meoclass1/QB3_B.html#q10,Senthil,True,True,False,False,STRONG_CE_TIP_ASSERTION,False,"Class rules IACS CSR — Bulk Carriers Unified structural design specifications, corrosion additions, and fatigue benchmarks for bulk carriers ≥90 m CE Oral Tip: Senthil may ask: ""Why does SOLAS Chapter XII have specific rules for bulk carriers carrying cargo with a density of 1.78 g/cm³ and above?"" A","Under which rules is a bulk carrier built, and where is this referenced in SOLAS?"
QB3_B#q12,/meoclass1/QB3_B.html#q12,Rajappan,True,True,False,False,STRONG_CE_TIP_ASSERTION,False,", and maintenance of IG systems (2019) Class Rules — Machinery/Safety Class testing parameters for automated engine room and IG control interfaces CE Oral Tip: Rajappan will ask: ""What happens if the scrubber water pump fails while operating the IG system?"" Answer: ""Sir, the low water flow sensor im",What are the alarms and trips fitted to an Inert Gas (IG) system on a tanker / container ship?
QB3_B#q13,/meoclass1/QB3_B.html#q13,Simon,True,True,False,False,STRONG_CE_TIP_ASSERTION,False,"guidelines for inert gas quality management Class Rules — Control Systems Automation matrices governing closure of gas regulating valve on high O₂ CE Oral Tip: Simon will ask: ""Does the IG blower trip if the oxygen level goes to 7%?"" Precise response: ""No, sir. The blower itself does not trip on hig","How do you check low and high oxygen levels on an O₂ analyser, and what are the limits?"
QB3_B#q14,/meoclass1/QB3_B.html#q14,Senthil,True,True,False,False,STRONG_CE_TIP_ASSERTION,False,"ing of shipboard oxygen analysers (2019) Class Rules — Instrumentation Testing requirements for instrumentation accuracy in hazardous environments CE Oral Tip: Senthil often asks: ""What will you do if your O₂ analyser reads 21% in air, but when you apply 1% span gas it shows 2.5% and won't adjust?"" ",How do you ensure an O₂ analyser is working satisfactorily onboard?
QB3_B#q15,/meoclass1/QB3_B.html#q15,Simon,True,True,False,False,STRONG_CE_TIP_ASSERTION,False,"g preparation and certification of calibration gases Class Rules — Safety Systems Verification rules for testing equipment used in hazardous areas CE Oral Tip: Simon may ask: ""Can I use pure CO₂ as my zero test gas for an O₂ analyser?"" Response: ""No, sir. Pure Nitrogen is the internationally accepte",What is span gas and what is test gas? How are they used in the calibration of an O₂ analyser?
QB3_B#q16,/meoclass1/QB3_B.html#q16,Senthil,True,False,False,False,SUPPORTED_CE_TIP_MENTION,False,"tank pressure profiles Class Rules — Machinery/Automation Design guidelines mapping interlocks between IG low-low pressure and cargo pump breakers CE Oral Tip: Senthil will test your units. If you say ""100 bar"" you fail instantly. Explicitly state: ""Sir, the low-low trip is 100 millimetres of water ","What are the alarm limits for IG main line pressure — specifically the low, low-low, and high pressure values?"
QB3_B#q17,/meoclass1/QB3_B.html#q17,Rajappan,True,True,False,False,STRONG_CE_TIP_ASSERTION,False,"ted safety loops on tankers Class Rules — Automation Tests Protocols defining mandatory physical simulation methods for safety sensor verification CE Oral Tip: Rajappan may ask: ""Can you test the low-low pressure alarm by simply opening a valve and venting the whole deck main to zero while dischargi",How do you test the high pressure and low-low pressure alarms on an IG system?
QB3_B#q19,/meoclass1/QB3_B.html#q19,Simon,True,True,False,False,STRONG_CE_TIP_ASSERTION,False,"classification for packaged substances UNCLOS / Art 200 Mandates states to promote scientific studies and exchange data regarding marine pollution CE Oral Tip: Simon will ask: ""Who decides if a chemical is a Category X or Category Y cargo under MARPOL Annex II?"" Do not say 'the surveyor' or 'the shi","What does GESAMP stand for, and what is its role in the maritime context?"
QB3_C#q1,/meoclass1/QB3_C.html#q1,Rajappan,False,False,False,False,WEAK_INCIDENTAL_MENTION,False,"tic cargo lashings or heavy plastic tarpaulins during storms, highlighting the strict enforcement of electronic and paper GRB compliance. Examiner Chain Nair → Rajappan → Senthil. Nair focuses on plastic bans and HME cargo hold washings. Rajappan shifts to the mechanical aspects of the galley garbag",MARPOL Annex V latest amendments?
QB3_C#q1,/meoclass1/QB3_C.html#q1,Senthil,False,False,False,False,WEAK_INCIDENTAL_MENTION,False,"ashings or heavy plastic tarpaulins during storms, highlighting the strict enforcement of electronic and paper GRB compliance. Examiner Chain Nair → Rajappan → Senthil. Nair focuses on plastic bans and HME cargo hold washings. Rajappan shifts to the mechanical aspects of the galley garbage comminute",MARPOL Annex V latest amendments?
QB3_C#q2,/meoclass1/QB3_C.html#q2,Nair,False,False,False,False,WEAK_INCIDENTAL_MENTION,False,"Class and Port State authorities scrutinize current MLC financial security and STCW management endorsements during structural audits. Examiner Chain Rajappan → Nair → Srivastava. Rajappan assesses tanker-specific codes, STCW endorsements, and SIRE vetting. Nair shifts to the structural and welding d",Oil tanker amendment package?
QB3_C#q2,/meoclass1/QB3_C.html#q2,Srivastava,False,False,False,False,WEAK_INCIDENTAL_MENTION,False,"nd Port State authorities scrutinize current MLC financial security and STCW management endorsements during structural audits. Examiner Chain Rajappan → Nair → Srivastava. Rajappan assesses tanker-specific codes, STCW endorsements, and SIRE vetting. Nair shifts to the structural and welding details ",Oil tanker amendment package?
QB3_C#q3,/meoclass1/QB3_C.html#q3,Nair,False,False,False,False,WEAK_INCIDENTAL_MENTION,False,"lobal mandate for the HKC and the IHM tracking system, ensuring yards know exactly where hazardous items reside before cutting steel. Examiner Chain Rajappan → Nair → Simon. Rajappan establishes the HKC purpose, IHM parts, and entry-into-force timeline. Nair shifts focus to operational hazardous was",Hong Kong Convention — IHM three parts and CE role?
QB3_C#q3,/meoclass1/QB3_C.html#q3,Simon,False,False,False,False,WEAK_INCIDENTAL_MENTION,False,"andate for the HKC and the IHM tracking system, ensuring yards know exactly where hazardous items reside before cutting steel. Examiner Chain Rajappan → Nair → Simon. Rajappan establishes the HKC purpose, IHM parts, and entry-into-force timeline. Nair shifts focus to operational hazardous waste hand",Hong Kong Convention — IHM three parts and CE role?
QB3_C#q4,/meoclass1/QB3_C.html#q4,Rajappan,True,True,False,False,STRONG_CE_TIP_ASSERTION,False,"ate Control officers in verifying environmental certificates backed by UN standards — supersedes A.1185(33), in force 1 Jan 2026. CE Oral Tip (Kochi MMD): When Rajappan asks about this, emphasize that GESAMP is scientific, not legislative . State clearly: ""Sir, GESAMP provides the independent scient",GESAMP — role and MARPOL Annex II link?
QB3_C#q5,/meoclass1/QB3_C.html#q5,Rajappan,False,False,False,False,WEAK_INCIDENTAL_MENTION,False,"ector, these rules ensure that highly toxic residues from cargo tanks and older hull insulation are accounted for and disposed of safely. Examiner Chain Nair → Rajappan → Srivastava. Nair tests the definitions, cross-convention linkages, and practical implementation. Rajappan shifts focus to chemica",Environmentally Sound Management (ESM) in shipping?
QB3_C#q5,/meoclass1/QB3_C.html#q5,Srivastava,False,False,False,False,WEAK_INCIDENTAL_MENTION,False,"e rules ensure that highly toxic residues from cargo tanks and older hull insulation are accounted for and disposed of safely. Examiner Chain Nair → Rajappan → Srivastava. Nair tests the definitions, cross-convention linkages, and practical implementation. Rajappan shifts focus to chemical tanker ca",Environmentally Sound Management (ESM) in shipping?
QB3_F#q1,/meoclass1/QB3_F.html#q1,Simon,True,False,False,False,SUPPORTED_CE_TIP_MENTION,False,"MEPC.133(53) Extension of GBR PSSA to include Torres Strait (2005) SOLAS Ch. V, Reg. 10 &amp; 11 Ships' routing and reporting systems used as APMs CE Oral Tip: Simon probes the legal distinction directly — do not conflate the two. State plainly: Special Areas are MARPOL discharge-limit zones; PSSAs ","Define Special Area and PSSA under MARPOL/IMO, with examples."
QB3_F#q3,/meoclass1/QB3_F.html#q3,Simon,True,True,False,False,STRONG_CE_TIP_ASSERTION,False,"108(49) as amended Guidelines/specifications for ODME Merchant Shipping (Prevention of Pollution by Oil) Rules — India National implementing rules CE Oral Tip: Simon traps candidates on terminology — the cargo-space rate is 30 litres per nautical mile, not '30 ppm'. Be ready to write the ODME rate f",What is the discharge criteria for oil tankers under MARPOL Annex I?
QB3_G#q3,/meoclass1/QB3_G.html#q3,Simon,True,False,False,False,SUPPORTED_CE_TIP_MENTION,False,"the vessel is EU-flagged or calls EU ports before recycling ISO 30003 / ISO 30005 Ships and marine technology — ship recycling management systems CE Oral Tip: Simon's stock question: ""What's the primary engine-department document required before a ship goes for scrap?"" Lead immediately with the IHM ","Describe the ship recycling procedure in India under the Recycling of Ships Act, 2019."
QB3_G#q4,/meoclass1/QB3_G.html#q4,Simon,True,False,False,False,SUPPORTED_CE_TIP_MENTION,False,", tank washing, and atmosphere monitoring guidance Hong Kong International Convention (2009) Underlying international framework for safe recycling CE Oral Tip: Simon's scenario trap: ""IHM says zero asbestos, but yard surveyors find asbestos gaskets in an auxiliary sea-chest valve during cutting — wh","Ship recycling cross-questions: what practical, safety-critical checks will an examiner probe beyond the standard procedure?"
QB3_H#q1,/meoclass1/QB3_H.html#q1,Simon,True,False,False,False,SUPPORTED_CE_TIP_MENTION,False,"1 What are a PSA and a PSSA? Give an example of each. marpol solas Examiner: Simon 15-Second Answer An Area to be Avoided (ATBA) and Special Area are routeing/discharge tools, but the only IMO-recognised term here is PSSA (Particularly Sensitive Sea Area) — an IMO-designated a",What are a PSA and a PSSA? Give an example of each.
QB3_H#q2,/meoclass1/QB3_H.html#q2,Simon,False,False,False,False,WEAK_INCIDENTAL_MENTION,False,"2 Explain the HNS Convention. Is it in force? Why not? What does the HNS Fund cover? marpol Examiner: Simon 15-Second Answer The HNS Convention (1996, revised by the 2010 Protocol) sets up a two-tier liability/compensation regime — shipowner liability plus an HNS Fund — for hazardous and noxious sub",Explain the HNS Convention. Is it in force? Why not? What does the HNS Fund cover?
QB3_H#q3,/meoclass1/QB3_H.html#q3,Rajappan,True,False,False,False,SUPPORTED_CE_TIP_MENTION,False,"3 How do you test the high and low-low level alarms on the Inert Gas system? marpol machinery Examiner: Rajappan 15-Second Answer IG alarms are tested by simulating the trip condition at the sensor — for O2 high, introducing certified calibration gas above 8% at the analyser; for pressure/temperatur",How do you test the high and low-low level alarms on the Inert Gas system?
QB3_H#q4,/meoclass1/QB3_H.html#q4,Simon,True,False,False,False,SUPPORTED_CE_TIP_MENTION,False,"4 Ship recycling procedure in India? ** ship recycling hkc recertification indian yards Examiner: Simon 15-Second Answer Ship recycling in India is regulated under the Recycling of Ships Act, 2019 , which implements the Hong Kong International Convention for the Safe and Environmentally Sound Recy",Ship recycling procedure in India?
QB3_H#q5,/meoclass1/QB3_H.html#q5,Simon,True,False,False,False,SUPPORTED_CE_TIP_MENTION,False,5 Ship recycling procedure. Cross questions. ** hkc ihm recycling survey certificate validity Examiner: Simon 15-Second Answer The international ship recycling procedure under the Hong Kong Convention (HKC) dictates that a ship must maintain an active Inventory of Hazardous Materials (IHM) throughou,Ship recycling procedure. Cross questions.
QB3_H#q6,/meoclass1/QB3_H.html#q6,Nair,True,False,False,False,SUPPORTED_CE_TIP_MENTION,False,6 MARPOL Annex II — contents and certificates required? ** marpol annex ii nls p&a manual cargo record book Examiner: Nair 15-Second Answer MARPOL Annex II regulates the control of pollution by Noxious Liquid Substances (NLS) carried in bulk. It classifies liquid chemical substances into four distin,MARPOL Annex II — contents and certificates required?
QB4_A#q2,/meoclass1/QB4_A.html#q2,Simon,True,True,False,False,STRONG_CE_TIP_ASSERTION,False,"S, procedures ISM Code §9 Reports and analysis of non-conformities, accidents and hazardous occurrences ISM Code §4 Designated Person Ashore (DPA) CE Oral Tip: Simon tests whether the CE understands the boundary between the Master's overriding authority (§5.2) and the CE's delegated authority. Name ","As Chief Engineer, what are your specific roles and responsibilities as defined in the SMS manual?"
QB4_A#q11,/meoclass1/QB4_A.html#q11,Senthil,True,False,False,False,SUPPORTED_CE_TIP_MENTION,False,"ral Tip: The exact MMD hot-button: state unprompted that ""only the Contracting Government sets the security level — never the ship."" This single line satisfies Senthil's most common ISPS trap. CE Relevance, Traps, Failures & Exam Strategy CE Relevance At elevated security levels, the CE's engine roo","Explain the ISPS Code — types of certificates, security levels, and the role of the SSO."
QB4_A#q12,/meoclass1/QB4_A.html#q12,Senthil,True,False,False,False,SUPPORTED_CE_TIP_MENTION,False,"and approval ISPS Code Part A §9.7 SSP confidentiality from inspection SOLAS Ch XI-2 / Reg 9 Control and compliance measures — PSCO scope re: SSP CE Oral Tip: Senthil's classic trap: ""Can a PSCO read your SSP?"" Answer No — confidential. They may check the ISSC and DoS, and verify implementation, but","What does the Ship Security Plan (SSP) contain, who approves it, and is it confidential?"
QB4_A#q13,/meoclass1/QB4_A.html#q13,Rajappan,False,False,False,False,WEAK_INCIDENTAL_MENTION,False,"for Seafarers with Designated Security Duties"") is the name commonly used for the approved training course leading to it, and is the term Kochi MMD examiners (Rajappan in particular) tend to use orally. Candidates should treat PDSD and STSDSS as the same requirement under A-VI/6-2 — do not present t","What STCW security training certificates exist, and how does AEOS training work for HRA transits?"
QB4_A#q19,/meoclass1/QB4_A.html#q19,Nair,False,False,False,False,WEAK_INCIDENTAL_MENTION,False,ng the GCAF metric 5 Recommendations FSA report submitted to IMO sub-committee/committee as evidence base for proposed amendment GCAF — The Cost-Benefit Metric Nair Tests GCAF = Net Cost of Implementing the RCO ÷ Number of Fatalities Averted over Rule Lifetime IMO benchmark: ~USD 3 million per fatal,Explain Formal Safety Assessment (FSA) and its application to Li-Ion battery fire risk.
QB4_B#q2,/meoclass1/QB4_B.html#q2,Simon,True,False,False,False,SUPPORTED_CE_TIP_MENTION,False,"ng and handover SOLAS / Chapter II-1, Reg 42–43 Emergency source of electrical power operational criteria to be verified during takeover CE Oral Tip: Examiners Simon and Rajappan will try the ""Discrepancy Trap"": ""What if the outgoing CE has a 50 m³ discrepancy in fuel oil or an illegal ORB entry, an",What are your responsibilities and what do you check when taking over as Chief Engineer on a new vessel?
QB4_B#q2,/meoclass1/QB4_B.html#q2,Rajappan,True,False,False,False,SUPPORTED_CE_TIP_MENTION,False,"dover SOLAS / Chapter II-1, Reg 42–43 Emergency source of electrical power operational criteria to be verified during takeover CE Oral Tip: Examiners Simon and Rajappan will try the ""Discrepancy Trap"": ""What if the outgoing CE has a 50 m³ discrepancy in fuel oil or an illegal ORB entry, and the vess",What are your responsibilities and what do you check when taking over as Chief Engineer on a new vessel?
QB4_B#q5,/meoclass1/QB4_B.html#q5,Simon,True,True,False,False,STRONG_CE_TIP_ASSERTION,False,"farer fatigue ISM Code / Section 6 Mandates that the company ensures every vessel is manned with qualified, certified seafarers CE Oral Tip: Examiners Nair and Simon frequently ask candidates to define the human element to see if they understand systemic safety. If you say ""Human element means preve","What is the human element in shipping? Explain its key dimensions — navigation, safety, fatigue, communication, and organisational factors."
QB4_B#q7,/meoclass1/QB4_B.html#q7,Simon,True,False,False,False,SUPPORTED_CE_TIP_MENTION,False,"ety of life and environment MLC 2006 / Regulation 1.3 Requires fair leadership regarding seafarer welfare, non-discrimination, and rights CE Oral Tip: Examiner Simon or Srivastava will test you with a behavioural question: ""You have an experienced fitter who refuses to wear a safety harness while wo",What leadership qualities are expected of a Chief Engineer?
QB4_B#q8,/meoclass1/QB4_B.html#q8,Nair,True,False,False,False,SUPPORTED_CE_TIP_MENTION,False,"nal support to motivate the crew IMO Resolution A.858(20) Highlights the direct relationship between human motivation and maritime safety CE Oral Tip: Examiner Nair often presents this practical follow-up: ""The ship has been drifting outside a port for three weeks due to cargo delays and the crew ha",Explain the principles of crew motivation onboard a ship.
QB4_B#q9,/meoclass1/QB4_B.html#q9,Simon,True,True,False,False,STRONG_CE_TIP_ASSERTION,False,"tier) MLC 2006 / Regulation 4.3 Focuses on health and safety protection, securing a safe operational environment (Safety tier) CE Oral Tip: Examiners Nair and Simon appreciate structured frameworks applied to real operations. If asked about Maslow, don't just list the five levels abstractly. Immedia",Explain Maslow's Hierarchy of Needs and how it applies to crew motivation onboard.
QB4_B#q10,/meoclass1/QB4_B.html#q10,Simon,True,True,False,False,STRONG_CE_TIP_ASSERTION,False,"t for personnel MLC 2006 / Regulation 1.3 Outlines seafarer training and professional development rights to secure future maritime labour CE Oral Tip: Examiner Simon raised this question specifically for JEs and frequently follows up: ""You notice your Second Engineer is constantly shouting at the ne",How do you specifically motivate Junior Engineers (JEs) onboard as Chief Engineer?
QB4_B#q13,/meoclass1/QB4_B.html#q13,Srivastava,True,True,False,False,STRONG_CE_TIP_ASSERTION,False,"y (10h/24h; 77h/7d) ISM Code / Section 6.5 Requires the company to ensure all crew members receive essential training to support the SMS CE Oral Tip: Examiners Srivastava and Nair will often ask a sharp follow-up: ""You have a Junior Engineer whose TRB is completely filled out and signed by the Secon",What are the STCW training requirements for Junior Engineers (ratings and junior officer level) onboard?
QB4_B#q16,/meoclass1/QB4_B.html#q16,Simon,True,False,False,False,SUPPORTED_CE_TIP_MENTION,False,"d emergencies STCW Code / Section A-VI/6 Outlines mandatory security familiarisation and security awareness training for all crew CE Oral Tip: Examiner Nair or Simon will often test your operational judgment: ""You are transiting an HRA and pirates are actively attempting to board. The Master calls f","What are the Best Management Practices (BMP5) for piracy prevention, and what are the Chief Engineer's responsibilities under BMP5?"
QB4_B#q17,/meoclass1/QB4_B.html#q17,Srivastava,True,True,False,False,STRONG_CE_TIP_ASSERTION,False,"shipboard hazards SOLAS / Chapter II-1, Reg 26 Details mandatory redundancy and steering safety requirements for machinery installations CE Oral Tip: Examiner Srivastava or Nair will often ask a direct technical follow-up: ""You are transiting a war risk area at night and your engine room bilge high-",What actions and precautions do you take as Chief Engineer when sailing through a war risk area (e.g. Persian Gulf)?
QB4_B#q19,/meoclass1/QB4_B.html#q19,Nair,True,False,False,False,SUPPORTED_CE_TIP_MENTION,False,"l security threats ISM Code / Section 5 Reinforces the Master's overriding authority over all technical and navigational safety decisions CE Oral Tip: Examiner Nair will often use this question as an authority trap: ""You are entering the Strait of Hormuz at night. You believe that keeping the AIS on","In what circumstances would you switch off AIS, and who authorises this decision? How does this apply in a war zone scenario?"
QB4_C#q1,/meoclass1/QB4_C.html#q1,Simon,False,True,False,False,WEAK_INCIDENTAL_MENTION,False,"avy weather because they were operating with critically low settling tank levels, underscoring the importance of strict reserve controls. Examiner Chain Nair → Simon → Senthil. Nair tests the emergency technical and ISM actions. Simon pivots to ask how a critical low-fuel volume alters the vessel's ",Bunker shortage — CE step-by-step actions?
QB4_C#q1,/meoclass1/QB4_C.html#q1,Senthil,False,True,False,False,WEAK_INCIDENTAL_MENTION,False,"her because they were operating with critically low settling tank levels, underscoring the importance of strict reserve controls. Examiner Chain Nair → Simon → Senthil. Nair tests the emergency technical and ISM actions. Simon pivots to ask how a critical low-fuel volume alters the vessel's trim, dr",Bunker shortage — CE step-by-step actions?
QB4_C#q2,/meoclass1/QB4_C.html#q2,Simon,False,False,False,False,WEAK_INCIDENTAL_MENTION,False,receded by a series of uncorrected minor Non-Conformities that points to a systemic breakdown of the internal audit process. Examiner Chain Nair → Srivastava → Simon. Nair tests the step-by-step internal audit flow and definition of an MNC. Srivastava probes the administrative impact of an unclosed ,Internal ISM audit — how to conduct step by step?
QB4_C#q2,/meoclass1/QB4_C.html#q2,Srivastava,False,False,False,False,WEAK_INCIDENTAL_MENTION,False,lations are preceded by a series of uncorrected minor Non-Conformities that points to a systemic breakdown of the internal audit process. Examiner Chain Nair → Srivastava → Simon. Nair tests the step-by-step internal audit flow and definition of an MNC. Srivastava probes the administrative impact of,Internal ISM audit — how to conduct step by step?
QB4_C#q3,/meoclass1/QB4_C.html#q3,Simon,False,False,False,False,WEAK_INCIDENTAL_MENTION,False,"ks, in response to concerns over the vulnerability of shipping and port facilities to terrorism; the Code entered into force 1 July 2004. Examiner Chain Nair → Simon → Srivastava. Nair tests the structural layout of Chapter XI and its specific regulation numbers (including the Reg 3 vs Reg 6 SSAS tr",SOLAS Chapter XI — what does it cover?
QB4_C#q3,/meoclass1/QB4_C.html#q3,Srivastava,False,False,False,False,WEAK_INCIDENTAL_MENTION,False,esponse to concerns over the vulnerability of shipping and port facilities to terrorism; the Code entered into force 1 July 2004. Examiner Chain Nair → Simon → Srivastava. Nair tests the structural layout of Chapter XI and its specific regulation numbers (including the Reg 3 vs Reg 6 SSAS trap). Sim,SOLAS Chapter XI — what does it cover?
QB4_C#q4,/meoclass1/QB4_C.html#q4,Simon,True,True,False,False,STRONG_CE_TIP_ASSERTION,False,"er and tanker designs. FAL Convention Framework Supports the digitization and acceptance of electronic certificates like the E-CSR. CE Oral Tip (Kochi MMD): If Simon or Nair asks you to define ""CSR,"" provide a structured opening response. State clearly: ""Sir, that acronym can refer to either the Con",CSR and E-CSR — contents?
QB4_C#q4,/meoclass1/QB4_C.html#q4,Srivastava,False,False,False,False,WEAK_INCIDENTAL_MENTION,False,", making it impossible for a vessel to simply wipe its safety and inspection history when shifting flags or management companies. Examiner Chain Nair → Simon → Srivastava. Nair quizzes on the administrative entries and E-CSR transitions. Simon intercepts to switch definitions, demanding to know how ",CSR and E-CSR — contents?
QB4_C#q5,/meoclass1/QB4_C.html#q5,Nair,False,False,False,False,WEAK_INCIDENTAL_MENTION,False,e automatic invalidation of their statutory certificates and leaving the crew exposed on structurally compromised hulls. Examiner Chain Srivastava → Rajappan → Nair. Srivastava focuses on the legal and administrative definitions of class status. Rajappan shifts to how a suspension affects tanker vet,Suspension vs withdrawal of class?
QB4_C#q5,/meoclass1/QB4_C.html#q5,Srivastava,True,False,False,False,SUPPORTED_CE_TIP_MENTION,False,"1958 Act, Sec 334). ISM Code Section 10.2 Requires the Company to ensure all technical defects and non-conformities are tracked. CE Oral Tip (Kochi MMD): When Srivastava brings up this topic, connect it directly to liability. State clearly: ""Sir, suspension is a temporary hold due to an unrectified ",Suspension vs withdrawal of class?
QB4_C#q6,/meoclass1/QB4_C.html#q6,Nair,False,True,False,False,WEAK_INCIDENTAL_MENTION,False,"introduction of the mandatory financial security amendments to MLC, establishing a clear mechanism to guarantee seafarer protection. Examiner Chain Rajappan → Nair → Srivastava. Rajappan asks for the titles, flag/port state splits, and documentation parameters. Nair shifts focus to engine room rest ",MLC 2006 — 5 Titles and flag/port state duties?
QB4_C#q6,/meoclass1/QB4_C.html#q6,Srivastava,False,True,False,False,WEAK_INCIDENTAL_MENTION,False,"uction of the mandatory financial security amendments to MLC, establishing a clear mechanism to guarantee seafarer protection. Examiner Chain Rajappan → Nair → Srivastava. Rajappan asks for the titles, flag/port state splits, and documentation parameters. Nair shifts focus to engine room rest hour l",MLC 2006 — 5 Titles and flag/port state duties?
QB4_C#q7,/meoclass1/QB4_C.html#q7,Nair,False,False,False,False,WEAK_INCIDENTAL_MENTION,False,"lect, entire fleets are brought to an immediate standstill in international ports due to the concurrent invalidation of their SMCs. Examiner Chain Srivastava → Nair → Senthil. Srivastava tests the administrative triggers for DOC and SMC validity. Nair shifts to how shipboard engineering maintenance ",DOC cancellation — grounds?
QB4_C#q7,/meoclass1/QB4_C.html#q7,Senthil,False,False,False,False,WEAK_INCIDENTAL_MENTION,False,ntire fleets are brought to an immediate standstill in international ports due to the concurrent invalidation of their SMCs. Examiner Chain Srivastava → Nair → Senthil. Srivastava tests the administrative triggers for DOC and SMC validity. Nair shifts to how shipboard engineering maintenance defects,DOC cancellation — grounds?
QB4_C#q8,/meoclass1/QB4_C.html#q8,Simon,False,False,False,False,WEAK_INCIDENTAL_MENTION,False,"a neglected steering gear hydraulic line—is a frequent cause of major marine accidents, highlighting why Section 10 is strictly audited. Examiner Chain Nair → Simon → Senthil. Nair focuses on the Chief Engineer's legal obligations and critical equipment identification under Section 10. Simon pivots ",Maintenance under the ISM Code?
QB4_C#q8,/meoclass1/QB4_C.html#q8,Senthil,False,False,False,False,WEAK_INCIDENTAL_MENTION,False,"cted steering gear hydraulic line—is a frequent cause of major marine accidents, highlighting why Section 10 is strictly audited. Examiner Chain Nair → Simon → Senthil. Nair focuses on the Chief Engineer's legal obligations and critical equipment identification under Section 10. Simon pivots to veri",Maintenance under the ISM Code?
QB4_C#q9,/meoclass1/QB4_C.html#q9,Simon,False,True,False,False,WEAK_INCIDENTAL_MENTION,False,"break down, leading to delays in isolating fuel lines or deploying fixed firefighting systems, often resulting in the loss of the vessel. Examiner Chain Nair → Simon → Senthil. Nair tests the statutory drill frequencies, ISM links, and engineering responsibilities. Simon shifts to check how the emer",Emergency drills — ISM and SOLAS?
QB4_C#q9,/meoclass1/QB4_C.html#q9,Senthil,False,True,False,False,WEAK_INCIDENTAL_MENTION,False,"wn, leading to delays in isolating fuel lines or deploying fixed firefighting systems, often resulting in the loss of the vessel. Examiner Chain Nair → Simon → Senthil. Nair tests the statutory drill frequencies, ISM links, and engineering responsibilities. Simon shifts to check how the emergency bi",Emergency drills — ISM and SOLAS?
QB4_C#q10,/meoclass1/QB4_C.html#q10,Nair,False,False,False,False,WEAK_INCIDENTAL_MENTION,False,"ged as internal Non-Conformities, they can combine into systemic failures that can lead to power losses or blackouts in critical waters. Examiner Chain Simon → Nair → Srivastava. Simon tests the core definitions and the process for grouping minor findings into an MNC. Nair shifts focus to identifyin",NC vs MNC?
QB4_C#q10,/meoclass1/QB4_C.html#q10,Srivastava,False,False,False,False,WEAK_INCIDENTAL_MENTION,False,"internal Non-Conformities, they can combine into systemic failures that can lead to power losses or blackouts in critical waters. Examiner Chain Simon → Nair → Srivastava. Simon tests the core definitions and the process for grouping minor findings into an MNC. Nair shifts focus to identifying engin",NC vs MNC?
QB4_C#q11,/meoclass1/QB4_C.html#q11,Simon,False,False,False,False,WEAK_INCIDENTAL_MENTION,False,"sked during port stops, driving the IMO to tighten regional MOU data sharing and enforce strict Class intervention mandates. Examiner Chain Nair → Srivastava → Simon. Nair focuses on the specific action codes (especially the Code 30 vs 17 distinction), technical rectifications, and logging framework",PSC deficiency action codes?
QB4_C#q11,/meoclass1/QB4_C.html#q11,Srivastava,False,False,False,False,WEAK_INCIDENTAL_MENTION,False,"entionally masked during port stops, driving the IMO to tighten regional MOU data sharing and enforce strict Class intervention mandates. Examiner Chain Nair → Srivastava → Simon. Nair focuses on the specific action codes (especially the Code 30 vs 17 distinction), technical rectifications, and logg",PSC deficiency action codes?
QB4_C#q12,/meoclass1/QB4_C.html#q12,Nair,False,False,False,False,WEAK_INCIDENTAL_MENTION,False,"ng maintenance neglect, driving the IMO to integrate strict event-driven additional verification rules to handle high-risk vessels. Examiner Chain Srivastava → Nair → Simon. Srivastava focuses on the administrative triggers and certification outcomes of the audit. Nair shifts focus to how the crew e",Additional verification under ISM?
QB4_C#q12,/meoclass1/QB4_C.html#q12,Simon,False,True,False,False,WEAK_INCIDENTAL_MENTION,False,"tenance neglect, driving the IMO to integrate strict event-driven additional verification rules to handle high-risk vessels. Examiner Chain Srivastava → Nair → Simon. Srivastava focuses on the administrative triggers and certification outcomes of the audit. Nair shifts focus to how the crew executes",Additional verification under ISM?
QB4_C#q13,/meoclass1/QB4_C.html#q13,Nair,False,True,False,False,WEAK_INCIDENTAL_MENTION,False,"m the MV Wakashio grounding investigation are hosted here to allow administrations to refine structural safety criteria globally. Examiner Chain → Srivastava → Nair → Simon: The examiner usually starts by checking your knowledge on the Continuous Synopsis Record (CSR), transitions into how the IMO t",GISIS?
QB4_C#q13,/meoclass1/QB4_C.html#q13,Simon,False,True,False,False,WEAK_INCIDENTAL_MENTION,False,"V Wakashio grounding investigation are hosted here to allow administrations to refine structural safety criteria globally. Examiner Chain → Srivastava → Nair → Simon: The examiner usually starts by checking your knowledge on the Continuous Synopsis Record (CSR), transitions into how the IMO tracks a",GISIS?
QB4_C#q14,/meoclass1/QB4_C.html#q14,Rajappan,False,True,False,False,WEAK_INCIDENTAL_MENTION,False,"land, where structural failure and subsequent fire highlighted massive gaps in the ship/shore interface and terminal safety monitoring. Examiner Chain → Nair → Rajappan: Nair loves to ask about liquid cargo safety. He will typically ask about cargo/machinery boundary safety, transition into ISGOTT r","INTERTANKO, OCIMF and ISGOTT?"
QB4_C#q15,/meoclass1/QB4_C.html#q15,Srivastava,False,True,False,False,WEAK_INCIDENTAL_MENTION,False,"ss measurements and structural assessments, prompting the IMO to establish a uniform, audited standard for all delegated organizations. Examiner Chain → Nair → Srivastava: Nair will typically start an examination sequence on structural degradation or major defects found in port. He will then pass th",RO Code?
QB4_C#q17,/meoclass1/QB4_C.html#q17,Simon,False,True,False,False,WEAK_INCIDENTAL_MENTION,False,"nsure future hull designs are engineered from the outset to withstand realistic ultimate limit states and dynamic environmental forces. Examiner Chain → Nair → Simon: Nair often introduces this topic during a discussion on structural damage, collision, or bottom slamming. He will then hand over to S",GBS — Goal Based Standards?
QB4_D#q4,/meoclass1/QB4_D.html#q4,Nair,True,False,False,False,SUPPORTED_CE_TIP_MENTION,False,"mmendatory in form even though compliance is mandatory under SOLAS Chapter IX. Some ROs/flag circulars paraphrase §12.1 with ""shall"" in their own bulletins; if Nair probes exact wording, cite ""should."" What Actually Happened During COVID This was not the Master or C/E auditing their own department —","Can the Chief Engineer and Master carry out an interdepartmental audit in place of the internal auditor, in a rare situation where the company is unable to connect the internal auditor on time? Are there regulatory provisions for this — this was reportedly done during the COVID period?"
QB4_G#q1,/meoclass1/QB4_G.html#q1,Simon,True,True,False,False,STRONG_CE_TIP_ASSERTION,False,"ognized Organizations. DG Shipping MS Notice 12 of 2013 Guidelines on delegation of statutory functions to ROs (for Indian flag context). CE Oral Tip: Examiner Simon at Kochi MMD frequently uses this question to test whether you know who to call when things go wrong. If you say, ""I will ask Class/RO",flag state vs ro diffrence
QB4_G#q3,/meoclass1/QB4_G.html#q3,Simon,True,False,False,False,SUPPORTED_CE_TIP_MENTION,False,ts for unattended machinery spaces (UMS). DG Shipping MS Notice 07 of 2022 Enforcement of STCW compliance and verification of rest hours. CE Oral Tip: Examiner Simon will look for a pragmatic approach to fatigue . If he poses a scenario where you are shorthanded due to injury during a stressful mane,STCW -As a chief engineer how will you decide on watchkeeping composition .(STCW CH-8)
QB4_G#q8,/meoclass1/QB4_G.html#q8,Paul,True,True,False,False,STRONG_CE_TIP_ASSERTION,False,"ey and Certification. DG Shipping MS Notice 18 of 2013 Guidance on statutory certification and registration protocols for Indian vessels. CE Oral Tip: Examiner Paul likes to trap candidates on the Change of Flag rule. If he asks: ""If you change flag tomorrow, does your Tonnage certificate remain val",Which statutory certificate does not need renewal/survey other than AFS certificate?
QB4_G#q9,/meoclass1/QB4_G.html#q9,Simon,True,True,False,False,STRONG_CE_TIP_ASSERTION,False,"for tanker/terminal interfaces. ISM Code Element 5 & 6 Master’s responsibility and company resource alignment (linked to TMSA goals). CE Oral Tip: If Examiner Simon notes that your background is primarily on container vessels but asks about OCIMF vetting, leverage your engineering management knowled","OCIMF — what is it, tools of OCIMF and brief explanation of each."
QB4_H#q3,/meoclass1/QB4_H.html#q3,Simon,True,True,False,False,STRONG_CE_TIP_ASSERTION,False,"of SSO, CSO, PFSO and shipboard security framework DGMA Training Circulars National requirements linking these courses to CDC/endorsement issuance CE Oral Tip: Simon wants the three course names stated precisely, not abbreviated first. If asked whether the CE needs an SSO certificate: legally only o","What security-related courses are required for seafarers under STCW/ISPS, and what does each cover?"
QB4_H#q5,/meoclass1/QB4_H.html#q5,Simon,True,False,False,False,SUPPORTED_CE_TIP_MENTION,False,"oom simulator assessment — not the same instrument as AECS DGMA AECS eligibility guidance CoC (no lower than examined rank) + TOTA prerequisite CE Oral Tip: If Simon repeats the AECS question in a different form, do not default to describing a simulator crisis-management scenario. State the correct ","What does AECS assess, and how does it differ from a routine engine room simulator course?"
QB4_H#q8,/meoclass1/QB4_H.html#q8,Simon,True,False,False,False,SUPPORTED_CE_TIP_MENTION,False,"E Oral Tip: Open with the core distinction in one sentence — jamming is loud and obvious, spoofing is quiet and dangerous — before going into mechanism detail. Simon is checking you understand this isn't just an IT/email phishing issue but an OT/navigation safety issue. Deep-Dive: Traps, Failures, N","Explain the difference between GPS/AIS jamming and spoofing, and their implications for a Chief Engineer."
QB4_I#q1,/meoclass1/QB4_I.html#q1,Simon,True,False,False,False,SUPPORTED_CE_TIP_MENTION,False,"1 What types of ISPS-related certificates exist, and what are their validity periods? isps stcw Examiner: Simon 15-Second Answer The core ISPS certificate is the International Ship Security Certificate (ISSC) — 5 years, with intermediate verification between the 2nd and 3rd anniversary. An Interim I","What types of ISPS-related certificates exist, and what are their validity periods?"
QB4_I#q2,/meoclass1/QB4_I.html#q2,Senthil,True,False,False,False,SUPPORTED_CE_TIP_MENTION,False,"the surveyor verify your PMS is genuinely in good order, and how does the surveyor know bunkering was carried out safely? ** ism audit pms bunkering Examiner: Senthil 15-Second Answer The first item shown to an ISM auditor is the PMS Dashboard and Critical Equipment Status Log to prove that zero cri","During an ISM audit, what is the first thing you show a surveyor as CE to demonstrate everything is in good order (PMS system)? How does the surveyor verify your PMS is genuinely in good order, and how does the surveyor know bunkering was carried out safely?"
QB4_I#q3,/meoclass1/QB4_I.html#q3,Simon,True,False,False,False,SUPPORTED_CE_TIP_MENTION,False,3 What is Safe Return to Port (SRtP)? ** solas construction safety passenger Examiner: Simon 15-Second Answer Safe Return to Port (SRtP) is a comprehensive set of SOLAS structural and systems engineering regulations designed for modern passenger ships over 120 meters. It mandates that i,What is Safe Return to Port (SRtP)?
QB4_I#q4,/meoclass1/QB4_I.html#q4,Simon,True,False,False,False,SUPPORTED_CE_TIP_MENTION,False,"4 III Code (IMO Instruments Implementation Code) — what does it say? ** imo statutory administration audit Examiner: Simon 15-Second Answer The III Code (IMO Instruments Implementation Code) provides a global standard for member states to effectively implement, monitor, and enforce major IMO convent",III Code (IMO Instruments Implementation Code) — what does it say?
QB4_I#q5,/meoclass1/QB4_I.html#q5,Simon,True,False,False,False,SUPPORTED_CE_TIP_MENTION,False,"5 What is the company's definition/role under maritime law (ISM Code Company definition)? ** ism management responsibility company Examiner: Simon 15-Second Answer Under the ISM Code, the ""Company"" is defined as the shipowner or any organization, such as the bareboat charterer or ship manager, who h",What is the company's definition/role under maritime law (ISM Code Company definition)?
QB5_A#q1,/meoclass1/QB5_A.html#q1,Rajappan,True,False,False,False,SUPPORTED_CE_TIP_MENTION,False,"ment Vision, Principles and Goals — IMO's policy framework MSC-MEPC.7/Circ.7 Guidance on the human element — checklist for designers and operators CE Oral Tip: Rajappan sir and Senthil sir open the Management paper with this question to test whether you understand why regulations exist, not just wha",Human Element — Why is IMO focusing on it? IMO HTW Sub-committee and its functions.
QB5_A#q1,/meoclass1/QB5_A.html#q1,Srivastava,True,False,False,False,SUPPORTED_CE_TIP_MENTION,False,") name HTW + 2013, (4) link STCW Manila 2010 + ISM Code, (5) give one real Maersk vessel example — fatigue during turnaround port bunkering as a live UMS risk. Srivastava sir follow-up: ""Difference between human error and human element?"" Answer: Human element is the broader systemic concept (design,",Human Element — Why is IMO focusing on it? IMO HTW Sub-committee and its functions.
QB5_A#q1,/meoclass1/QB5_A.html#q1,Senthil,True,False,False,False,SUPPORTED_CE_TIP_MENTION,False,"ciples and Goals — IMO's policy framework MSC-MEPC.7/Circ.7 Guidance on the human element — checklist for designers and operators CE Oral Tip: Rajappan sir and Senthil sir open the Management paper with this question to test whether you understand why regulations exist, not just what they say. Struc",Human Element — Why is IMO focusing on it? IMO HTW Sub-committee and its functions.
QB5_A#q2,/meoclass1/QB5_A.html#q2,Srivastava,True,False,False,False,SUPPORTED_CE_TIP_MENTION,False,"ure adequately trained and qualified personnel MSC-MEPC.7/Circ.7 Human element guidance — checklists for effective team management CE Oral Tip: Senthil sir and Srivastava sir test ERRM by giving a scenario: ""Your 4th Engineer is struggling with a purifier breakdown during port watch at 0200 and call",Engine Room Resource Management (ERRM) — Explain.
QB5_A#q2,/meoclass1/QB5_A.html#q2,Senthil,True,False,False,False,SUPPORTED_CE_TIP_MENTION,False,"company must ensure adequately trained and qualified personnel MSC-MEPC.7/Circ.7 Human element guidance — checklists for effective team management CE Oral Tip: Senthil sir and Srivastava sir test ERRM by giving a scenario: ""Your 4th Engineer is struggling with a purifier breakdown during port watch ",Engine Room Resource Management (ERRM) — Explain.
QB5_A#q3,/meoclass1/QB5_A.html#q3,Srivastava,True,True,False,False,STRONG_CE_TIP_ASSERTION,False,de §9 Reports and Analysis of Non-conformities — near-miss reporting requires the psychological safety the Arena quadrant enables CE Oral Tip: Rajappan sir and Srivastava sir ask this to test whether you can connect a behavioural model to practical engine room management — not just describe the quad,Johari Window — Explain.
QB5_A#q5,/meoclass1/QB5_A.html#q5,Rajappan,True,False,False,False,SUPPORTED_CE_TIP_MENTION,False,"demotivated crew MLC 2006, Reg. 4.3 Health and Safety Protection — working environment quality is a direct Herzberg hygiene factor CE Oral Tip: Senthil sir and Rajappan sir pivot from Q4 (Maslow) directly here: ""Besides Maslow, what other theories do you know?"" Be ready to name Herzberg, McGregor, a",Motivation of Crew — Principles of Motivation.
QB5_A#q5,/meoclass1/QB5_A.html#q5,Senthil,True,False,False,False,SUPPORTED_CE_TIP_MENTION,False,"stest path to a demotivated crew MLC 2006, Reg. 4.3 Health and Safety Protection — working environment quality is a direct Herzberg hygiene factor CE Oral Tip: Senthil sir and Rajappan sir pivot from Q4 (Maslow) directly here: ""Besides Maslow, what other theories do you know?"" Be ready to name Herzb",Motivation of Crew — Principles of Motivation.
QB5_A#q7,/meoclass1/QB5_A.html#q7,Senthil,True,True,False,False,STRONG_CE_TIP_ASSERTION,False,"ru Ishikawa (1915–1989) Fishbone (Ishikawa) diagram; Quality Circles Visual root cause analysis; worker involvement in quality QA vs QC — Critical Distinction (Senthil sir asks) Quality Assurance (QA): Proactive and process-driven — preventing defects via the SMS. Examples: writing procedures, condu",Total Quality Management (TQM) — Explain.
QB5_A#q8,/meoclass1/QB5_A.html#q8,Srivastava,True,False,False,False,SUPPORTED_CE_TIP_MENTION,False,"tured, auditable decision-making IMO Model Course 2.07 ERRM — decision-making tools including FORDEC and risk assessment are core training content CE Oral Tip: Srivastava sir gives scenarios: ""Your main engine has a crankcase explosion warning — what is your decision-making process?"" Walk FORDEC exp",Decision-Making Tools Onboard.
QB5_A#q9,/meoclass1/QB5_A.html#q9,Rajappan,True,True,False,False,STRONG_CE_TIP_ASSERTION,False,"ss and leadership are named competencies ISM Code §6 Resources and Personnel — team composition and crew change management are CE responsibilities CE Oral Tip: Rajappan sir asks: ""When a massive crew change occurs, what do you do to manage the team?"" Use Tuckman: ""The team resets to Forming — I imme",Organisational Behaviour — Explain.
QB5_A#q10,/meoclass1/QB5_A.html#q10,Srivastava,True,True,False,False,STRONG_CE_TIP_ASSERTION,False,"e examiner will not proceed. The one-sentence anchor: ""Hazard is what can hurt you; risk is how likely it is to hurt you and how badly."" Then give the formula. Srivastava sir will follow up: ""What is ALARP?"" Answer: As Low As Reasonably Practicable — risk must be reduced until the cost of further re",Risk vs Hazard — Difference.
QB5_A#q11,/meoclass1/QB5_A.html#q11,Rajappan,False,True,False,False,WEAK_INCIDENTAL_MENTION,False,"ith fire watch. Full repair deferred to next port. Entire process documented in engine log, defect report raised, Master informed. This is the CE-level RA that Rajappan sir wants to hear about — not a textbook example but a lived one. Correction? contactus@marineintelligenceweekly.com QB5_A · Q11 · ",Risk Assessment — How to Carry Out. How to Decide Risk Category.
QB5_A#q11,/meoclass1/QB5_A.html#q11,Senthil,True,False,False,False,SUPPORTED_CE_TIP_MENTION,False,"ify and assess hazards and risks"" mandatory ISO 45001:2018 Hierarchy of Controls — elimination → substitution → engineering → administrative → PPE CE Oral Tip: Senthil sir's trap: ""At what O₂ level do you stop work?"" Answer: below 19.5% — oxygen-deficient, do not enter; above 23.5% — oxygen-enriched",Risk Assessment — How to Carry Out. How to Decide Risk Category.
QB5_A#q12,/meoclass1/QB5_A.html#q12,Rajappan,True,True,False,False,STRONG_CE_TIP_ASSERTION,False,"s; flag state obligation SOLAS Ch. IX / ISM Code §12 Company Verification, Review and Evaluation — corrective actions reviewed at management level CE Oral Tip: Rajappan sir gives a near-miss scenario and asks you to conduct RCA. Walk through 5-Whys explicitly, name the root cause as a system failure",Root Cause Analysis / Fault Analysis Methods.
QB5_A#q13,/meoclass1/QB5_A.html#q13,Rajappan,True,True,False,False,STRONG_CE_TIP_ASSERTION,False,"comments; CE must not suppress disagreement ISM Code §6 Resources and Personnel — appraisal record is evidence that CE has managed crew competency CE Oral Tip: Rajappan sir asks: ""What if the JE disagrees with your appraisal?"" Answer: He has the right to note his disagreement in the appraisal record",Appraisal of Junior Engineer — How to Conduct.
QB5_A#q14,/meoclass1/QB5_A.html#q14,Srivastava,True,True,False,False,STRONG_CE_TIP_ASSERTION,False,"es at defined Bloom levels ISM Code §6 Resources and Personnel — training must be designed to achieve operational competency (Apply level minimum) CE Oral Tip: Srivastava sir asks: ""At what level of Bloom's Taxonomy is the MEO Class 1 oral examination testing you?"" Answer: Primarily at Analyse and E",Bloom's Taxonomy — Explain.
QB5_A#q16,/meoclass1/QB5_A.html#q16,Rajappan,True,True,False,False,STRONG_CE_TIP_ASSERTION,False,"46 (Part IV) Certificate of Competency (not ""license"") — statutory basis for CoC issue by DGMA (formerly DGS); replaces the repealed 1958 Act, §77 CE Oral Tip: Rajappan sir asks: ""What is TEAP and why was it introduced?"" The key hook: STCW requires a national system — TEAP is that system for India. ",TEAP — What is It and Why is It Required?
QB5_A#q18,/meoclass1/QB5_A.html#q18,Srivastava,True,True,False,False,STRONG_CE_TIP_ASSERTION,False,"ned to STCW 2010, Reg. I/6 & Code A-I/6 Qualification requirements for instructors and assessors of maritime training — VICT is India's fulfilment CE Oral Tip: Srivastava sir specifically asks: ""Define 'Vertical' and 'Integration' in the context of VICT."" Give the two definitions precisely — vertica",VICT — Define the Usage of the Terms 'Vertical' and 'Integration'.
QB5_A#q20,/meoclass1/QB5_A.html#q20,Nair,True,False,False,False,SUPPORTED_CE_TIP_MENTION,False,"me the duties of a Chief Engineer."" Do not just list conventions — structure by instrument and give one specific duty per instrument with a regulation number. Nair sir tests MARPOL: ""Who signs the Oil Record Book?"" CE signs Part I; Master countersigns. False entries are a criminal offence under MARP","Duties of CE Under STCW, SOLAS, MARPOL, MLC, ISM Code, and Merchant Shipping Act."
QB5_A#q20,/meoclass1/QB5_A.html#q20,Rajappan,True,False,False,False,SUPPORTED_CE_TIP_MENTION,False,"air sir tests MARPOL: ""Who signs the Oil Record Book?"" CE signs Part I; Master countersigns. False entries are a criminal offence under MARPOL and MS Act §225. Rajappan sir tests SOLAS V: Safe Manning is Reg. 14 — not 13. Senthil sir tests MLC rest hours. Know at least two specific duties per instru","Duties of CE Under STCW, SOLAS, MARPOL, MLC, ISM Code, and Merchant Shipping Act."
QB5_A#q20,/meoclass1/QB5_A.html#q20,Senthil,True,False,False,False,SUPPORTED_CE_TIP_MENTION,False,s Part I; Master countersigns. False entries are a criminal offence under MARPOL and MS Act §225. Rajappan sir tests SOLAS V: Safe Manning is Reg. 14 — not 13. Senthil sir tests MLC rest hours. Know at least two specific duties per instrument with the regulation number. ▶ Deep Dive — Trap Qs / Exami,"Duties of CE Under STCW, SOLAS, MARPOL, MLC, ISM Code, and Merchant Shipping Act."
QB5_B#q1,/meoclass1/QB5_B.html#q1,Rajappan,True,False,False,False,SUPPORTED_CE_TIP_MENTION,False,"andover. In practice, every major shipping company (including Maersk) has a formal CE handover checklist and procedure within the SMS. Examining this question, Rajappan sir is testing whether the candidate understands that taking over as CE is the moment of maximum legal exposure — and that they hav",Taking Over as CE — Procedure.
QB5_B#q1,/meoclass1/QB5_B.html#q1,Senthil,True,True,False,False,STRONG_CE_TIP_ASSERTION,False,"Competency — CE must hold valid CoC for the class of vessel assumed; in force 15 March 2026, replaces the repealed 1958 Act, §77 CE Oral Tip: Rajappan sir and Senthil sir both ask this as a final integrative question — testing whether the CE candidate can pull together all the regulatory knowledge f",Taking Over as CE — Procedure.
QB5_B#q2,/meoclass1/QB5_B.html#q2,Rajappan,True,False,False,False,SUPPORTED_CE_TIP_MENTION,False,"st not obstruct or retaliate against MLC complaints ISM Code §9 Non-conformity management — procedural conflicts feed the corrective action system CE Oral Tip: Rajappan sir tests this with a scenario: ""Your 2nd Engineer and 3rd Engineer have a serious personal conflict and are not communicating. How",Conflict Management.
QB5_B#q3,/meoclass1/QB5_B.html#q3,Senthil,True,True,False,False,STRONG_CE_TIP_ASSERTION,False,"of and not obstruct the complaints procedure ISM Code §6 Resources and Personnel — CE is accountable for human resource management in engine dept CE Oral Tip: Senthil sir asks this as: ""You are the technical head of the engine department — but what HR functions do you also perform?"" This catches can",HR Management — What HR Functions Does the CE Perform?
QB5_B#q4,/meoclass1/QB5_B.html#q4,Rajappan,True,True,False,False,STRONG_CE_TIP_ASSERTION,False,"ource management as an integrated engineering competency ISM Code §6 Resources and Personnel — CE leadership directly determines SMS effectiveness CE Oral Tip: Rajappan sir asks: ""What kind of leader are you as CE? Which leadership theory do you follow?"" ▶ Deep Dive — Trap Qs / Examiner Chain / CE F",CE as Leader — Leadership Theories and Applying Them.
QB5_B#q5,/meoclass1/QB5_B.html#q5,Srivastava,True,True,False,False,STRONG_CE_TIP_ASSERTION,False,"constituted under Sec 13 implements ISPS in India; ISSC maintained under DGMA (formerly DGS) authority — replaces the repealed 1958 Act equivalent CE Oral Tip: Srivastava sir asks this as: ""What is your role as CE for ISPS? If an auditor comes tomorrow for ISPS verification, what will he check in yo",CE Role for ISPS Audit.
QB5_B#q6,/meoclass1/QB5_B.html#q6,Rajappan,True,True,False,False,STRONG_CE_TIP_ASSERTION,False,"sting fatigue risk factors and mitigation measures ISM Code §6 + §8 Resources and Personnel + Emergency Preparedness — fatigued crew = SMS failure CE Oral Tip: Rajappan sir asks: ""What is fatigue? How does it affect safety? What do you do about it as CE?"" ▶ Deep Dive — Trap Qs / Examiner Chain / CE ",Fatigue as per IMO and Fatigue Mitigation.
QB5_B#q8,/meoclass1/QB5_B.html#q8,Srivastava,True,True,False,False,STRONG_CE_TIP_ASSERTION,False,"itation payment demands during surveys ISM Code §1.2 Safety and pollution prevention policy — MACN compliance is part of company ethical framework CE Oral Tip: Srivastava sir asks: ""What is MACN? Have you ever been asked for a bribe as an officer? What did you do?"" ▶ Deep Dive — Trap Qs / Examiner C",MACN — Maritime Anti-Corruption Network. Explain and Which Ships Applicable.
QB5_B#q9,/meoclass1/QB5_B.html#q9,Rajappan,True,True,False,False,STRONG_CE_TIP_ASSERTION,False,"in ample time; must be large, positive and made in good time COLREGS, Rule 16 Give-way vessel must take early and substantial action to keep clear CE Oral Tip: Rajappan sir asks this to test whether the CE candidate understands that the MEO Class I certificate is a ship officer's certificate, not ju","CBDR — Constant Bearing, Decreasing Range. Explain."
QB5_B#q10,/meoclass1/QB5_B.html#q10,Senthil,True,True,False,False,STRONG_CE_TIP_ASSERTION,False,"l systems approved by class Maker's Operating Manual PID tuning parameters — always refer to maker's recommended settings before manual adjustment CE Oral Tip: Senthil sir asks PID as a conceptual question first: ""What is a PID controller? Explain P, I, and D separately."" Then immediately escalates:","PID Controller — What Is It, Where Used Onboard, How to Tune and Adjust."
QB5_B#q11,/meoclass1/QB5_B.html#q11,Senthil,True,False,False,False,SUPPORTED_CE_TIP_MENTION,False,", PMS tasks SOLAS Ch. II-1 Machinery safety — auxiliary boiler is critical for fuel oil heating; control system failure is a reportable deficiency CE Oral Tip: Senthil sir's question pattern: ""What is a three-element controller? Draw the signal flow diagram."" ▶ Deep Dive — Trap Qs / Examiner Chain /",3-Element Controller — Explain.
QB5_B#q12,/meoclass1/QB5_B.html#q12,Senthil,True,True,False,False,STRONG_CE_TIP_ASSERTION,False,"maker's settings logged Class Society Approval Control system tuning changes that affect critical alarms or safety trips must be reported to class CE Oral Tip: Senthil sir asks: ""Explain the Ziegler-Nichols method. What are Ku and Pu, and how do you get PID settings from them?"" ▶ Deep Dive — Trap Qs",Controller Tuning — Ziegler-Nichols Method.
QB5_B#q12,/meoclass1/QB5_B.html#q12,John,False,False,False,False,WEAK_INCIDENTAL_MENTION,False,"er-Nichols Method. MACHINERY ISM ⏱ 15-Second Answer The Ziegler-Nichols method (1942) is a systematic, closed-loop PID controller tuning procedure developed by John Ziegler and Nathaniel Nichols that provides a standardised, reproducible starting point for PID parameter selection. The method works b",Controller Tuning — Ziegler-Nichols Method.
QB5_B#q14,/meoclass1/QB5_B.html#q14,Rajappan,False,True,False,False,WEAK_INCIDENTAL_MENTION,False,ea: The vehicle carrier was seized by Houthi forces in the Red Sea — 25 crew members were held captive for over a year. This real event is exactly the scenario Rajappan and Srivastava sir are referencing when they ask Q14. The crew management challenge was precisely the three-layer problem described,Ship Stranded/Transiting Hormuz Strait / Persian Gulf in War/Security Situation — How Do You as CE Motivate and Manage Your Crew?
QB5_B#q14,/meoclass1/QB5_B.html#q14,Srivastava,True,False,False,False,SUPPORTED_CE_TIP_MENTION,False,"ess and propulsion for evasive action ISPS Code, Part A Security Level management — CE supports Master in implementing appropriate security levels CE Oral Tip: Srivastava sir delivers this question as: ""Your ship is transiting the Hormuz Strait. There is a war going on nearby. Crew are terrified. Wh",Ship Stranded/Transiting Hormuz Strait / Persian Gulf in War/Security Situation — How Do You as CE Motivate and Manage Your Crew?
QB5_B#q15,/meoclass1/QB5_B.html#q15,Rajappan,True,False,False,False,SUPPORTED_CE_TIP_MENTION,False,"nections, and a general operational risk assessment. The CE who understands this composite nature demonstrates exactly the management-level PTW competency that Rajappan sir is testing. What Is a Framo Portable Submersible Pump? Made by Frank Mohn AS (Framo, Norway) — a portable, hydraulically driven",Risk Assessment and PTW for Operating a Portable Framo Submersible Cargo Pump.
QB5_B#q16,/meoclass1/QB5_B.html#q16,Rajappan,True,True,False,False,STRONG_CE_TIP_ASSERTION,False,"HFACS Framework Human Factors Analysis and Classification System — framework for classifying human element failure types in casualty investigation CE Oral Tip: Rajappan sir asks: ""What are the human element factors in a casualty investigation? Give me the IMO regulation."" ▶ Deep Dive — Trap Qs / Exa",Human Element Factors in Casualty Investigation.
QB5_C_A#q9,/meoclass1/QB5_C_A.html#q9,Rajappan,True,False,False,False,SUPPORTED_CE_TIP_MENTION,False,"stabilized, conduct a post-incident de-brief with the engineering team to capture lessons learned and update the ship's risk logs. Trap Warning Examiner Trap: Rajappan may try to apply severe commercial pressure: ""Chief, you are 50 miles from the destination port. The main engine thrust bearing temp",CE decision framework — how does a CE decide under pressure?
QB5_C_B#q1,/meoclass1/QB5_C_B.html#q1,Rajappan,True,False,False,False,SUPPORTED_CE_TIP_MENTION,False,"1 Q11: Rajappan — Mentoring vs reverse mentoring MANAGEMENT 15-Second Answer 60-Second Answer 60-Second Exam Delivery: Good morning, Sir. In a modern, digitally evolving maritime industry, I utilize both men",Q11: Rajappan — Mentoring vs reverse mentoring
QB5_C_B#q1,/meoclass1/QB5_C_B.html#q1,John,False,False,False,False,WEAK_INCIDENTAL_MENTION,False,"6.5: Ensuring that all personnel receive essential information regarding the safety management system. Casualty Link The collision involving the destroyer USS John S. McCain (2017) highlights the danger of a senior command structure being unfamiliar with complex, newly installed digital interfaces. ",Q11: Rajappan — Mentoring vs reverse mentoring
QB5_E#q1,/meoclass1/QB5_E.html#q1,Simon,False,False,False,False,WEAK_INCIDENTAL_MENTION,False,"feared their social standing/job security (lower-middle tiers) if they challenged the Captain's routing decisions, neutralising risk management. Examiner Chain Simon/Paul → MLC rest-hour responsibilities → ""how do you keep fatigued engineers focused and safe — what psychological theory helps?"" → Mas",Maslow's pyramid (Abraham Maslow's theory) — explain and its relevance to shipboard management.
QB5_G#q1,/meoclass1/QB5_G.html#q1,Nair,True,False,False,False,SUPPORTED_CE_TIP_MENTION,False,"e 06 of 2023 Guidelines regarding carbon intensity indicators and alternate fuel validation for Indian flagged/manned vessels. CE Oral Tip: Kochi MMD (Examiner Nair): Examiner Nair values realistic pragmatism. Do not just say ""Hydrogen is the future."" He will immediately grill you on storage density",Alternate fuels .. transition .. what in your opinion is a long term alternative solution.?
QB5_G#q2,/meoclass1/QB5_G.html#q2,Rajappan,True,False,False,False,SUPPORTED_CE_TIP_MENTION,False,"ing MS Notice 13 of 2014 Enforcement of strict safety management systems and risk evaluation protocols onboard Indian vessels. CE Oral Tip: Kochi MMD (Examiner Rajappan): Rajappan frequently focuses on practical shipboard safety and absolute precision regarding pressures. When answering, state clear",How to carry out risk assessment and permit for portable framo pump
QB5_G#q3,/meoclass1/QB5_G.html#q3,Nair,True,False,False,False,SUPPORTED_CE_TIP_MENTION,False,"s. DG Shipping MS Notice 11 of 2012 Directives for Indian vessels carrying hazardous solid bulk cargoes under IMSBC protocols. CE Oral Tip: Kochi MMD (Examiner Nair): Nair looks for structural and engineering safety intersections. He may test you with a trick question: ""If the DRI cargo temperature ",Dri cargo hazards
QB5_G#q4,/meoclass1/QB5_G.html#q4,Rajappan,True,True,False,False,STRONG_CE_TIP_ASSERTION,False,"tion. DG Shipping MS Notice 13 of 2014 Bridge and Engine Room Resource Management implementation mandates for Indian officers. CE Oral Tip: Kochi MMD (Examiner Rajappan): Rajappan appreciates structural systems and structural authority. If he asks, ""The Master tells you to run the generator despite ",As CE how will you take decisions onboard? What framework do you use?
QB5_G#q5,/meoclass1/QB5_G.html#q5,Rajappan,True,True,False,False,STRONG_CE_TIP_ASSERTION,False,"aligned with Amritkal Vision objectives, issued by the Directorate General of Maritime Administration (formerly DG Shipping). CE Oral Tip: Kochi MMD (Examiner Rajappan): Rajappan may ask about these initiatives to test your awareness of national maritime trends and strategic growth. Avoid answers th",What is Sagar Mala project and Maritime Amritkal Vision?
QB6#q4,/meoclass1/QB6.html#q4,Nair,False,False,False,False,WEAK_INCIDENTAL_MENTION,False,"D rating history. CE ensuring the SEEMP file is physically current on board is an ISM and MARPOL obligation — not optional paperwork. 🔗 Examiner Question Chain Nair/Senthil SEEMP sequence: ""What is SEEMP?"" → 3-part operational energy efficiency management plan ""Three Parts?"" → Part I (>400 GT), Part",What is SEEMP Part III and what does it contain? What is the International Energy Efficiency Certificate and its validity?
QB6#q4,/meoclass1/QB6.html#q4,Senthil,False,False,False,False,WEAK_INCIDENTAL_MENTION,False,"ing history. CE ensuring the SEEMP file is physically current on board is an ISM and MARPOL obligation — not optional paperwork. 🔗 Examiner Question Chain Nair/Senthil SEEMP sequence: ""What is SEEMP?"" → 3-part operational energy efficiency management plan ""Three Parts?"" → Part I (>400 GT), Part II (",What is SEEMP Part III and what does it contain? What is the International Energy Efficiency Certificate and its validity?
QB6#q6,/meoclass1/QB6.html#q6,Nair,False,False,False,False,WEAK_INCIDENTAL_MENTION,False,"ence = 7,476 t-CO₂ — directly reflected in attained CII. ⚠️ Trap Questions & Strong Answers TRAP ""HFO Cf is 3.15."" PASS Exact value per MEPC.364(79) is 3.114 . Nair tests this precision. MDO/MGO = 3.206 — note that MDO Cf is higher than HFO Cf (counterintuitive). TRAP ""Methanol always produces less ",What is the carbon conversion factor for HFO and methanol? Calculate CO₂ emitted for one day's fuel consumption.
QB6#q7,/meoclass1/QB6.html#q7,Srivastava,False,False,False,False,WEAK_INCIDENTAL_MENTION,False,"ctive political pressure. For a CE sitting Class 1 in 2026, awareness of this momentum signals current regulatory understanding. 🔗 Examiner Question Chain Nair/Srivastava UNFCCC/midterm chain: ""What is UNFCCC?"" → UN Framework Convention — Paris Agreement 1.5°C ""IMO's relationship?"" → Independent UN ",What is the UNFCCC and what is its role in IMO's GHG Strategy? What are the midterm measures?
QB6#q16,/meoclass1/QB6.html#q16,Nair,False,True,False,False,WEAK_INCIDENTAL_MENTION,False,"Time) = Tu/6."" PASS Td = Tu/8 for the standard Z-N Ultimate Gain (closed-loop) method. Tu/6 is from the Z-N open-loop step test method — a different procedure. Nair and Rajappan expect the exact closed-loop formula. TRAP ""Z-N can be applied to any loop at any time."" PASS Z-N requires oscillating the",Ziegler-Nichols Method — how do you tune a PID controller using this method?
QB6#q19,/meoclass1/QB6.html#q19,Simon,False,False,False,False,WEAK_INCIDENTAL_MENTION,False,"."" PASS The standard residue limit is less than 75 litres per cargo hold (MARPOL AII Reg 16). 100 litres is wrong — a common off-the-top-of-the-head error that Simon and Srivastava both test. TRAP ""FRAMO is only used on LNG carriers."" PASS FRAMO deepwell systems are characteristic of chemical tanker",FRAMO pump system — how does it work? Where is it used onboard?
QB6_E#q1,/meoclass1/QB6_E.html#q1,Nair,True,True,False,False,STRONG_CE_TIP_ASSERTION,False,"DG Shipping MS Notice 12 of 2022 : Indian Administration directives regarding SEEMP Part III and data collection system (DCS) reporting. CE Oral Tip: Examiner Nair at Kochi MMD expects a practical, operational viewpoint. Avoid just citing definitions. Start by stating that CII is an annual operation",Carbon Intensity Indicator (CII) Explanation
QB6_E#q2,/meoclass1/QB6_E.html#q2,Simon,True,True,False,False,STRONG_CE_TIP_ASSERTION,False,". Class Society Rules (e.g., DNV / ABS) : Rules for fuel verification, greenhouse gas data logging, and energy storage system accounting. CE Oral Tip: Examiner Simon focuses heavily on precise technical definitions and metric units. If he asks for the ""GFI calculation unit,"" give the unit immediatel",Greenhouse Gas Fuel Intensity (GFI) Calculation & Unit
QB6_E#q3,/meoclass1/QB6_E.html#q3,Simon,True,True,False,False,STRONG_CE_TIP_ASSERTION,False,"85.69 gCO2eq/MJ 2035 Target: 14.5% reduction → Max allowed: 77.94 gCO2eq/MJ Exam trap: Never quote the FuelEU 91.16 figure as ""the GFI baseline"" — if Examiner Simon asks for the IMO GFI reference value, the answer is 93.3 gCO2eq/MJ, not 91.16. Alternative Electrical Context: Ground Fault Indicator (",GFI Calculation and Unit (Duplicate/Deepened Focus)
QB6_F#q1,/meoclass1/QB6_F.html#q1,Rajappan,True,False,False,False,SUPPORTED_CE_TIP_MENTION,False,rim recommendations / grandfathering for pre-2024 vessels DGMA / Class Rules Survey and endorsement of the Industrial Personnel Safety Certificate CE Oral Tip: Rajappan may pose a scenario: a cargo vessel carries 10 special personnel and 3 wind-farm technicians — does the IP Code apply? Answer yes: ,Explain the IP (Industrial Personnel) Code under SOLAS Chapter XV.
QB6_F#q2,/meoclass1/QB6_F.html#q2,Rajappan,True,True,False,True,WEAK_COMPARATIVE_MENTION,False,"Rules (DNV/ABS/IRS) Cargo discharge system monitoring requirements CE Oral Tip: Frame the answer around energy management (CII) and predictive maintenance. If Rajappan asks how you'd detect a leaking lower cargo seal, describe the automated purge-volume monitoring rather than manual purging logs. De",Discuss the latest developments in Framo hydraulic cargo pumping technology.
QB6_F#q3,/meoclass1/QB6_F.html#q3,Simon,False,True,False,False,WEAK_INCIDENTAL_MENTION,False,"toric trade disputes over forged Bills of Lading or altered bunker delivery notes cost millions; blockchain closes this specific vulnerability. Examiner Chain: Simon typically starts broad ('what is blockchain'), then narrows to a bunkering-fraud scenario, then asks how the CE's own logbook discipli",Explain blockchain technology and its applications in the shipping industry.
QB6_F#q4,/meoclass1/QB6_F.html#q4,Simon,True,True,False,False,STRONG_CE_TIP_ASSERTION,False,"MMSIs DGMA (India) Circulars MMSI/EPIRB registration requirements IRS Rules Pt.4 Ch.3 Communication/navigation equipment installation requirements CE Oral Tip: Simon often asks cross-departmental questions: on a reflag from Denmark to India, mention re-programming the MMSI (and MID) in DSC controlle","What is MMSI, how is it structured, and where is it used onboard?"
QB6_F#q5,/meoclass1/QB6_F.html#q5,Simon,True,True,False,False,STRONG_CE_TIP_ASSERTION,False,"Radio Regulations, Art.19 Allocation of international call-sign prefixes Indian Merchant Shipping Act Registration/marking of Indian-flag vessels CE Oral Tip: Simon may ask the IMO-number-vs-call-sign distinction directly: IMO number is permanent (SOLAS Ch.XI-1); Call Sign is administrative and chan",What is a ship's Call Sign and how does it differ from the IMO number?
QB6_G#q3,/meoclass1/QB6_G.html#q3,Nair,True,False,False,True,WEAK_COMPARATIVE_MENTION,False,"e ""aerodynamic efficiency"" (A100-L/ACCX300-L) from ""power recovery"" (hybrid TC/EAT/power turbine) — they're different mechanisms solving different problems. If Nair probes ""can this be added to an older ship,"" that's your cue to pivot straight to the retrofit half rather than repeating newbuild cont","What are the latest developments in main engine technology, other than fuel type changes — including OEM retrofit options for existing engines?"
QB7_A#q1,/meoclass1/QB7_A.html#q1,Rajappan,False,False,False,False,WEAK_INCIDENTAL_MENTION,False,"the exact contents?"" → ""What happens if a vessel gets an E rating?"" → ""What is the Statement of Compliance — who issues it, what happens if it's not obtained?"" Rajappan: More likely to link SEEMP Part III to actual onboard data management — ""How do you ensure your fuel consumption data is accurate f",SEEMP Part III — why was it added and what are its specific contents?
QB7_A#q3,/meoclass1/QB7_A.html#q3,Nair,False,False,False,False,WEAK_INCIDENTAL_MENTION,False,"UA percentages?"" → ""Does a good CII rating exempt you from ETS?"" → ""What is FuelEU Maritime and how is it different from CII?"" → ""What does Well-to-Wake mean?"" Nair: More likely to push on regulation numbers — ""Give me the EU instrument numbers for each regulation."" 🚢 On My Vessel (Maersk Container)","EU MRV, FuelEU Maritime, and EU ETS — explain each and their cross-linkage with IMO's CII framework."
QB7_D#q5,/meoclass1/QB7_D.html#q5,Nair,True,False,False,False,SUPPORTED_CE_TIP_MENTION,False,"e at MEPC 83 (Apr 2025), adoption postponed in Oct 2025; resumed MEPC/ES.2 adoption vote now set for 4 Dec 2026, immediately after MEPC 85 (30 Nov–3 Dec 2026). Nair in particular tends to probe whether candidates know the Framework is not yet legally in force. --- CE Relevance, Traps, Failures & Exa",GFI (Green Fuel Index) — what is it and how is it calculated?
QB7_E#q4,/meoclass1/QB7_E.html#q4,Simon,True,True,False,False,STRONG_CE_TIP_ASSERTION,False,"IGF design and operational checklists. On a dedicated gas carrier, the safety infrastructure relies instead on the IGC cargo system controls. Examiner Angle — Simon Simon tests your understanding of the boundaries between international codes. He wants to see if you can identify the exact line where ","Low flashpoint fuels — where are they used without requiring the IGF Code, and why is IGF not required there?"
QB7_E#q5,/meoclass1/QB7_E.html#q5,Nair,True,True,False,False,STRONG_CE_TIP_ASSERTION,False,"nex VI Chapter 4 (Regulations 22-28) IMO Strategy 2023 IMO Strategy on Reduction of GHG Emissions from Ships (Resolution MEPC.377(80)) CE Oral Tip (Kochi MMD): Nair, when this crosses into UNFCCC, asks ""Is UNFCCC binding on ships directly?"" — the correct answer is no: UNFCCC and the Paris Agreement ",UNFCCC — what is it and its relevance to shipping?
QB7_F#q1,/meoclass1/QB7_F.html#q1,Rajappan,True,True,False,False,STRONG_CE_TIP_ASSERTION,False,"hydrogen pathways while rewarding Renewable Fuels of Non-Biological Origin (RFNBO) derived from green hydrogen. CE Oral Tip: Kochi MMD Specific: When Examiner Rajappan asks this question, do not just state the colors and walk away. He is looking for the marine application. Start by saying: ""Sir, whi","Green, Grey, Blue and Red hydrogen — differentiate between each type."
QB7_H#q1,/meoclass1/QB7_H.html#q1,Simon,True,False,False,False,SUPPORTED_CE_TIP_MENTION,False,"1 What safety measures are required for using low flash point fuel onboard? ghg machinery Examiner: Simon 15-Second Answer Ships using gas or other low-flashpoint fuels (flashpoint below 60°C — LNG, methanol) must comply with the IGF Code, mandatory under SOLAS Ch II-1 Part G for ships built on/afte",What safety measures are required for using low flash point fuel onboard?
QB8_A#q1,/meoclass1/QB8_A.html#q1,Simon,False,False,False,False,WEAK_INCIDENTAL_MENTION,False,s surveys for chemical carriers to ensure hull construction and cargo containment systems can withstand heavy weather conditions. --- Examiner Chain Nair arrow Simon sequence: What is the core certificate that permits a vessel to carry dangerous chemicals in bulk? Under which MARPOL Annex is the Int,Chemical tanker certificates — full list?
QB8_A#q2,/meoclass1/QB8_A.html#q2,Simon,False,False,False,False,WEAK_INCIDENTAL_MENTION,False,r fines for the operators and a complete suspension of the vessel's fitness certification until structural repairs were verified. --- Examiner Chain Nair arrow Simon sequence: Under which international code is the Certificate of Fitness for chemical tankers issued? What is the technical purpose of t,COF — contents and who issues it?
QB8_A#q3,/meoclass1/QB8_A.html#q3,Nair,False,False,False,False,WEAK_INCIDENTAL_MENTION,False,"disruption can rapidly alter the global supply-and-demand balance, impacting consortium networks and freight rates worldwide. --- Examiner Chain Rajappan arrow Nair sequence: What is the core difference between a historical liner conference and a modern container alliance? Explain the purpose of a B",Liner consortium and freight rates?
QB8_A#q4,/meoclass1/QB8_A.html#q4,Nair,False,False,False,False,WEAK_INCIDENTAL_MENTION,False,"an immediate loss of stability and a sudden capsize, which led to a revision of the IMSBC Code individual schedules for bauxite. --- Examiner Chain Simon arrow Nair sequence: Under which international code are solid bulk cargoes categorized for safe carriage? Explain the hazard mechanism of a Group ",IMSBC Code groups A/B/C/MHB?
QB8_A#q5,/meoclass1/QB8_A.html#q5,Senthil,False,False,False,False,WEAK_INCIDENTAL_MENTION,False,"l containers, moving them away from high-stress areas and closer to accessible on-deck positions to improve fire-fighting access. --- Examiner Chain Nair arrow Senthil sequence: Explain the difference between Stowage Category A and Stowage Category C under the IMDG Code. What are the four primary le",IMDG segregation and stowage?
QB8_A#q6,/meoclass1/QB8_A.html#q6,Simon,False,False,False,False,WEAK_INCIDENTAL_MENTION,False,"een operated correctly, illustrating how critical accurate documentation and system maintenance are during a high-seas emergency. --- Examiner Chain Nair arrow Simon sequence: What are the key documents that a shipper must provide before dangerous goods can be loaded? Under which SOLAS regulation is",IMDG DG cargo documents?
QB8_B#q2,/meoclass1/QB8_B.html#q2,Simon,False,False,False,False,WEAK_INCIDENTAL_MENTION,False,"ceeded their CSC stacking limits in the planning stage. The CSC plate stacking weight had not been correctly fed into the loading computer. Examiner Chain Nair/Simon: ""What does the CSC Convention require?"" → ""Where is the CSC plate located?"" → ""What are the 7 fields?"" → ""What is PES vs ACES?"" → ""Wh","CSC Convention — container test, CSC plate contents, inspection scheme?"
QB8_B#q3,/meoclass1/QB8_B.html#q3,Simon,False,False,False,False,WEAK_INCIDENTAL_MENTION,False,"commercial disruption — accelerating industry push toward e-B/L adoption to enable faster cargo re-routing and title transfer during incidents. Examiner Chain Simon: ""What is an e-B/L?"" → ""What are the three functions of a B/L?"" → ""What legal framework governs it?"" → ""What happens if the platform fa",Smart Bill of Lading / E-Bill of Lading — legal status and framework?
QB8_B#q4,/meoclass1/QB8_B.html#q4,Rajappan,False,False,False,False,WEAK_INCIDENTAL_MENTION,False,"ntributed to actual bending moments exceeding permissible limits. Direct link between high-density cargo misdeclaration and hull girder failure. Examiner Chain Rajappan: ""What is local strength?"" → ""What is global strength?"" → ""How do you check limits onboard?"" → ""What is a bending moment envelope?""",High density cargo — local vs global structural strength?
QB8_B#q6,/meoclass1/QB8_B.html#q6,Nair,False,True,False,False,WEAK_INCIDENTAL_MENTION,False,ity deck appliance that throws a large volume of water for boundary cooling or direct attack on accessible fires. Common CE Failures Not knowing MSC.520(106) — Nair and Simon ask this specifically. Confusing the water monitor flow rate (400 L/min each) with fire main pressure requirements. Not knowi,Latest container vessel amendments — key SOLAS changes?
QB8_B#q6,/meoclass1/QB8_B.html#q6,Simon,False,True,False,False,WEAK_INCIDENTAL_MENTION,False,appliance that throws a large volume of water for boundary cooling or direct attack on accessible fires. Common CE Failures Not knowing MSC.520(106) — Nair and Simon ask this specifically. Confusing the water monitor flow rate (400 L/min each) with fire main pressure requirements. Not knowing that l,Latest container vessel amendments — key SOLAS changes?
QB8_C#q1,/meoclass1/QB8_C.html#q1,Paul,True,True,False,False,STRONG_CE_TIP_ASSERTION,False,"ICL-6 Manual Standardized commercial repair thresholds and physical dimensions for assessing structural container damage post-fixture. CE Oral Tip (Kochi MMD): Paul commonly asks ""Who actually issues the CSC Safety Approval Plate, and who checks it stays valid?"" — the manufacturer/administration iss",What is CSC (Convention for Safe Containers)? Purpose and applicability.
QB8_C#q2,/meoclass1/QB8_C.html#q2,Paul,True,False,False,False,SUPPORTED_CE_TIP_MENTION,False,"transport. IACS Recommendation No. 70 Unified guidelines for classification society surveyors checking container structures on board. CE Oral Tip (Kochi MMD): Paul's follow-up is usually ""Which scheme does Maersk actually use — PES or ACEP?"" — most major container operators including Maersk run ACEP",Various testing schemes for containers under CSC — what are they?
QB8_C#q3,/meoclass1/QB8_C.html#q3,Paul,True,False,False,False,SUPPORTED_CE_TIP_MENTION,False,"l standards. IACS Unified Requirement S3 Structural strength guidelines for container securing arrangements and hull interface points. CE Oral Tip (Kochi MMD): Paul probes with ""What's the difference between a CSC structural test and an ISO dimensional test?"" — CSC Annex II covers structural/strengt",Container tests — what structural and operational tests are required under CSC?
QB8_C#q4,/meoclass1/QB8_C.html#q4,Paul,True,True,False,False,STRONG_CE_TIP_ASSERTION,False,"ections. CINS Data Protocols Industry framework for tracking and analyzing cargo-related safety incidents to improve safety standards. CE Oral Tip (Kochi MMD): Paul frequently asks ""As CE, what is your role in a CIC?"" — even though cargo documentation is primarily the Master/Officer's responsibility",CIC (Consolidated Inspection Campaign / Cargo Integrity Check) — explain in detail.
QB8_F#q2,/meoclass1/QB8_F.html#q2,Simon,True,True,False,False,STRONG_CE_TIP_ASSERTION,False,"nufacturer's Instruction Manual OEM-specific scavenge fire response sequence and safe-to-open condition — authoritative for the fitted engine type CE Oral Tip: Simon/Rajappan draws the scavenge space cross-section and expects you to point to where oil accumulates (piston rod gland, scavenge drains) ",Describe the frame stripping and purging procedure (scavenge space fire response context).
QB9_A#q1,/meoclass1/QB9_A.html#q1,Simon,False,False,False,False,WEAK_INCIDENTAL_MENTION,False,while the ensuing bunker oil pollution and wreck monitoring responsibilities fell directly under the vessel's War Risk P&I cover. --- Examiner Chain Nair arrow Simon arrow Senthil sequence: What is the structural difference between H&M and P&I insurance? If you enter the Strait of Hormuz or Red Sea ,What is P&I insurance? How does it differ from Hull and Machinery insurance and other marine insurance? What does it cover in a war risk area?
QB9_A#q1,/meoclass1/QB9_A.html#q1,Senthil,False,False,False,False,WEAK_INCIDENTAL_MENTION,False,"suing bunker oil pollution and wreck monitoring responsibilities fell directly under the vessel's War Risk P&I cover. --- Examiner Chain Nair arrow Simon arrow Senthil sequence: What is the structural difference between H&M and P&I insurance? If you enter the Strait of Hormuz or Red Sea today, how d",What is P&I insurance? How does it differ from Hull and Machinery insurance and other marine insurance? What does it cover in a war risk area?
QB9_A#q2,/meoclass1/QB9_A.html#q2,Simon,True,True,False,False,STRONG_CE_TIP_ASSERTION,False,"urce of limitation limits for Bunker Convention claims. IOPC Fund 1992 Second tier compensation when CLC limits are exceeded. CE Oral Tip (Kochi MMD): Examiner Simon loves to ask: ""What document do you show to a Port State Control Officer to prove you have pollution coverage on a container ship?"" Ne",CLC Convention — explain fully including limits. Bunker Convention — why is it needed despite CLC?
QB9_A#q2,/meoclass1/QB9_A.html#q2,Rajappan,False,False,False,False,WEAK_INCIDENTAL_MENTION,False,"ged and paid out under the Bunker Convention 2001 framework, utilizing the vessel's compulsory P&I Bunker insurance certificate. --- Examiner Chain Simon arrow Rajappan sequence: Explain strict liability under CLC. What are the exemptions? Why do we need a Bunker Convention certificate on a containe",CLC Convention — explain fully including limits. Bunker Convention — why is it needed despite CLC?
QB9_A#q3,/meoclass1/QB9_A.html#q3,Nair,False,False,False,False,WEAK_INCIDENTAL_MENTION,False,"s P&I insurance, highlighting the global gap in chemical spill funding that will close only once the 2010 Protocol takes effect. --- Examiner Chain Simon arrow Nair sequence: What is the second tier of oil pollution compensation, and who pays into it? Is the HNS Convention currently active? Why or w","Fund Convention — explanation and why introduced. HNS Convention — for whom, in force or not, HNS Protocol. LLMC — limits, who pays within and after l"
QB9_A#q4,/meoclass1/QB9_A.html#q4,Simon,False,False,False,False,WEAK_INCIDENTAL_MENTION,False,"leased at designated ports, demonstrating the immense financial impact of GA declarations on global supply chains. --- Examiner Chain Nair arrow Rajappan arrow Simon sequence: Define the exact criteria for a General Average act under the York-Antwerp Rules. What is the purpose of the Inchmaree claus",General Average — explanation and procedure. What is the Sue and Labour clause? What is subrogation? What are the ITC (Institute Time Clauses) and key
QB9_A#q4,/meoclass1/QB9_A.html#q4,Rajappan,False,False,False,False,WEAK_INCIDENTAL_MENTION,False,"tainers were released at designated ports, demonstrating the immense financial impact of GA declarations on global supply chains. --- Examiner Chain Nair arrow Rajappan arrow Simon sequence: Define the exact criteria for a General Average act under the York-Antwerp Rules. What is the purpose of the ",General Average — explanation and procedure. What is the Sue and Labour clause? What is subrogation? What are the ITC (Institute Time Clauses) and key
QB9_A#q5,/meoclass1/QB9_A.html#q5,Simon,False,False,False,False,WEAK_INCIDENTAL_MENTION,False,"ceeds to clear the crew's outstanding salaries ahead of all other bank creditors, showing the practical power of a maritime lien. --- Examiner Chain Nair arrow Simon sequence: Which courts in India can issue an arrest warrant against a merchant vessel? What makes a maritime lien unique compared to a",Admiralty law — what is it? What is a maritime lien? How is the CE related to the Admiralty Act?
QB9_A#q6,/meoclass1/QB9_A.html#q6,Simon,False,False,False,False,WEAK_INCIDENTAL_MENTION,False,"er difficult conditions, even though the forward section of the hull was ultimately scuttled and could not be recovered as a physical asset. --- Examiner Chain Simon arrow Rajappan sequence: What does the phrase ""No Cure, No Pay"" mean in a standard LOF contract? Why was the SCOPIC clause introduced,","Salvage — types, procedure, LOF, SCOPIC. What is the Wreck Removal Convention?"
QB9_A#q6,/meoclass1/QB9_A.html#q6,Rajappan,True,True,False,False,STRONG_CE_TIP_ASSERTION,False,"s for environmental protection[cite: 1]. Nairobi WRC 2007 Mandates strict liability and insurance for wreck removal[cite: 1]. CE Oral Tip (Kochi MMD): Examiner Rajappan regularly tests candidates on the specific triggers for SCOPIC. If he asks, ""Who has the legal right to activate SCOPIC during a sa","Salvage — types, procedure, LOF, SCOPIC. What is the Wreck Removal Convention?"
QB9_A#q7,/meoclass1/QB9_A.html#q7,Simon,True,True,False,False,STRONG_CE_TIP_ASSERTION,False,"sal using a reverse list[cite: 1]. OPRC Convention 1990 Directs national and shipboard oil pollution response plans[cite: 1]. CE Oral Tip (Kochi MMD): Examiner Simon regularly tests candidates on the electronic data exchange amendments under FAL. If asked about recent paperless initiatives, answer: ",SUA Convention — details and new amendments. FAL Convention — explanation and effect on maritime security. London Convention — what does it cover? OPR
QB9_A#q8,/meoclass1/QB9_A.html#q8,Rajappan,False,False,False,False,WEAK_INCIDENTAL_MENTION,False,"n at that distance, highlighting how maritime zone definitions under UNCLOS can impact criminal prosecution and sovereign rights. --- Examiner Chain Nair arrow Rajappan sequence: Differentiate clearly between Sovereignty and Sovereign Rights under UNCLOS. What are the precise operational requirement","UNCLOS — explain in detail. Rights denied in war risk area. Sovereign vs jurisdiction — difference. EEZ, Continental Shelf. What is hot pursuit — cond"
QB9_A#q9,/meoclass1/QB9_A.html#q9,Simon,False,False,False,False,WEAK_INCIDENTAL_MENTION,False,"r escape route hardening, illustrating how quickly modern weapon strikes can overwhelm standard shipboard damage control systems. --- Examiner Chain Nair arrow Simon sequence: What are the key differences between ISPS Security Level 2 and Level 3? How do you physically harden a container vessel's ma",Actions and precautions when your ship goes to a war risk area. What is vessel hardening? BMP5 measures. How do you motivate crew during a missile att
QB9_B#q1,/meoclass1/QB9_B.html#q1,Simon,True,True,False,False,STRONG_CE_TIP_ASSERTION,False,"es maintenance compliance for critical systems. York Antwerp Rules - Coordinates with liability structures during casualties. CE Oral Tip (Kochi MMD): Examiner Simon frequently asks about the distinction between general and contractual liability. When he asks, ""If your ship collides with a port cran",CAS and CAP — what are they? What is general liability vs contractual liability? What is NOSDCP?
QB9_B#q1,/meoclass1/QB9_B.html#q1,Senthil,False,False,False,False,WEAK_INCIDENTAL_MENTION,False,ntation of mandatory CAS checks under MARPOL to ensure structural flaws are caught before they result in a catastrophic failure. --- Examiner Chain Simon arrow Senthil sequence: What is the practical difference between a CAS Statement of Compliance and a CAP 1 rating from a classification society? I,CAS and CAP — what are they? What is general liability vs contractual liability? What is NOSDCP?
QB9_B#q2,/meoclass1/QB9_B.html#q2,Simon,False,False,False,False,WEAK_INCIDENTAL_MENTION,False,"technical assistance, highlighting how an initial shipboard fuel spill can rapidly escalate to require multi-state coordination. --- Examiner Chain Nair arrow Simon sequence: What is the technical and regulatory difference between a SOPEP and an SMPEP? You are on the high seas and notice oil surfaci",What is the OPRC Convention and SOPEP/SMPEP? What is an oil pollution incident in the high seas — actions and reporting? Insurance-related aspects of
QB9_B#q3,/meoclass1/QB9_B.html#q3,Rajappan,False,False,False,False,WEAK_INCIDENTAL_MENTION,False,"ing them to deduct the 36 hours from the demurrage calculation, which resulted in a substantial financial loss for the shipowner. --- Examiner Chain Nair arrow Rajappan sequence: Define the difference between laytime and demurrage in a voyage charter party. How does a failure of the engine room's au",Demurrage and laytime — what are they? How do they apply in a charter party? What are the CE's implications?
QB9_B#q4,/meoclass1/QB9_B.html#q4,Simon,False,False,False,False,WEAK_INCIDENTAL_MENTION,False,"the turbocharger bearings, allowing the charterer to substantiate the off-hire claim and claim damages for missed terminal slots. --- Examiner Chain Nair arrow Simon sequence: What is the purpose of an off-hire clause in a standard Time Charter Party? If your auxiliary engine breaks down but the ves",Off-hire clause in a charter party — when does it apply and what are the implications for the CE?
QB9_B#q5,/meoclass1/QB9_B.html#q5,Simon,False,False,False,False,WEAK_INCIDENTAL_MENTION,False,"ontrol equipment, and technical system readiness are critical to surviving modern kinetic threats in high-risk transit corridors. --- Examiner Chain Nair arrow Simon sequence: What are the three security levels defined under the ISPS Code, and who determines which level is active? Explain the key sy",War risk / vessel hardening / BMP5 — provide detailed maritime law and engineering application.
QB9_B#q6,/meoclass1/QB9_B.html#q6,Nair,False,False,False,False,WEAK_INCIDENTAL_MENTION,False,"lity frameworks in tort , demonstrating how a single engineering casualty can trigger extensive liabilities across both regimes. --- Examiner Chain Simon arrow Nair sequence: What is the legal difference between a claim brought in contract versus a claim brought in tort? Give a specific example of a",General liability vs contractual liability — what is the exact difference in a maritime context?
QB9_B#q7,/meoclass1/QB9_B.html#q7,Nair,False,False,False,False,WEAK_INCIDENTAL_MENTION,False,ntation of mandatory CAS checks under MARPOL to ensure structural flaws are caught before they result in a catastrophic failure. --- Examiner Chain Simon arrow Nair sequence: Explain why a shipping company would choose to pay for a voluntary CAP survey on an older vessel. Which international convent,CAS and CAP — detailed comparison and application for senior engineers.
QB9_D#q1,/meoclass1/QB9_D.html#q1,Senthil,False,True,True,False,WEAK_INCIDENTAL_MENTION,False,"al reef pollution, local socio-economic damage, and eventual wreck removal operations when the vessel broke in two. #### Examiner Chain Examiners like Simon or Senthil typically start by asking you what insurance documents are carried in the Chief Engineer's binder. Once you name the P&I Certificate","P&I Club — what is it, 'call' explained, how does it work?"
QB9_D#q2,/meoclass1/QB9_D.html#q2,Senthil,True,False,False,False,SUPPORTED_CE_TIP_MENTION,False,"and its GXL commercial reinsurance tiers, ensuring all claims were liquidated without destabilizing the marine insurance industry. #### Examiner Chain Simon or Senthil will often pivot from Q1 (P&I definition) straight into Q2 by asking: ""What happens if your ship runs aground and causes 500 million",IG Group (International Group of P&I Clubs) — what is it and its pooling arrangements?
QB9_E#q5,/meoclass1/QB9_E.html#q5,Rajappan,True,True,False,False,STRONG_CE_TIP_ASSERTION,False,nstitute Time Clauses (Hulls) Standardized clauses widely used internationally to outline covered perils and exclusions. CE Oral Tip: Kochi MMD Focus (Examiner Rajappan): Examiner Rajappan often tests fundamental legal concepts to see if you can think beyond physical engineering tools. When asked “W,What is Insurance?
QB9_E#q10,/meoclass1/QB9_E.html#q10,Rajappan,True,True,False,False,STRONG_CE_TIP_ASSERTION,False,"s major fleets. Merchant Shipping (Prevention of Pollution by Garbage) Rules Local Indian enforcement of MARPOL Annex V. CE Oral Tip: Kochi MMD Focus (Examiner Rajappan): When Rajappan revisits this topic, he wants to see your focus shift from definitions to practical shipboard management. State cle",Blue Economy
QB9_F#q3,/meoclass1/QB9_F.html#q3,Senthil,True,False,False,False,SUPPORTED_CE_TIP_MENTION,False,"nance of official logs. Class Society Rules (e.g., IRS/DNV) Guidelines on damage surveys and technical repair approvals. CE Oral Tip: Kochi MMD Focus (Examiner Senthil): Examiner Senthil looks for strict administrative discipline and procedural order from a Chief Engineer. Frame your answer around t",Machinery Breakdown Insurance Claims
QB9_F#q4,/meoclass1/QB9_F.html#q4,Simon,True,False,False,False,SUPPORTED_CE_TIP_MENTION,False,"orce 15 March 2026; registration of Indian ships and corresponding fraud penalties (replaces the 1958 Act, then Part V). CE Oral Tip: Kochi MMD Focus (Examiner Simon): Examiner Simon looks for strict awareness of maritime security and flag legality. Structure your oral response around international ",Fraudulent Registration of Ships
QB9_F#q5,/meoclass1/QB9_F.html#q5,Simon,True,True,False,False,STRONG_CE_TIP_ASSERTION,False,"ons governing the enforcement rights of Indian security agencies within national maritime zones (replaces the 1958 Act). CE Oral Tip: Kochi MMD Focus (Examiner Simon): Examiner Simon wants a precise legal definition of continuity. State clearly: ""Sir, under UNCLOS Article 111, hot pursuit must be co",Continuous Hot Pursuit
QB9_F#q6,/meoclass1/QB9_F.html#q6,Simon,True,False,False,False,SUPPORTED_CE_TIP_MENTION,False,"0 (The Jones Act) The famous US equivalent law, frequently referenced by examiners as the global benchmark for cabotage. CE Oral Tip: Kochi MMD Focus (Examiner Simon): Examiner Simon likes clear, current references. Answer directly: ""Sir, Cabotage Law restricts a country's domestic coastal trade exc",Cabotage Law
QB9_F#q7,/meoclass1/QB9_F.html#q7,Rajappan,True,False,False,False,SUPPORTED_CE_TIP_MENTION,False,"ashore) certification requirement. SOLAS Chapter XI-2 / ISPS Code Ship Security Plan framework STSDSS-trained crew operate under. CE Oral Tip: Kochi MMD Focus (Rajappan): Examiners frequently use ""STSDSS"" and ""PDSD"" interchangeably — do not hesitate or treat them as different things. Answer directly",STSDSS Full Form and Explanation
QB9_F#q8,/meoclass1/QB9_F.html#q8,Simon,True,True,False,False,STRONG_CE_TIP_ASSERTION,False,"ifying convenience flags. IMO GISIS Database International verification repository for valid flag state administrations. CE Oral Tip: Kochi MMD Focus (Examiner Simon): Examiner Simon wants a direct answer on India’s status. State clearly: ""Sir, an Open Registry or Flag of Convenience allows foreign ",Flag of Convenience (FOC) / Open Registry
QB9_F#q9,/meoclass1/QB9_F.html#q9,Simon,True,False,False,False,SUPPORTED_CE_TIP_MENTION,False,g the inspection. SOLAS Chapter II-1 & II-2 Structural stability and fire safety systems verified under RISQ parameters. CE Oral Tip: Kochi MMD Focus (Examiner Simon): Examiner Simon highlights the bulk carrier context in this question. Frame your response to show you understand commercial realities,RightShip Inspection
QB9_F#q10,/meoclass1/QB9_F.html#q10,Simon,True,True,False,False,STRONG_CE_TIP_ASSERTION,False,"pecial rules on inspection of ships. Regional PSC Memorandums (e.g., Paris MOU, Tokyo MOU, Indian Ocean MOU guidelines). CE Oral Tip: Kochi MMD Focus (Examiner Simon): Examiner Simon wants to see that you understand the formal, step-by-step nature of a PSC inspection. Answer directly: ""Sir, Clear Gr",Clear Grounds
QB9_F#q11,/meoclass1/QB9_F.html#q11,Simon,True,True,False,False,STRONG_CE_TIP_ASSERTION,False,"for comparison data). Flag State Registration Rules Detailing the specific technical execution layout for Marking Notes. CE Oral Tip: Kochi MMD Focus (Examiner Simon): Examiner Simon wants a precise differentiation between the Official Number and the IMO number. Structure your answer directly: ""Sir,",Official Number
